Prefix,Last,First,Suffix,FilingType,StateDst,Year,FilingYear,FilingDate,DocID,DisclosureType,IndexYear
HONORABLE,PELOSI,NANCY,,O,CA08,2012,2011,5/15/2012,8205631,FD,2012
Hon.,Pelosi,Nancy,,A,CA12,2013,,3/26/2015,9106227,,2013
Hon.,Pelosi,Nancy,,A,CA12,2013,,7/7/2015,10008188,,2013
HONORABLE,PELOSI,NANCY,,O,CA12,2013,,5/15/2013,9102968,,2013
Ms.,Pelosi,Nancy,,O,CA12,2013,,5/15/2014,10000512,,2013
Ms.,Pelosi,Nancy,,P,CA12,2013,,4/16/2014,8214491,,2013
Hon.,Pelosi,Nancy,,A,CA12,2014,,7/7/2015,10008154,,2014
Hon.,Pelosi,Nancy,,A,CA12,2014,,7/7/2015,10008189,,2014
Hon.,Pelosi,Nancy,,O,CA12,2014,,5/15/2015,10005768,,2014
Hon.,Pelosi,Nancy,,P,CA12,2014,,12/17/2014,20002236,,2014
Ms.,Pelosi,Nancy,,P,CA12,2014,,11/5/2014,20001991,,2014
Hon.,Pelosi,Nancy,,A,CA12,2015,,6/3/2016,10012829,,2015
Hon.,Pelosi,Nancy,,O,CA12,2015,,5/16/2016,10010857,,2015
Hon.,Pelosi,Nancy,,P,CA12,2015,,1/12/2015,20002351,,2015
Hon.,Pelosi,Nancy,,P,CA12,2015,,7/7/2015,20003320,,2015
Hon.,Pelosi,Nancy,,P,CA12,2015,,7/28/2015,20003475,,2015
Hon.,Pelosi,Nancy,,O,CA12,2016,,5/15/2017,10015814,,2016
Hon.,Pelosi,Nancy,,P,CA12,2016,,2/2/2016,20004503,,2016
Hon.,Pelosi,Nancy,,P,CA12,2016,,2/17/2016,20004596,,2016
Hon.,Pelosi,Nancy,,P,CA12,2016,,5/24/2016,20005096,,2016
Hon.,Pelosi,Nancy,,P,CA12,2016,,8/17/2016,20005689,,2016
Hon.,Pelosi,Nancy,,O,CA12,2017,,5/14/2018,10020995,,2017
Hon.,Pelosi,Nancy,,P,CA12,2017,,2/6/2017,20006683,,2017
Hon.,Pelosi,Nancy,,P,CA12,2017,,2/14/2017,20006735,,2017
Hon.,Pelosi,Nancy,,P,CA12,2017,,7/20/2017,20007655,,2017
Hon.,Pelosi,Nancy,,O,CA12,2018,,5/15/2019,10026982,,2018
Hon.,Pelosi,Nancy,,P,CA12,2018,,1/10/2018,20008699,,2018
Hon.,Pelosi,Nancy,,P,CA12,2018,,2/26/2018,20009030,,2018
Hon.,Pelosi,Nancy,,P,CA12,2018,,4/16/2018,20009293,,2018
Hon.,Pelosi,Nancy,,P,CA12,2018,,9/6/2018,20009481,,2018
Hon.,Pelosi,Nancy,,P,CA12,2018,,10/25/2018,20010452,,2018
Hon.,Pelosi,Nancy,,P,CA12,2018,,11/8/2018,20010631,,2018
Hon.,Pelosi,Nancy,,O,CA12,2019,,8/13/2020,10035243,,2019
Hon.,Pelosi,Nancy,,P,CA12,2019,,3/11/2019,20011279,,2019
Hon.,Pelosi,Nancy,,P,CA12,2019,,7/11/2019,20011965,,2019
Hon.,Pelosi,Nancy,,P,CA12,2019,,8/13/2019,20012127,,2019
Hon.,Pelosi,Nancy,,P,CA12,2019,,9/18/2019,20012288,,2019
Hon.,Pelosi,Nancy,,P,CA12,2019,,9/19/2019,20012343,,2019
Hon.,Pelosi,Nancy,,X,CA12,2019,,4/15/2020,30010482,,2019
Hon.,Pelosi,Nancy,,O,CA12,2020,,8/13/2021,10039988,,2020
Hon.,Pelosi,Nancy,,P,CA12,2020,,2/11/2020,20015042,,2020
Hon.,Pelosi,Nancy,,P,CA12,2020,,3/3/2020,20016155,,2020
Hon.,Pelosi,Nancy,,P,CA12,2020,,4/1/2020,20016340,,2020
Hon.,Pelosi,Nancy,,P,CA12,2020,,6/9/2020,20016726,,2020
Hon.,Pelosi,Nancy,,P,CA12,2020,,7/20/2020,20016961,,2020
Hon.,Pelosi,Nancy,,P,CA12,2020,,9/3/2020,20017123,,2020
Hon.,Pelosi,Nancy,,P,CA12,2020,,10/4/2020,20017460,,2020
Hon.,Pelosi,Nancy,,P,CA12,2020,,12/10/2020,20017834,,2020
Hon.,Pelosi,Nancy,,X,CA12,2020,,4/26/2021,30013923,,2020
Hon.,Pelosi,Nancy,,O,CA12,2021,,5/16/2022,10047356,,2021
Hon.,Pelosi,Nancy,,P,CA12,2021,,1/21/2021,20018011,,2021
Hon.,Pelosi,Nancy,,P,CA12,2021,,3/9/2021,20018355,,2021
Hon.,Pelosi,Nancy,,P,CA12,2021,,4/9/2021,20018539,,2021
Hon.,Pelosi,Nancy,,P,CA12,2021,,7/2/2021,20019004,,2021
Hon.,Pelosi,Nancy,,P,CA12,2021,,8/20/2021,20019331,,2021
Hon.,Pelosi,Nancy,,P,CA12,2021,,12/29/2021,20020106,,2021
Hon.,Pelosi,Nancy,,O,CA11,2022,,5/15/2023,10053231,,2022
Hon.,Pelosi,Nancy,,P,CA12,2022,,1/12/2022,20020208,,2022
Hon.,Pelosi,Nancy,,P,CA12,2022,,2/28/2022,20020515,,2022
Hon.,Pelosi,Nancy,,P,CA12,2022,,3/4/2022,20020561,,2022
Hon.,Pelosi,Nancy,,P,CA12,2022,,3/21/2022,20020662,,2022
Hon.,Pelosi,Nancy,,P,CA12,2022,,5/3/2022,20020916,,2022
Hon.,Pelosi,Nancy,,P,CA12,2022,,6/3/2022,20021142,,2022
Hon.,Pelosi,Nancy,,P,CA12,2022,,7/14/2022,20021374,,2022
Hon.,Pelosi,Nancy,,P,CA12,2022,,7/26/2022,20021438,,2022
Hon.,Pelosi,Nancy,,P,CA12,2022,,9/9/2022,20021675,,2022
Hon.,Pelosi,Nancy,,P,CA12,2022,,10/14/2022,20021837,,2022
Hon.,Pelosi,Nancy,,P,CA12,2022,,11/30/2022,20022063,,2022
Hon.,Pelosi,Nancy,,O,CA11,2023,,5/15/2024,10059734,,2023
Hon.,Pelosi,Nancy,,P,CA11,2023,,1/25/2023,20022320,,2023
Hon.,Pelosi,Nancy,,P,CA11,2023,,4/6/2023,20022664,,2023
Hon.,Pelosi,Nancy,,P,CA11,2023,,6/6/2023,20023080,,2023
Hon.,Pelosi,Nancy,,P,CA11,2023,,6/22/2023,20023192,,2023
Hon.,Pelosi,Nancy,,P,CA11,2023,,12/21/2023,20024186,,2023
Hon.,Pelosi,Nancy,,P,CA12,2023,,1/12/2023,20022260,,2023
Hon.,Pelosi,Nancy,,O,CA11,2024,,5/15/2025,10066169,,2024
Hon.,Pelosi,Nancy,,P,CA11,2024,,2/23/2024,20024542,,2024
Hon.,Pelosi,Nancy,,P,CA11,2024,,3/21/2024,20024625,,2024
Hon.,Pelosi,Nancy,,P,CA11,2024,,7/2/2024,20025368,,2024
Hon.,Pelosi,Nancy,,P,CA11,2024,,7/30/2024,20025535,,2024
Hon.,Pelosi,Nancy,,P,CA11,2024,,9/11/2024,20025819,,2024
Hon.,Pelosi,Nancy,,O,CA11,2025,,5/15/2026,10075701,,2025
Hon.,Pelosi,Nancy,,P,CA11,2025,,1/17/2025,20026590,,2025
Hon.,Pelosi,Nancy,,P,CA11,2025,,7/9/2025,20030630,,2025
Hon.,Pelosi,Nancy,,P,CA11,2025,,10/24/2025,20033337,,2025
Hon.,Pelosi,Nancy,,P,CA11,2026,,1/23/2026,20033725,,2026
Hon.,Pelosi,Nancy,,P,CA11,2026,,6/23/2026,20034836,,2026
Hon.,Pelosi,Nancy,,P,CA11,2026,,8/21/2026,20035143,,2026
Hon.,Pelosi,Nancy,,P,CA11,2026,,10/2/2026,20035553,,2026
