DocID,chars,text
20001991,1934,"P
erIODIc  T rANSAcTION  r ePOrT Clerk of the House of Re
presentatives • legislative Resource Center • B-106 Cannon Building • Washington, DC 20515f
Iler  I NfOrmATION Name:
Ms. Nancy Pelosi Status:
Member State/District:
Ca12 T
rANSAcTIONS ID
Owner Asset Transaction Type
Date
Notification Date
Amount
sP
alcoa Inc. (aa) s 10/23/2014 10/23/2014 $15,001 - $50,000 F
IlINg  s TaTus : New sP
Blucora, Inc. (BCoR) s 10/23/2014 10/23/2014 $1,001 - $15,000 F
IlINg  s TaTus : New sP
Broadcom Corporation - Class  a (BRCM)s 10/23/2014 10/23/2014 $1,001 - $15,000 F
IlINg  s TaTus : New sP
Dow Chemical Company (DoW) s 10/23/2014 10/23/2014 $15,001 - $50,000 F
IlINg  s TaTus : New sP
Emulex Corporation (ElX) s 10/23/2014 10/23/2014 $1,001 - $15,000 F
IlINg  s TaTus : New sP
Entropic Communications,  Inc. (ENTR)s 10/23/2014 10/23/2014 $1,001 - $15,000 F
IlINg  s TaTus : New sP
Mcgrath RentCorp (MgRC) s 09/22/2014 09/22/2014 $50,001 - $100,000 F
IlINg  s TaTus : New D
EsCRIPTIoN : Contribution of shares held personall y to The Paul & Nancy Pelosi Charitable Foundation via transfer betweenbrokerage accounts.
sP
Robert Half Internat ional Inc. (RHI)s 09/22/2014 09/22/2014 $100,001 - $250,000 F
IlINg  s TaTus : New D
EsCRIPTIoN : Contribution of shares held personall y to The Paul & Nancy Pelosi Charitable Foundation via transfer betweenbrokerage accounts.
Filing ID #20001991

sP
shutterfly, Inc. (sFlY) s 10/23/2014 10/23/2014 $15,001 - $50,000 F
IlINg  s TaTus : New sP
sunEdison, Inc. (suNE) P 10/24/2014 10/24/2014 $100,001 - $250,000 F
IlINg  s TaTus : New c
OmmeNTS I
NITIAl  P ublIc  O fferINgS n
mlkj Yes n mlkji Noc
erTIfIcATION  AND  S IgNATure g
fedcb I CERTIFY that the statements I have made on the attached Periodic Transaction Report are true, complete, and correct to thebest of my knowledge a
nd belief.Digitally Signed: 
Ms. Nancy Pelosi , 11/5/2014 ID
Owner Asset Transaction Type
Date
Notification Date
Amount
"
20002236,1308,"P
erioDic  t ranSaction  r ePort Clerk of the House of Re
presentatives • legislative Resource Center • B-106 Cannon Building • Washington, DC 20515f
iler  i nformation name:
Hon. Nancy Pelosi Status:
Member State/District:
Ca12 t
ranSactionS iD
owner asset transaction type
Date
notification Date
amount
Hertz global Holdings, Inc (
HTZ)P 11/5/2014 11/5/2014 $15,001 - $50,000 F
IlINg  s TaTus : New D
EsCRIPTION : Purchase of 50 Options Hertz global Holdings, Inc (
HTZ)P 11/6/2014 11/6/2014 $50,001 - $100,000 F
IlINg  s TaTus : New D
EsCRIPTION : Purchase of 150 Options Hertz global Holdings, Inc (
HTZ)P 11/25/2014 11/25/2014 $100,001 - $250,000 F
IlINg  s TaTus : New D
EsCRIPTION : Purchase of 200 Options Hertz global Holdings, Inc (
HTZ)P 11/28/2014 11/28/2014 $50,001 - $100,000 F
IlINg  s TaTus : New D
EsCRIPTION : Purchase of 100 Options Walt Disney Company (DIs)
P 11/28/2014 11/28/2014 $1,001 - $15,000 F
IlINg  s TaTus : New D
EsCRIPTION : Purchase of 8 Options c
ommentS i
nitial  P ublic  o fferingS n
mlkj Yes n mlkji NoFiling ID #20002236

c
ertification  anD  S ignature g
fedcb I CERTIFY that the statements I have made on the attached Periodic Transaction Report are true, complete, and correct to thebest of my knowledge a
nd belief.Digitally Signed: 
Hon. Nancy Pelosi , 12/17/2014 "
20002351,994,"P
erioDic  t ranSaction  r ePort Clerk of the House of Re
presentatives • legislative Resource Center • B-106 Cannon Building • Washington, DC 20515f
iler  i nformation name:
Hon. Nancy Pelosi Status:
Member State/District:
Ca12 t
ranSactionS iD
owner asset transaction type
Date
notification Date
amount
Visa Inc. (V)
s 12/29/2014 12/29/2014 $250,001 - $500,000 F
IlINg  s TaTus : New D
EsCRIPTION : sale of 1000 shares Visa Inc. (V)
s 12/30/2014 12/30/2014 $100,001 - $250,000 F
IlINg  s TaTus : New D
EsCRIPTION : sale of 500 shares Walt Disney Company (DIs)
P 12/10/2014 12/10/2014 $50,001 - $100,000 F
IlINg  s TaTus : New D
EsCRIPTION : Purchase of 92 Options c
ommentS i
nitial  P ublic  o fferingS n
mlkj Yes n mlkji Noc
ertification  anD  S ignature g
fedcb I CERTIFY that the statements I have made on the attached Periodic Transaction Report are true, complete, and correct to thebest of my knowledge a
nd belief.Digitally Signed: 
Hon. Nancy Pelosi , 01/12/2015 Filing ID #20002351
"
20003320,1910,"P
erioDic  t ranSaction  r ePort Clerk of the House of Re
presentatives • legislative Resource Center • 135 Cannon Building • Washington, DC 20515f
iler  i nformation name:
Hon. Nancy Pelosi Status:
Member State/District:
CA12 t
ranSactionS iD
owner asset transaction type
Date
notification Date
amount
2000005577
Hertz global Holdings, Inc ( HTZ)P 11/5/2014 11/5/2014 $15,001 - $50,000 F
IlINg  s TATus : Amended D
EsCRIPTIoN : Purchase of 50 call options with a strike price of $22 and an expiration date o f 1/15/162000005579
Hertz global Holdings, Inc ( HTZ)P 11/25/2014 11/25/2014 $100,001 - $250,000 F
IlINg  s TATus : Amended D
EsCRIPTIoN : Purchase of 200 call options with a strike price of $22 and an expiration date of 1/15/162000005578
Hertz global Holdings, Inc ( HTZ)P 11/6/2014 11/6/2014 $50,001 - $100,000 F
IlINg  s TATus : Amended D
EsCRIPTIoN : Purchase of 150 call options with a strike price of $22 and an expiration date o f 1/15/162000005581
Hertz global Holdings, Inc ( HTZ)P 11/28/2014 11/28/2014 $50,001 - $100,000 F
IlINg  s TATus : Amended D
EsCRIPTIoN : Purchase of 100 call options with a strike price of $22 and an expiration date o f 1/15/162000006116
Walt Disney Company (DIs) P 12/10/2014 12/10/2014 $50,001 - $100,000 F
IlINg  s TATus : Amended D
EsCRIPTIoN : Purchase of 92 call options with a strike price of $90 and an expiration date o f 1/15/162000005580
Walt Disney Company (DIs) P 11/28/2014 11/28/2014 $1,001 - $15,000 F
IlINg  s TATus : Amended D
EsCRIPTIoN : Purchase of 8 call options with a strike price of $90 and an expiration d ate of 1/15/16i
nitial  P ublic  o fferingS n
mlkj Yes n mlkji NoFiling ID #20003320

c
ertification  anD  S ignature g
fedcb I CERTIFY that the statements I have made on the attached Periodic Transaction Report are true, complete, and correct to thebest of my knowledge a
nd belief.Digitally Signed: 
Hon. Nancy Pelosi , 07/7/2015 "
20003475,1028,"P
erioDic  t ranSaction  r ePort Clerk of the House of Re
presentatives • legislative Resource Center • 135 Cannon Building • Washington, DC 20515f
iler  i nformation name:
Hon. Nancy Pelosi Status:
Member State/District:
Ca12 t
ranSactionS iD
owner asset transaction type
Date
notification Date
amount
Hertz global Holdings, Inc (
HTZ)P 07/15/2015 07/15/2015 $15,001 - $50,000 F
IlINg  s TaTus : New D
EsCRIPTIoN : Purchase of 42 call options with a strike price of $14 and an expiration date o f 1/15/16Hertz global Holdings, Inc (
HTZ)P 07/16/2015 07/16/2015 $100,001 - $250,000 F
IlINg  s TaTus : New D
EsCRIPTIoN : Purchase of 258 call options with a strike price of $14 and an expiration date o f 1/15/16i
nitial  P ublic  o fferingS n
mlkj Yes n mlkji Noc
ertification  anD  S ignature g
fedcb I CERTIFY that the statements I have made on the attached Periodic Transaction Report are true, complete, and correct to thebest of my knowledge a
nd belief.Digitally Signed: 
Hon. Nancy Pelosi , 07/28/2015 Filing ID #20003475
"
20004503,1209,"P
erioDic  t ranSaction  r ePort Clerk of the House of Re
presentatives • legislative Resource Center • 135 Cannon Building • Washington, DC 20515f
iler  i nformation name:
Hon. Nancy Pelosi Status:
Member State/District:
Ca12 t
ranSactionS iD
owner asset transaction type
Date
notification Date
amount
Salesforce.com Inc (CRM)
S 12/30/2015 12/30/2015 $50,001 - $100,000 F
IlINg  S TaTuS : New D
ESCRIPTIoN : Contribution of 1,084 shares held personall y to The Paul & Nancy Pelosi Charitable Foundation via transferbetween brokerage accounts.
Visa Inc. (V)
S 12/30/2015 12/30/2015 $100,001 - $250,000 F
IlINg  S TaTuS : New D
ESCRIPTIoN : Contribution of 2,000 shares held personally to The Pa ul & Nancy Pelosi Charitable Foundation via transferbetween brokerage accounts.
Visa Inc. (V)
S 12/29/2015 12/29/2015 $250,001 - $500,000 F
IlINg  S TaTuS : New D
ESCRIPTIoN : Sale of 5,000 Shares i
nitial  P ublic  o fferingS n
mlkj Yes n mlkji Noc
ertification  anD  S ignature g
fedcb I CERTIFY that the statements I have made on the attached Periodic Transaction Report are true, complete, and correct to thebest of my knowledge a
nd belief.Digitally Signed: 
Hon. Nancy Pelosi , 02/2/2016 Filing ID #20004503
"
20004596,1006,"P
erioDic  t ranSaction  r ePort Clerk of the House of Re
presentatives • legislative Resource Center • 135 Cannon Building • Washington, DC 20515f
iler  i nformation name:
Hon. Nancy Pelosi Status:
Member State/District:
Ca12 t
ranSactionS iD
owner asset transaction type
Date
notification Date
amount
apple Inc. (aaPl)
P 01/13/2016 01/13/2016 $250,001 - $500,000 F
IlINg  s TaTus : New D
EsCRIPTIoN : Purchase of 200 call options with a strike price of $90 and an expiration date o f 1/20/17Walt Disney Company (DIs)
P 01/15/2016 01/15/2016 $500,001 - $1,000,000 F
IlINg  s TaTus : New D
EsCRIPTIoN : Exercised 100 call options (10,000 shares) expiring 1/ 15/16 at a strike price of $90i
nitial  P ublic  o fferingS n
mlkj Yes n mlkji Noc
ertification  anD  S ignature g
fedcb I CERTIFY that the statements I have made on the attached Periodic Transaction Report are true, complete, and correct to thebest of my knowledge a
nd belief.Digitally Signed: 
Hon. Nancy Pelosi , 02/17/2016 Filing ID #20004596
"
20005096,1003,"P
erioDic  t ranSaction  r ePort Clerk of the House of Re
presentatives • legislative Resource Center • 135 Cannon Building • Washington, DC 20515f
iler  i nformation name:
Hon. Nancy Pelosi Status:
Member State/District:
Ca12 t
ranSactionS iD
owner asset transaction type
Date
notification Date
amount
apple Inc. (aaPl)
P 05/17/2016 05/17/2016 $100,001 - $250,000 F
IlINg  s TaTus : New D
EsCRIPTIoN : Purchase of 100 call options with a strike price of $80 and an expiration date of 6/16/17square, Inc. Class a (sQ)
P 05/17/2016 05/17/2016 $1,001 - $15,000 F
IlINg  s TaTus : New D
EsCRIPTIoN : Purchase of 50 call options with a strike price of $8 and an expiration d ate of 1/20/17i
nitial  P ublic  o fferingS n
mlkj Yes n mlkji Noc
ertification  anD  S ignature g
fedcb I CERTIFY that the statements I have made on the attached Periodic Transaction Report are true, complete, and correct to thebest of my knowledge a
nd belief.Digitally Signed: 
Hon. Nancy Pelosi , 05/24/2016 Filing ID #20005096
"
20005689,870,"P
erioDic  t ranSaction  r ePort Clerk of the House of Re
presentatives • legislative Resource Center • 135 Cannon Building • Washington, DC 20515f
iler  i nformation name:
Hon. Nancy Pelosi Status:
Member State/District:
Ca12 t
ranSactionS iD
owner asset transaction type
Date
notification Date
amount
SP
Mcgrath RentCorp (MgRC) S 07/21/2016 07/21/2016 $250,001 - $500,000 F
IlINg  S TaTuS : New D
ESCRIPTIoN : Sale of 8,000 Shares SP
Visa Inc. (V) S 07/21/2016 07/21/2016 $50,001 - $100,000 F
IlINg  S TaTuS : New D
ESCRIPTIoN : Sale of 1,250 Shares i
nitial  P ublic  o fferingS n
mlkj Yes n mlkji Noc
ertification  anD  S ignature g
fedcb I CERTIFY that the statements I have made on the attached Periodic Transaction Report are true, complete, and correct to thebest of my knowledge a
nd belief.Digitally Signed: 
Hon. Nancy Pelosi , 08/17/2016 Filing ID #20005689
"
20006683,986,"P
erioDic  t ranSaction  r ePort Clerk of the House of Re
presentatives • Legislative Resource Center • 135 Cannon Building • Washington, DC 20515f
iler  i nformation name:
Hon. Nancy Pelosi Status:
Member State/District:
CA12 t
ranSactionS iD
owner asset transaction type
Date
notification Date
amount
JT
1600 Atlas Peak Road - Real Estate Investment
S
12/30/2016 12/30/2016 $500,001 - $1,000,000 F
ILINg  S TATUS : New L
oCATIoN : Napa/Napa, CA, US D
ESCRIPTIoN : Sale of Investment Property JT
723 Mule Ears Court - Town homeS 12/27/2016 12/27/2016 $1,000,001 - $5,000,000
F
ILINg  S TATUS : New L
oCATIoN : Sugar Bowl/Placer, CA, US D
ESCRIPTIoN : Sale of Townhome i
nitial  P ublic  o fferingS n
mlkj Yes n mlkji Noc
ertification  anD  S ignature g
fedcb I CERTIFY that the statements I have made on the attached Periodic Transaction Report are true, complete, and correct to thebest of my knowledge a
nd belief.Digitally Signed: 
Hon. Nancy Pelosi , 02/6/2017 Filing ID #20006683
"
20006735,1189,"P
erioDic  t ranSaction  r ePort Clerk of the House of Re
presentatives • legislative Resource Center • 135 Cannon Building • Washington, DC 20515f
iler  i nformation name:
Hon. Nancy Pelosi Status:
Member State/District:
Ca12 t
ranSactionS iD
owner asset transaction type
Date
notification Date
amount
sP
apple Inc. (aaPl) P 01/19/2017 01/19/2017 $500,001 - $1,000,000 F
IlINg  s TaTus : New D
EsCRIPTIoN : Exercised 100 call options (10,000 shares) expiring 1/20/17 at a strike price of $90sP
apple Inc. (aaPl) s 01/20/2017 01/20/2017 $250,001 - $500,000 F
IlINg  s TaTus : New D
EsCRIPTIoN : sale of 100 call options with a strike price of $90 and an expiration date of 1/20/17sP
square, Inc. Class a (sQ) P 01/20/2017 01/20/2017 $15,001 - $50,000 F
IlINg  s TaTus : New D
EsCRIPTIoN : Exercised 50 call options (5,000 shares) expiring 1/20/17 at a strike price o f $8i
nitial  P ublic  o fferingS n
mlkj Yes n mlkji Noc
ertification  anD  S ignature g
fedcb I CERTIFY that the statements I have made on the attached Periodic Transaction Report are true, complete, and correct to thebest of my knowledge a
nd belief.Digitally Signed: 
Hon. Nancy Pelosi , 02/14/2017 Filing ID #20006735
"
20007655,983,"P
erioDic  t ranSaction  r ePort Clerk of the House of Re
presentatives • legislative Resource Center • 135 Cannon Building • Washington, DC 20515f
iler  i nformation name:
Hon. Nancy Pelosi Status:
Member State/District:
Ca12 t
ranSactionS iD
owner asset transaction type
Date
notification Date
amount
sP
apple Inc. (aaPl) P 06/15/2017 06/15/2017 $500,001 - $1,000,000 F
IlINg  s TaTus : New D
EsCRIPTIoN : Exercised 100 call options (10,000 shares) expiring 6/16/ 17 at a strike price of $80sP
BF Enterprises Common stock New (BFET)
s
06/20/2017 06/20/2017 $1,001 - $15,000 F
IlINg  s TaTus : New D
EsCRIPTIoN : Partial cash liquidation initiated by corporation. i
nitial  P ublic  o fferingS n
mlkj Yes n mlkji Noc
ertification  anD  S ignature g
fedcb I CERTIFY that the statements I have made on the attached Periodic Transaction Report are true, complete, and correct to thebest of my knowledge a
nd belief.Digitally Signed: 
Hon. Nancy Pelosi , 07/20/2017 Filing ID #20007655
"
20008699,1528,"P
erioDic  t ranSaction  r ePort Clerk of the House of Re
presentatives • legislative Resource Center • 135 Cannon Building • Washington, DC 20515f
iler  i nformation name:
Hon. Nancy Pelosi Status:
Member State/District:
Ca12 t
ranSactionS iD
owner asset transaction type
Date
notification Date
amount
sP
apple Inc. (aaPl) s 12/21/2017 12/21/2017 $100,001 - $250,000 F
IlINg  s TaTus : New D
EsCRIPTIoN : Contribution of 1,300 shares held person ally to Isolep Enterprises via transfer between brokerage accounts.sP
apple Inc. (aaPl) s 12/28/2017 12/28/2017 $1,000,001 - $5,000,000
F
IlINg  s TaTus : New D
EsCRIPTIoN : sale of 9,000 shares sP
apple Inc. (aaPl) s 12/29/2017 12/29/2017 $250,001 - $500,000 F
IlINg  s TaTus : New D
EsCRIPTIoN : Contribution of 2,800 shares held personally to the Pa ul & Nancy Pelosi Charitable Foundation via transferbetween brokerage accounts.
sP
Visa Inc. (V) s 12/28/2017 12/28/2017 $500,001 - $1,000,000 F
IlINg  s TaTus : New D
EsCRIPTIoN : sale of 5,000 shares sP
Visa Inc. (V) s 12/21/2017 12/21/2017 $100,001 - $250,000 F
IlINg  s TaTus : New D
EsCRIPTIoN : Contribution of 1,750 shares held person ally to Isolep Enterprises via transfer between brokerage accounts.i
nitial  P ublic  o fferingS n
mlkj Yes n mlkji Noc
ertification  anD  S ignature Filing ID #20008699

g
fedcb I CERTIFY that the statements I have made on the attached Periodic Transaction Report are true, complete, and correct to thebest of my knowledge a
nd belief.Digitally Signed: 
Hon. Nancy Pelosi , 01/10/2018 "
20009030,1004,"P
erioDic  t ranSaction  r ePort Clerk of the House of Re
presentatives • legislative Resource Center • 135 Cannon Building • Washington, DC 20515f
iler  i nformation name:
Hon. Nancy Pelosi Status:
Member State/District:
Ca12 t
ranSactionS iD
owner asset transaction type
Date
notification Date
amount
sP
apple Inc. (aaPl) P 02/2/2018 02/2/2018 $100,001 - $250,000 F
IlINg  s TaTus : New D
EsCRIPTIoN : Purchase of 50 call options with a strike price of $140 and an expiration d ate of 9/21/18.sP
apple Inc. (aaPl) P 02/2/2018 02/2/2018 $100,001 - $250,000 F
IlINg  s TaTus : New D
EsCRIPTIoN : Purchase of 50 call options with a strike price of $130 and an expiration date of 9/21/18.i
nitial  P ublic  o fferingS n
mlkj Yes n mlkji Noc
ertification  anD  S ignature g
fedcb I CERTIFY that the statements I have made on the attached Periodic Transaction Report are true, complete, and correct to thebest of my knowledge a
nd belief.Digitally Signed: 
Hon. Nancy Pelosi , 02/26/2018 Filing ID #20009030
"
20009293,762,"P
erioDic  t ranSaction  r ePort Clerk of the House of Re
presentatives • legislative Resource Center • 135 Cannon Building • Washington, DC 20515f
iler  i nformation name:
Hon. Nancy Pelosi Status:
Member State/District:
Ca12 t
ranSactionS iD
owner asset transaction type
Date
notification Date
amount
SP
Dropbox, Inc. - Class a ( DBX)P 03/27/2018 03/27/2018 $250,001 - $500,000 F
IlINg  S TaTuS : New D
ESCRIPTIoN : Purchase of 10,000 Shares i
nitial  P ublic  o fferingS n
mlkj Yes n mlkji Noc
ertification  anD  S ignature g
fedcb I CERTIFY that the statements I have made on the attached Periodic Transaction Report are true, complete, and correct to thebest of my knowledge a
nd belief.Digitally Signed: 
Hon. Nancy Pelosi , 04/16/2018 Filing ID #20009293
"
20009481,1444,"P
erioDic  t ranSaction  r ePort Clerk of the House of Re
presentatives • Legislative Resource Center • 135 Cannon Building • Washington, DC 20515f
iler  i nformation name:
Hon. Nancy Pelosi Status:
Member State/District:
CA12 t
ranSactionS iD
owner asset transaction type
Date
notification Date
amount
cap. gains >
$200?
sP
Amazon.com, Inc. (AMZN)  [sT] P 07/27/2018 07/27/2018 $500,001 - $1,000,000
g
fedcF
ILINg  s TATUs : New D
EsCRIPTIoN : Purchase of 20 call options with a strike price of $1700 and an expiration d ate of 1/17/20.sP
Facebook, Inc. - Class A (FB) [sT] P 07/27/2018 07/27/2018 $50,001 - $100,000
g
fedcF
ILINg  s TATUs : New D
EsCRIPTIoN : Purchase of 20 call options with a strike price of $150 and an expiration d ate of 1/17/20.sP
Mojo Networks, Inc.  [Ps] s 08/23/2018 08/22/2018 $1,001 - $15,000 g
fedcF
ILINg  s TATUs : New L
oCATIoN : Us D
EsCRIPTIoN : Final cash distribution for preferr ed shares held resulting from Arista Networks, Inc. acquisition of MojoNetworks, Inc.
* For the complete list of asset type abbreviations, pl
ease visit https://fd.house.gov/reference/ asset-type-codes.aspx. i
nitial  P ublic  o fferingS n
mlkj Yes n mlkji Noc
ertification  anD  S ignature g
fedcb I CERTIFY that the statements I have made on the attached Periodic Transaction Report are true, complete, and correct to thebest of my knowledge a
nd belief.Digitally Signed: 
Hon. Nancy Pelosi , 09/06/2018 Filing ID #20009481
"
20010452,1373,"P
erioDic  t ranSaction  r ePort Clerk of the House of Re
presentatives • legislative Resource Center • 135 Cannon Building • Washington, DC 20515f
iler  i nformation name:
Hon. Nancy Pelosi Status:
Member State/District:
Ca12 t
ranSactionS iD
owner asset transaction type
Date
notification Date
amount
cap. gains >
$200?
sP
apple Inc. (aaPl)  [sT] P 09/11/2018 09/11/2018 $500,001 - $1,000,000
g
fedcF
IlINg  s TaTus : New D
EsCRIPTIoN : Purchased 100 call options with a strike price of $145 and an expiration d ate of 6/19/20.sP
apple Inc. (aaPl)  [sT] P 09/20/2018 09/20/2018 $500,001 - $1,000,000
g
fedcF
IlINg  s TaTus : New D
EsCRIPTIoN : Exercised 50 call options (5,000 shares) expiring 9/21/18 at a strike price o f $130.sP
apple Inc. (aaPl)  [sT] P 09/20/2018 09/20/2018 $500,001 - $1,000,000
g
fedcF
IlINg  s TaTus : New D
EsCRIPTIoN : Exercised 50 call options (5,000 shares) expiring 9/21/18 at a strike price o f $140.* For the complete list of asset type abbreviations, pl
ease visit https://fd.house.gov/reference/ asset-type-codes.aspx. i
nitial  P ublic  o fferingS n
mlkj Yes n mlkji Noc
ertification  anD  S ignature g
fedcb I CERTIFY that the statements I have made on the attached Periodic Transaction Report are true, complete, and correct to thebest of my knowledge a
nd belief.Digitally Signed: 
Hon. Nancy Pelosi , 10/25/2018 Filing ID #20010452
"
20010631,1328,"P
erioDic  t ranSaction  r ePort Clerk of the House of Re
presentatives • legislative Resource Center • 135 Cannon Building • Washington, DC 20515f
iler  i nformation name:
Hon. Nancy Pelosi Status:
Member State/District:
Ca12 t
ranSactionS iD
owner asset transaction type
Date
notification Date
amount
cap. gains >
$200?
sP
amazon.com, Inc. (aMZN)  [sT] P 10/12/2018 10/12/2018 $1,000,001 - $5,000,000
g
fedcF
IlINg  s TaTus : New D
EsCRIPTIoN : Purchased 30 call options with a strike price of $1600 and an expiration d ate of 1/17/20.sP
aT&T Inc. (T)  [sT] P 10/24/2018 10/24/2018 $250,001 - $500,000
g
fedcF
IlINg  s TaTus : New D
EsCRIPTIoN : Purchased 10,000 shares. sP
Facebook, Inc. - Class a (FB) [sT] P 10/09/2018 10/09/2018 $100,001 - $250,000
g
fedcF
IlINg  s TaTus : New D
EsCRIPTIoN : Purchased 30 call options with a strike price of $140 and an expiration date o f 1/17/20.* For the complete list of asset type abbreviations, pl
ease visit https://fd.house.gov/reference/ asset-type-codes.aspx. i
nitial  P ublic  o fferingS n
mlkj Yes n mlkji Noc
ertification  anD  S ignature g
fedcb I CERTIFY that the statements I have made on the attached Periodic Transaction Report are true, complete, and correct to thebest of my knowledge a
nd belief.Digitally Signed: 
Hon. Nancy Pelosi , 11/08/2018 Filing ID #20010631
"
20011279,944,"P
erioDic  t ranSaction  r ePort Clerk of the House of Re
presentatives • legislative Resource Center • 135 Cannon Building • Washington, DC 20515f
iler  i nformation name:
Hon. Nancy Pelosi Status:
Member State/District:
Ca12 t
ranSactionS iD
owner asset transaction type
Date
notification Date
amount
cap. gains >
$200?
sP
BF Enterprises Common stock New (BFET)
 [sT] s
02/07/2019 02/07/2019 $1,001 - $15,000 g
fedcF
IlINg  s TaTus : New D
EsCRIPTIoN : Final cash liquidation initiated by corporation. * For the complete list of asset type abbreviations, pl
ease visit https://fd.house.gov/reference/ asset-type-codes.aspx. i
nitial  P ublic  o fferingS n
mlkj Yes n mlkji Noc
ertification  anD  S ignature g
fedcb I CERTIFY that the statements I have made on the attached Periodic Transaction Report are true, complete, and correct to thebest of my knowledge a
nd belief.Digitally Signed: 
Hon. Nancy Pelosi , 03/11/2019 Filing ID #20011279
"
20011965,1183,"P
erioDic  t ranSaction  r ePort Clerk of the House of Re
presentatives • legislative Resource Center • 135 Cannon Building • Washington, DC 20515f
iler  i nformation name:
Hon. Nancy Pelosi Status:
Member State/District:
Ca12 t
ranSactionS iD
owner asset transaction type
Date
notification Date
amount
cap. gains >
$200?
sP
salesforce.com Inc (CRM)  [oP] P 06/14/2019 06/14/2019 $50,001 - $100,000
g
fedcF
IlINg  s TaTus : New D
EsCRIPTIoN : Purchased 20 call options with a strike price of $140 and an expiration date o f 6/19/20.sP
salesforce.com Inc (CRM)  [oP] P 06/18/2019 06/18/2019 $100,001 - $250,000
g
fedcF
IlINg  s TaTus : New D
EsCRIPTIoN : Purchased 80 call options with a strike price of $140 and an expiration date o f 6/19/20.* For the complete list of asset type abbreviations, pl
ease visit https://fd.house.gov/reference/ asset-type-codes.aspx. i
nitial  P ublic  o fferingS n
mlkj Yes n mlkji Noc
ertification  anD  S ignature g
fedcb I CERTIFY that the statements I have made on the attached Periodic Transaction Report are true, complete, and correct to thebest of my knowledge a
nd belief.Digitally Signed: 
Hon. Nancy Pelosi , 07/11/2019 Filing ID #20011965
"
20012127,1785,"P
erioDic  t ranSaction  r ePort Clerk of the House of Re
presentatives • Legislative Resource Center • 135 Cannon Building • Washington, DC 20515f
iler  i nformation name:
Hon. Nancy Pelosi Status:
Member State/District:
CA12 t
ranSactionS iD
owner asset transaction type
Date
notification Date
amount
cap. gains >
$200?
SP
Amazon.com, Inc. (AMZN)  [oP] P 07/22/2019 07/22/2019 $500,001 - $1,000,000
g
fedcF
ILINg  S TATuS : New D
ESCRIPTIoN : Purchased 20 call options with a strike price of $1700 and an expiration date o f 1/17/20.SP
Netflix, Inc. (NFLX)  [oP] P 07/22/2019 07/22/2019 $100,001 - $250,000
g
fedcF
ILINg  S TATuS : New D
ESCRIPTIoN : Purchased 30 call options with a strike price of $250 and an expiration date o f 6/19/20.SP
Netflix, Inc. (NFLX)  [oP] P 07/05/2019 07/05/2019 $250,001 - $500,000
g
fedcF
ILINg  S TATuS : New D
ESCRIPTIoN : Purchased 20 call options with a strike price of $250 and an expiration date of 6/ 19/20.SP
REoF XX, LLC  [AB] P 07/22/2019 07/22/2019 $100,001 - $250,000
g
fedcF
ILINg  S TATuS : New D
ESCRIPTIoN : Investment in LLC which acquired five Courtyard by Marriott hotels located in Fairfax, VA (one), suburbanBaltimore, MD (two), and San Antonio, TX (two).
* For the complete list of asset type abbreviations, pl
ease visit https://fd.house.gov/reference/ asset-type-codes.aspx. i
nitial  P ublic  o fferingS n
mlkj Yes n mlkji Noc
ertification  anD  S ignature g
fedcb I CERTIFY that the statements I have made on the attached Periodic Transaction Report are true, complete, and correct to theFiling ID #20012127

g
fedcb I CERTIFY that the statements I have made on the attached Periodic Transaction Report are true, complete, and correct to thebest of my knowledge a
nd belief.Digitally Signed: 
Hon. Nancy Pelosi , 08/13/2019 "
20012288,1287,"P
erioDic  t ranSaction  r ePort Clerk of the House of Re
presentatives • legislative Resource Center • 135 Cannon Building • Washington, DC 20515f
iler  i nformation name:
Hon. Nancy Pelosi Status:
Member State/District:
Ca12 t
ranSactionS iD
owner asset transaction type
Date
notification Date
amount
cap. gains >
$200?
SP
REoF XXI, llC  [aB] P 08/13/2019 08/13/2019 $250,001 - $500,000
g
fedcF
IlINg  S TaTuS : New D
ESCRIPTIoN : Investment in llC which is acquiring three unique o ffice buildings with a common address of 222 KearnyStreet in San Francisco.
SP
Visa Inc. (V)  [ST] S (partial) 08/07/2019 08/07/2019 $100,001 - $250,000
g
fedcbF
IlINg  S TaTuS : New D
ESCRIPTIoN : Sale of 1.000 Shares SP
Visa Inc. (V)  [ST] S (partial) 08/07/2019 08/07/2019 $100,001 - $250,000
g
fedcbF
IlINg  S TaTuS : New D
ESCRIPTIoN : Sale of 1,000 Shares * For the complete list of asset type abbreviations, pl
ease visit https://fd.house.gov/reference/ asset-type-codes.aspx. i
nitial  P ublic  o fferingS n
mlkj Yes n mlkji Noc
ertification  anD  S ignature g
fedcb I CERTIFY that the statements I have made on the attached Periodic Transaction Report are true, complete, and correct to thebest of my knowledge a
nd belief.Digitally Signed: 
Hon. Nancy Pelosi , 09/18/2019 Filing ID #20012288
"
20012343,920,"P
erioDic  t ranSaction  r ePort Clerk of the House of Re
presentatives • legislative Resource Center • 135 Cannon Building • Washington, DC 20515f
iler  i nformation name:
Hon. Nancy Pelosi Status:
Member State/District:
CA12 t
ranSactionS iD
owner asset transaction type
Date
notification Date
amount
cap. gains >
$200?
2000054698
SP Visa Inc. (V)  [ST] S (partial) 08/07/2019 08/07/2019 $100,001 - $250,000
g
fedcbF
IlINg  S TATuS : Amended D
ESCRIPTIoN : Sale of 1,000 Shares * For the complete list of asset type abbreviations, pl
ease visit https://fd.house.gov/reference/ asset-type-codes.aspx. i
nitial  P ublic  o fferingS n
mlkj Yes n mlkji Noc
ertification  anD  S ignature g
fedcb I CERTIFY that the statements I have made on the attached Periodic Transaction Report are true, complete, and correct to thebest of my knowledge a
nd belief.Digitally Signed: 
Hon. Nancy Pelosi , 09/19/2019 Filing ID #20012343
"
20015042,1808,"P
erioDic  t ranSaction  r ePort Clerk of the House of Re
presentatives • legislative Resource Center • 135 Cannon Building • Washington, DC 20515f
iler  i nformation name:
Hon. Nancy Pelosi Status:
Member State/District:
Ca12 t
ranSactionS iD
owner asset transaction type
Date
notification Date
amount
cap. gains >
$200?
sP
amazon.com, Inc. (aMZN)  [sT] P 01/16/2020 01/16/2020 $1,000,001 - $5,000,000
g
fedcF
IlINg  s TaTus : New D
EsCRIPTIoN : Exercised 30 call options (3,000 shares) expiring 1/17/20 at a strike price o f $1600.sP
amazon.com, Inc. (aMZN)  [sT] s 01/16/2020 01/16/2020 $250,001 - $500,000
g
fedcF
IlINg  s TaTus : New D
EsCRIPTIoN : sold 20 call options with a strike price of $1,700 and an expiration date of 1/17/20.sP
amazon.com, Inc. (aMZN)  [sT] s 01/16/2020 01/16/2020 $250,001 - $500,000
g
fedcF
IlINg  s TaTus : New D
EsCRIPTIoN : sold 20 call options with a strike price of $1,600 and an expiration date of 1/17/20.sP
Facebook, Inc. - Class a (FB) [sT] P 01/16/2020 01/16/2020 $250,001 - $500,000
g
fedcF
IlINg  s TaTus : New D
EsCRIPTIoN : Exercised 30 call options (3,000 shares) expiring 1/17/20 at a strike price o f $140.sP
Facebook, Inc. - Class a (FB) [sT] P 01/16/2020 01/16/2020 $250,001 - $500,000
g
fedcF
IlINg  s TaTus : New D
EsCRIPTIoN : Exercised 20 call options (2,000 shares) expiring 1/17/20 at a strike price of $150. * For the complete list of asset type abbreviations, pl
ease visit https://fd.house.gov/reference/ asset-type-codes.aspx. i
nitial  P ublic  o fferingS Filing ID #20015042

n
mlkj Yes n mlkji Noc
ertification  anD  S ignature g
fedcb I CERTIFY that the statements I have made on the attached Periodic Transaction Report are true, complete, and correct to thebest of my knowledge a
nd belief.Digitally Signed: 
Hon. Nancy Pelosi , 02/11/2020 "
20016155,1035,"P
erioDic  t ranSaction  r ePort Clerk of the House of Re
presentatives • Legislative Resource Center • 135 Cannon Building • Washington, DC 20515f
iler  i nformation name:
Hon. Nancy Pelosi Status:
Member State/District:
CA12 t
ranSactionS iD
owner asset transaction type
Date
notification Date
amount
cap. gains >
$200?
SP
REoF XX, LLC  [AB] P 01/21/2020 01/21/2020 $50,001 - $100,000
g
fedcF
ILINg  S TATuS : New D
ESCRIPTIoN : Additional investment in LLC which acquired five Courtyard by Marriott hotels located in Fair fax, VA (one),suburban Baltimore, MD (two) and San Antonio, TX (two).
* For the complete list of asset type abbreviations, pl
ease visit https://fd.house.gov/reference/ asset-type-codes.aspx. i
nitial  P ublic  o fferingS n
mlkj Yes n mlkji Noc
ertification  anD  S ignature g
fedcb I CERTIFY that the statements I have made on the attached Periodic Transaction Report are true, complete, and correct to thebest of my knowledge a
nd belief.Digitally Signed: 
Hon. Nancy Pelosi , 03/03/2020 Filing ID #20016155
"
20016340,1798,"P
erioDic  t ranSaction  r ePort Clerk of the House of Re
presentatives • legislative Resource Center • 135 Cannon Building • Washington, DC 20515f
iler  i nformation name:
Hon. Nancy Pelosi Status:
Member State/District:
Ca12 t
ranSactionS iD
owner asset transaction type
Date
notification Date
amount
cap. gains >
$200?
sP
alphabet Inc. - Cl ass a (googl)[oP]
P
02/27/2020 02/27/2020 $500,001 - $1,000,000
g
fedcF
IlINg  s TaTus : New D
EsCRIPTIoN : Purchased 40 call options with a strike price of $1200 and an expiration date o f 6/18/2021.sP
Microsoft Corporation (MsFT) [oP]
P
02/28/2020 02/28/2020 $100,001 - $250,000
g
fedcF
IlINg  s TaTus : New D
EsCRIPTIoN : Purchased 50 call options with a strike price of $130 and an expiration d ate of 3/19/2021.sP
Microsoft Corporation (MsFT) [oP]
P
02/20/2020 02/20/2020 $250,001 - $500,000
g
fedcF
IlINg  s TaTus : New D
EsCRIPTIoN : Purchased 100 call options with a strike price of $140 and an expiration d ate of 3/19/2021.sP
Microsoft Corporation (MsFT) [oP]
P
02/21/2020 02/21/2020 $500,001 - $1,000,000
g
fedcF
IlINg  s TaTus : New D
EsCRIPTIoN : Purchased 100 call options with a strike price of $130 and an expiration date of 3/19/2021.sP
slack Technologies, Inc.  Class a(WoRK)
 [sT] P
02/20/2020 02/20/2020 $250,001 - $500,000
g
fedcF
IlINg  s TaTus : New D
EsCRIPTIoN : Purchased 10,000 shares. * For the complete list of asset type abbreviations, pl
ease visit https://fd.house.gov/reference/ asset-type-codes.aspx. i
nitial  P ublic  o fferingS Filing ID #20016340

n
mlkj Yes n mlkji Noc
ertification  anD  S ignature g
fedcb I CERTIFY that the statements I have made on the attached Periodic Transaction Report are true, complete, and correct to thebest of my knowledge a
nd belief.Digitally Signed: 
Hon. Nancy Pelosi , 04/01/2020 "
20016726,2333,"P
erIODIC  T rANSACTION  r ePOrT Clerk of the House of Re
presentatives • legislative Resource Center • 135 Cannon Building • Washington, DC 20515f
Iler  I NfOrmATION Name:
Hon. Nancy Pelosi Status:
Member State/District:
Ca12 T
rANSACTIONS ID
Owner Asset Transaction Type
Date
Notification Date
Amount
Cap. Gains >
$200?
SP
apple Inc. (aaPl)  [ST] S (partial) 05/08/2020 05/08/2020 $500,001 - $1,000,000
g
fedcbF
IlINg  S TaTuS : New D
ESCRIPTIoN : Sold 1,700 shares. SP
apple Inc. (aaPl)  [ST] S (partial) 05/08/2020 05/08/2020 $500,001 - $1,000,000
g
fedcbF
IlINg  S TaTuS : New D
ESCRIPTIoN : Sold 3,000 shares. SP
apple Inc. (aaPl)  [ST] S (partial) 05/08/2020 05/08/2020 $1,000,001 - $5,000,000
g
fedcbF
IlINg  S TaTuS : New D
ESCRIPTIoN : Sold 3,300 shares. SP
Facebook, Inc. - Class a (FB) [ST] S (partial) 05/08/2020 05/08/2020 $1,000,001 - $5,000,000
g
fedcbF
IlINg  S TaTuS : New D
ESCRIPTIoN : Sold 5,000 shares. SP
Interactive Brokers group, Inc. - Class a (IBKR)
 [ST] S (partial)
05/08/2020 05/08/2020 $100,001 - $250,000
g
fedcbF
IlINg  S TaTuS : New D
ESCRIPTIoN : Sold 3,000 shares. SP
Morningstar, Inc. (MoRN)  [ST] S (partial) 05/08/2020 05/08/2020 $100,001 - $250,000
g
fedcbF
IlINg  S TaTuS : New Filing ID #20016726

D
ESCRIPTIoN : Sold 1,700 shares. SP
REoF XX, llC  [aB] P 04/28/2020 04/28/2020 $15,001 - $50,000
g
fedcF
IlINg  S TaTuS : New D
ESCRIPTIoN : additional investment in llC which acquired five Courty ard by Marriott hotels located in Fairfax, Va (one),suburban Baltimore, MD (two) and San antonio, TX (two).
SP
Visa Inc. (V)  [ST] S (partial) 05/08/2020 05/08/2020 $500,001 - $1,000,000
g
fedcbF
IlINg  S TaTuS : New D
ESCRIPTIoN : Sold 3,000 shares. SP
Visa Inc. (V)  [ST] S (partial) 05/08/2020 05/08/2020 $500,001 - $1,000,000
g
fedcbF
IlINg  S TaTuS : New D
ESCRIPTIoN : Sold 3,000 shares. * For the complete list of asset type abbreviations, pl
ease visit https://fd.house.gov/reference/ asset-type-codes.aspx. I
NITIAl  P ublIC  O fferINGS n
mlkj Yes n mlkji NoC
erTIfICATION  AND  S IGNATure g
fedcb I CERTIFY that the statements I have made on the attached Periodic Transaction Report are true, complete, and correct to thebest of my knowledge a
nd belief.Digitally Signed: 
Hon. Nancy Pelosi , 06/09/2020 ID
Owner Asset Transaction Type
Date
Notification Date
Amount
Cap. Gains >
$200?
"
20016961,2739,"P
erIODIC  T rANSACTION  r ePOrT Clerk of the House of Re
presentatives • legislative Resource Center • 135 Cannon Building • Washington, DC 20515f
Iler  I NfOrmATION Name:
Hon. Nancy Pelosi Status:
Member State/District:
CA12 T
rANSACTIONS ID
Owner Asset Transaction Type
Date
Notification Date
Amount
Cap. Gains >
$200?
2000060675
SP Amazon.com, Inc. (AMZN) [OP]
S
01/16/2020 01/16/2020 $250,001 - $500,000
g
fedcF
IlINg  S TATuS : Amended D
ESCRIPTION : Sold 20 call options with a strike price of $1,700 and an expiration date of 1/17/20.2000060676
SP Amazon.com, Inc. (AMZN) [OP]
S
01/16/2020 01/16/2020 $250,001 - $500,000
g
fedcF
IlINg  S TATuS : Amended D
ESCRIPTION : Sold 20 call options with a strike price of $1,600 and an expiration date of 1/17/20.SP
American Express Company (AXP)
 [OP] P
06/24/2020 06/24/2020 $100,001 - $250,000
g
fedcF
IlINg  S TATuS : New D
ESCRIPTION : Purchased 50 call options with a strike price of $80 and an expiration date o f 1/21/2022.SP
Apple Inc. (AAPl)  [OP] S 06/18/2020 06/18/2020 $1,000,001 - $5,000,000
g
fedcbF
IlINg  S TATuS : New D
ESCRIPTION : Sold 100 call options with a strike price of $145 and an expiration date o f 6/19/2020.SP
Netflix, Inc. (NFlX)  [ST] P 06/18/2020 06/18/2020 $1,000,001 - $5,000,000
g
fedcF
IlINg  S TATuS : New D
ESCRIPTION : Exercised 50 call options (5,000 shares) expiring 6/19/2020 at a strike price of $250. SP
PayPal Holdings, Inc. (PYPl) [ST]
P
06/12/2020 06/12/2020 $500,001 - $1,000,000
g
fedcF
IlINg  S TATuS : New Filing ID #20016961

D
ESCRIPTION : Purchased 5,000 shares. SP
PayPal Holdings, Inc. (PYPl) [ST]
P
06/12/2020 06/12/2020 $500,001 - $1,000,000
g
fedcF
IlINg  S TATuS : New D
ESCRIPTION : Purchased 5,000 shares. SP
PayPal Holdings, Inc. (PYPl) [OP]
P
06/24/2020 06/24/2020 $250,001 - $500,000
g
fedcF
IlINg  S TATuS : New D
ESCRIPTION : Purchased 50 call options with a strike price of $100 and an expiration d ate of 1/21/2022.SP
Salesforce.com Inc (CRM)  [ST] P 06/18/2020 06/18/2020 $1,000,001 - $5,000,000
g
fedcF
IlINg  S TATuS : New D
ESCRIPTION : Exercised 100 call options (10,000 shares) expiring 6/19/2020 at a strike price o f $140.* For the complete list of asset type abbreviations, pl
ease visit https://fd.house.gov/reference/ asset-type-codes.aspx. I
NITIAl  P ublIC  O fferINGS n
mlkj Yes n mlkji NoC
erTIfICATION  AND  S IGNATure g
fedcb I CERTIFY that the statements I have made on the attached Periodic Transaction Report are true, complete, and correct to thebest of my knowledge and be
lief. Further, I CERTIFY that I have disclosed all transactions as required by the STOCK Act.Digitally Signed: 
Hon. Nancy Pelosi , 07/20/2020 ID
Owner Asset Transaction Type
Date
Notification Date
Amount
Cap. Gains >
$200?
"
20017123,1115,"P
erioDic  t ranSaction  r ePort Clerk of the House of Re
presentatives • legislative Resource Center • 135 Cannon Building • Washington, DC 20515f
iler  i nformation name:
Hon. Nancy Pelosi Status:
Member State/District:
CA12 t
ranSactionS iD
owner asset transaction type
Date
notification Date
amount
cap. gains >
$200?
SP
Facebook, Inc. - Class A (FB) [ST] S 08/07/2020 08/07/2020 $1,000,001 - $5,000,000
g
fedcF
IlINg  S TATuS : New D
ESCRIPTION : Contribution of 5,000 shares held personall y to The Paul & Nancy Pelosi Charitable Foundation via transferbetween brokerage accounts.
* For the complete list of asset type abbreviations, pl
ease visit https://fd.house.gov/reference/ asset-type-codes.aspx. i
nitial  P ublic  o fferingS n
mlkj Yes n mlkji Noc
ertification  anD  S ignature g
fedcb I CERTIFY that the statements I have made on the attached Periodic Transaction Report are true, complete, and correct to thebest of my knowledge and be
lief. Further, I CERTIFY that I have disclosed all transactions as required by the STOCK Act.Digitally Signed: 
Hon. Nancy Pelosi , 09/03/2020 Filing ID #20017123
"
20017460,1017,"P
erioDic  t ranSaction  r ePort Clerk of the House of Re
presentatives • legislative Resource Center • 135 Cannon Building • Washington, DC 20515f
iler  i nformation name:
Hon. Nancy Pelosi Status:
Member State/District:
CA12 t
ranSactionS iD
owner asset transaction type
Date
notification Date
amount
cap. gains >
$200?
SP
CrowdStrike Holdings, I nc. - ClassA (CRWD)
 [ST] P
09/03/2020 09/03/2020 $500,001 - $1,000,000
g
fedcF
IlINg  S TATuS : New D
ESCRIPTION : Purchased 5,000 shares. * For the complete list of asset type abbreviations, pl
ease visit https://fd.house.gov/reference/ asset-type-codes.aspx. i
nitial  P ublic  o fferingS n
mlkj Yes n mlkji Noc
ertification  anD  S ignature g
fedcb I CERTIFY that the statements I have made on the attached Periodic Transaction Report are true, complete, and correct to thebest of my knowledge and be
lief. Further, I CERTIFY that I have disclosed all transactions as required by the STOCK Act.Digitally Signed: 
Hon. Nancy Pelosi , 10/04/2020 Filing ID #20017460
"
20017834,1355,"P
erioDic  t ranSaction  r ePort Clerk of the House of Re
presentatives • Legislative Resource Center • 135 Cannon Building • Washington, DC 20515f
iler  i nformation name:
Hon. Nancy Pelosi Status:
Member State/District:
CA12 t
ranSactionS iD
owner asset transaction type
Date
notification Date
amount
cap. gains >
$200?
SP
Apple Inc. (AAPL)  [ST] S (partial) 11/06/2020 11/06/2020 $500,001 - $1,000,000
g
fedcF
ILINg  S TATuS : New D
ESCRIPTION : Contribution of 4,500 shares held personally to the Paul F. Pelosi Endowed Fund at georgetown university. SP
REOF XX, LLC  [AB] P 11/05/2020 11/05/2020 $15,001 - $50,000
g
fedcF
ILINg  S TATuS : New D
ESCRIPTION : Additional investment in LLC which acquired five Courty ard by Marriott hotels located in Fairfax, VA (one),suburban Baltimore, MD (two) and San Antonio, TX (two).
* For the complete list of asset type abbreviations, pl
ease visit https://fd.house.gov/reference/ asset-type-codes.aspx. i
nitial  P ublic  o fferingS n
mlkj Yes n mlkji Noc
ertification  anD  S ignature g
fedcb I CERTIFY that the statements I have made on the attached Periodic Transaction Report are true, complete, and correct to thebest of my knowledge and be
lief. Further, I CERTIFY that I have disclosed all transactions as required by the STOCK Act.Digitally Signed: 
Hon. Nancy Pelosi , 12/10/2020 Filing ID #20017834
"
20018011,1642,"P
erioDic  t ranSaction  r ePort Clerk of the House of Re
presentatives • legislative Resource Center • 135 Cannon Building • Washington, DC 20515f
iler  i nformation name:
Hon. Nancy Pelosi Status:
Member State/District:
CA12 t
ranSactionS iD
owner asset transaction type
Date
notification Date
amount
cap. gains >
$200?
SP
AllianceBernstein Holding l.P. units (AB)
 [ST] P
12/22/2020 12/22/2020 $500,001 - $1,000,000
g
fedcF
IlINg  S TATuS : New D
ESCRIPTION : Purchased 20,000 shares. SP
Apple Inc. (AAPl)  [OP] P 12/22/2020 12/22/2020 $250,001 - $500,000
g
fedcF
IlINg  S TATuS : New D
ESCRIPTION : Purchased 100 call options with a strike price of $100 and an expiration date of 1/21/22.SP
Tesla, Inc. (TSlA)  [OP] P 12/22/2020 12/22/2020 $500,001 - $1,000,000
g
fedcF
IlINg  S TATuS : New D
ESCRIPTION : Purchased 25 call options with a strike price of $500 and an expiration date o f 3/18/22.SP
Walt Disney Company (DIS)  [OP] P 12/22/2020 12/22/2020 $500,001 - $1,000,000
g
fedcF
IlINg  S TATuS : New D
ESCRIPTION : Purchased 100 call options with a strike price of $100 and an expiration date of 1/21/22.* For the complete list of asset type abbreviations, pl
ease visit https://fd.house.gov/reference/ asset-type-codes.aspx. i
nitial  P ublic  o fferingS n
mlkj Yes n mlkji Noc
ertification  anD  S ignature g
fedcb I CERTIFY that the statements I have made on the attached Periodic Transaction Report are true, complete, and correct to theFiling ID #20018011

best of my knowledge and be
lief. Further, I CERTIFY that I have disclosed all transactions as required by the STOCK Act.Digitally Signed: 
Hon. Nancy Pelosi , 01/21/2021 "
20018355,1182,"P
erioDic  t ranSaction  r ePort Clerk of the House of Re
presentatives • legislative Resource Center • 135 Cannon Building • Washington, DC 20515f
iler  i nformation name:
Hon. Nancy Pelosi Status:
Member State/District:
CA12 t
ranSactionS iD
owner asset transaction type
Date
notification Date
amount
cap. gains >
$200?
SP
AllianceBernstein Holding l.P. units (AB)
 [ST] P
02/18/2021 02/18/2021 $500,001 - $1,000,000
g
fedcF
IlINg  S TATuS : New D
ESCRIPTION : Purchased 15,000 shares. SP
AllianceBernstein Holding l.P. units (AB)
 [ST] P
02/23/2021 02/23/2021 $500,001 - $1,000,000
g
fedcF
IlINg  S TATuS : New D
ESCRIPTION : Purchased 25,000 shares. * For the complete list of asset type abbreviations, pl
ease visit https://fd.house.gov/reference/ asset-type-codes.aspx. i
nitial  P ublic  o fferingS n
mlkj Yes n mlkji Noc
ertification  anD  S ignature g
fedcb I CERTIFY that the statements I have made on the attached Periodic Transaction Report are true, complete, and correct to thebest of my knowledge and be
lief. Further, I CERTIFY that I have disclosed all transactions as required by the STOCK Act.Digitally Signed: 
Hon. Nancy Pelosi , 03/09/2021 Filing ID #20018355
"
20018539,2606,"P
erIODIC  T rANSACTION  r ePOrT Clerk of the House of Re
presentatives • Legislative Resource Center • 135 Cannon Building • Washington, DC 20515f
Iler  I NfOrmATION Name:
Hon. Nancy Pelosi Status:
Member State/District:
CA12 T
rANSACTIONS ID
Owner Asset Transaction Type
Date
Notification Date
Amount
Cap. Gains >
$200?
2000074389
SP AllianceBernstein Holding L.P. Units (AB)
 [OL] P
12/22/2020 12/22/2020 $500,001 - $1,000,000
g
fedcF
ILINg  S TATUS : Amended L
OCATION : New York, NY, US D
ESCRIPTION : Purchased 20,000 units in a global as set management firm providing investment management andresearch services worldwide to institutional, high-net-worth and retail investors.
2000076481
SP AllianceBernstein Holding L.P. Units (AB)
 [OL] P
02/18/2021 02/18/2021 $500,001 - $1,000,000
g
fedcF
ILINg  S TATUS : Amended L
OCATION : New York, NY, US D
ESCRIPTION : Purchased 15,000 units in a global asset management firm providing investment management andresearch services worldwide to institutional, high-net-worth and retail investors.
2000076482
SP AllianceBernstein Holding L.P. Units (AB)
 [OL] P
02/23/2021 02/23/2021 $500,001 - $1,000,000
g
fedcF
ILINg  S TATUS : Amended L
OCATION : New York, NY, US D
ESCRIPTION : Purchased 25,000 units in a global as set management firm providing investment management andresearch services worldwide to institutional, high-net-worth and retail investors.
SP
Microsoft Corporation (MSFT) [ST]
P
03/19/2021 03/19/2021 $1,000,001 - $5,000,000
g
fedcF
ILINg  S TATUS : New D
ESCRIPTION : Exercised 150 call options (15,000 shares) expiring 3/19/2021 at a strike price of $130.SP
Microsoft Corporation (MSFT) [ST]
P
03/19/2021 03/19/2021 $1,000,001 - $5,000,000
g
fedcF
ILINg  S TATUS : New Filing ID #20018539

D
ESCRIPTION : Exercised 100 call options (10,000 shares) expiring 3/19/2021 at a strike price of $140.SP
Roblox Corporation  [OT] P 03/10/2021 03/10/2021 $500,001 - $1,000,000
g
fedcF
ILINg  S TATUS : New L
OCATION : US D
ESCRIPTION : Purchased 10,000 shares. * For the complete list of asset type abbreviations, pl
ease visit https://fd.house.gov/reference/ asset-type-codes.aspx. I
NITIAl  P ublIC  O fferINGS n
mlkj Yes n mlkji NoC
erTIfICATION  AND  S IGNATure g
fedcb I CERTIFY that the statements I have made on the attached Periodic Transaction Report are true, complete, and correct to thebest of my knowledge and be
lief. Further, I CERTIFY that I have disclosed all transactions as required by the STOCK Act.Digitally Signed: 
Hon. Nancy Pelosi , 04/09/2021 ID
Owner Asset Transaction Type
Date
Notification Date
Amount
Cap. Gains >
$200?
"
20019004,1703,"P
erioDic  t ranSaction  r ePort Clerk of the House of Re
presentatives • legislative Resource Center • 135 Cannon Building • Washington, DC 20515f
iler  i nformation name:
Hon. Nancy Pelosi Status:
Member State/District:
CA12 t
ranSactionS iD
owner asset transaction type
Date
notification Date
amount
cap. gains >
$200?
SP
Alphabet Inc. - Cl ass A (gOOgl)[ST]
P
06/18/2021 06/18/2021 $1,000,001 - $5,000,000
g
fedcF
IlINg  S TATuS : New D
ESCRIPTION : Exercised 40 call options (4,000 shares) expiring 6/18/21 at a strike price of $1200. SP
Amazon.com, Inc. (AMZN)  [OP] P 05/21/2021 05/21/2021 $500,001 - $1,000,000
g
fedcF
IlINg  S TATuS : New D
ESCRIPTION : Purchased 20 call options with a strike price of $3,000 and an expiration date o f 6/17/22.SP
Apple Inc. (AAPl)  [OP] P 05/21/2021 05/21/2021 $100,001 - $250,000
g
fedcF
IlINg  S TATuS : New D
ESCRIPTION : Purchased 50 call options with a strike price of $100 and an expiration d ate of 6/17/22.SP
NVIDIA Corporation (NVDA)  [OP] P 06/03/2021 06/03/2021 $1,000,001 - $5,000,000
g
fedcF
IlINg  S TATuS : New D
ESCRIPTION : Purchased 50 call options with a strike price of $400 and an expiration date o f 6/17/22.* For the complete list of asset type abbreviations, pl
ease visit https://fd.house.gov/reference/ asset-type-codes.aspx. i
nitial  P ublic  o fferingS n
mlkj Yes n mlkji Noc
ertification  anD  S ignature g
fedcb I CERTIFY that the statements I have made on the attached Periodic Transaction Report are true, complete, and correct to theFiling ID #20019004

best of my knowledge and be
lief. Further, I CERTIFY that I have disclosed all transactions as required by the STOCK Act.Digitally Signed: 
Hon. Nancy Pelosi , 07/02/2021 "
20019331,2031,"P
erioDic  t ranSaction  r ePort Clerk of the House of Re
presentatives • legislative Resource Center • 135 Cannon Building • Washington, DC 20515f
iler  i nformation name:
Hon. Nancy Pelosi Status:
Member State/District:
CA12 t
ranSactionS iD
owner asset transaction type
Date
notification Date
amount
cap. gains >
$200?
SP
NVIDIA Corporation (NVDA)  [ST] P 07/23/2021 07/23/2021 $500,001 - $1,000,000
g
fedcF
IlINg  S TATuS : New D
ESCRIPTION : Purchased 5,000 shares. SP
NVIDIA Corporation (NVDA)  [OP] P 07/23/2021 07/23/2021 $250,001 - $500,000
g
fedcF
IlINg  S TATuS : New D
ESCRIPTION : Purchased 50 call options with a strike price of $100 and an expiration d ate of 9/16/22.SP
REOF XXII, llC  [AB] P 07/13/2021 07/13/2021 $250,001 - $500,000
g
fedcF
IlINg  S TATuS : New D
ESCRIPTION : Investment in llC which is acquiring eleven Marriott-branded hotel s (Rogers, AR - 1, Phoenix, AZ - 1,lakeland, Fl -1, Albany, gA - 1, Andover, MA - 1, Fa
yetteville, NC - 1, greenville, SC - 1, Johnson City, TN - 1, Beaumont,TX - 1, Richmond, VA - 1, Vancouver, WA - 1) and nine Hilton-branded hotels (Montgomery, Al -2, Sch
aumberg, Il -1,Jackson, TN - 1, Allen, TX -2, Burleson, TX - 1, El Paso, TX - 1, Irving, TX - 1).
SP
Slack Technologies, Inc.  Class A(WORK)
 [ST] S
07/22/2021 07/22/2021 $250,001 - $500,000
g
fedcbF
IlINg  S TATuS : New D
ESCRIPTION : 10,000 shares of Slack Technologies Inc. exchanged for 776 shares of Salesforce.com Inc. as a result of amerger, with a cash payout of $267,900.
* For the complete list of asset type abbreviations, pl
ease visit https://fd.house.gov/reference/ asset-type-codes.aspx. i
nitial  P ublic  o fferingS n
mlkj Yes n mlkji NoFiling ID #20019331

c
ertification  anD  S ignature g
fedcb I CERTIFY that the statements I have made on the attached Periodic Transaction Report are true, complete, and correct to thebest of my knowledge and be
lief. Further, I CERTIFY that I have disclosed all transactions as required by the STOCK Act.Digitally Signed: 
Hon. Nancy Pelosi , 08/20/2021 "
20020106,2510,"P
erIODIC  T rANSACTION  r ePOrT Clerk of the House of Re
presentatives • legislative Resource Center • 135 Cannon Building • Washington, DC 20515f
Iler  I NfOrmATION Name:
Hon. Nancy Pelosi Status:
Member State/District:
CA12 T
rANSACTIONS ID
Owner Asset Transaction Type
Date
Notification Date
Amount
Cap. Gains >
$200?
SP
Alphabet Inc. - Class C Capital Stock (gOOg)
 [OP] P
12/17/2021 12/17/2021 $500,001 - $1,000,000
g
fedcF
IlINg  S TATuS : New D
ESCRIPTION : Purchased 10 call options with a strike price of $2000 and an expiration date o f 9/16/22.SP
Micron Technology, Inc. (Mu) [OP]
P
12/21/2021 12/21/2021 $250,001 - $500,000
g
fedcF
IlINg  S TATuS : New D
ESCRIPTION : Purchased 100 call options with a strike price of $50 and an expiration d ate of 9/16/22.SP
REOF XX, llC  [AB] P 12/22/2021 12/22/2021 $50,001 - $100,000
g
fedcF
IlINg  S TATuS : New D
ESCRIPTION : Additional investment in llC which acquired five Courty ard by Marriott hotels located in Fairfax, VA (one),suburban Baltimore, MD (two) and San Antonio, TX (two).
SP
Roblox Corporation Class A (RBlX)
 [OP] P
12/20/2021 12/20/2021 $250,001 - $500,000
g
fedcF
IlINg  S TATuS : New D
ESCRIPTION : Purchased 100 call options with a strike price of $100 and an expiration date of 1/20/23.SP
Salesforce.com Inc (CRM)  [OP] P 12/20/2021 12/20/2021 $500,001 - $1,000,000
g
fedcF
IlINg  S TATuS : New D
ESCRIPTION : Purchased 100 call options with a strike price of $210 and an expiration d ate of 1/20/23.SP
Salesforce.com Inc (CRM)  [OP] P 12/20/2021 12/20/2021 $100,001 - $250,000
g
fedcFiling ID #20020106

F
IlINg  S TATuS : New D
ESCRIPTION : Purchased 30 call options with a strike price of $210 and an expiration date o f 1/20/23.SP
Walt Disney Company (DIS)  [OP] P 12/17/2021 12/17/2021 $100,001 - $250,000
g
fedcF
IlINg  S TATuS : New D
ESCRIPTION : Purchased 50 call options with a strike price of $130 and an expiration d ate of 9/16/22.* For the complete list of asset type abbreviations, pl
ease visit https://fd.house.gov/reference/ asset-type-codes.aspx. I
NITIAl  P ublIC  O fferINGS n
mlkj Yes n mlkji NoC
erTIfICATION  AND  S IGNATure g
fedcb I CERTIFY that the statements I have made on the attached Periodic Transaction Report are true, complete, and correct to thebest of my knowledge and be
lief. Further, I CERTIFY that I have disclosed all transactions as required by the STOCK Act.Digitally Signed: 
Hon. Nancy Pelosi , 12/29/2021 ID
Owner Asset Transaction Type
Date
Notification Date
Amount
Cap. Gains >
$200?
"
20020208,1275,"P
erioDic  t ranSaction  r ePort Clerk of the House of Re
presentatives • legislative Resource Center • 135 Cannon Building • Washington, DC 20515f
iler  i nformation name:
Hon. Nancy Pelosi Status:
Member State/District:
CA12 t
ranSactionS iD
owner asset transaction type
Date
notification Date
amount
cap. gains >
$200?
SP
Apple Inc. (AAPl)  [ST] S (partial) 12/30/2021 12/30/2021 $500,001 - $1,000,000
g
fedcF
IlINg  S TATuS : New D
ESCRIPTION : Contribution of 3,000 shares held personall y to the Paul F. Pelosi Endowed Fund at georgetown university.SP
Apple Inc. (AAPl)  [ST] S (partial) 12/30/2021 12/30/2021 $500,001 - $1,000,000
g
fedcF
IlINg  S TATuS : New D
ESCRIPTION : Contribution of 3,000 shares held personall y to Trinity College.* For the complete list of asset type abbreviations, pl
ease visit https://fd.house.gov/reference/ asset-type-codes.aspx. i
nitial  P ublic  o fferingS n
mlkj Yes n mlkji Noc
ertification  anD  S ignature g
fedcb I CERTIFY that the statements I have made on the attached Periodic Transaction Report are true, complete, and correct to thebest of my knowledge and be
lief. Further, I CERTIFY that I have disclosed all transactions as required by the STOCK Act.Digitally Signed: 
Hon. Nancy Pelosi , 01/12/2022 Filing ID #20020208
"
20020515,2038,"P
erioDic  t ranSaction  r ePort Clerk of the House of Re
presentatives • legislative Resource Center • 135 Cannon Building • Washington, DC 20515f
iler  i nformation name:
Hon. Nancy Pelosi Status:
Member State/District:
CA12 t
ranSactionS iD
owner asset transaction type
Date
notification Date
amount
cap. gains >
$200?
SP
AllianceBernstein Holding l.P. units (AB)
 [Ol] P
01/27/2022 01/27/2022 $250,001 - $500,000
g
fedcF
IlINg  S TATuS : New l
OCATION : New York, NY, uS D
ESCRIPTION : Purchased 10,000 units in a global asset management firm providing investment management and researchservices worldwide to institutional, high-net-worth and retail investors.
SP
American Express Company (AXP) [ST]
P
01/21/2022 01/21/2022 $250,001 - $500,000
g
fedcF
IlINg  S TATuS : New D
ESCRIPTION : Exercised 50 call options (5,000 shares) expiring 1/21/22 at a strike price of $80. SP
Apple Inc. (AAPl)  [ST] P 01/21/2022 01/21/2022 $1,000,001 - $5,000,000
g
fedcF
IlINg  S TATuS : New D
ESCRIPTION : Exercised 100 call options (10,000 shares) expiring 1/21/22 at a strike price o f $100.SP
PayPal Holdings, Inc. (PYPl)  [ST] P 01/21/2022 01/21/2022 $500,001 - $1,000,000
g
fedcF
IlINg  S TATuS : New D
ESCRIPTION : Exercised 50 call options (5,000 shares) expiring 1/21/22 at a strike price of $100. SP
Walt Disney Company (DIS)  [ST] P 01/21/2022 01/21/2022 $1,000,001 - $5,000,000
g
fedcF
IlINg  S TATuS : New D
ESCRIPTION : Exercised 100 call options (10,000 shares) expiring 1/21/22 at a strike price o f $100.* For the complete list of asset type abbreviations, pl
ease visit https://fd.house.gov/reference/ asset-type-codes.aspx. Filing ID #20020515

i
nitial  P ublic  o fferingS n
mlkj Yes n mlkji Noc
ertification  anD  S ignature g
fedcb I CERTIFY that the statements I have made on the attached Periodic Transaction Report are true, complete, and correct to thebest of my knowledge and be
lief. Further, I CERTIFY that I have disclosed all transactions as required by the STOCK Act.Digitally Signed: 
Hon. Nancy Pelosi , 02/28/2022 "
20020561,2112,"P
erioDic  t ranSaction  r ePort Clerk of the House of Re
presentatives • legislative Resource Center • 135 Cannon Building • Washington, DC 20515f
iler  i nformation name:
Hon. Nancy Pelosi Status:
Member State/District:
CA12 t
ranSactionS iD
owner asset transaction type
Date
notification Date
amount
cap. gains >
$200?
2000090459
SP AllianceBernstein Holding l.P. units (AB)
 [Ol] P
01/27/2022 02/28/2022 $250,001 - $500,000
g
fedcF
IlINg  S TATuS : Amended l
OCATION : New York, NY, uS D
ESCRIPTION : Purchased 10,000 units in a global asset management firm providing investment management andresearch services worldwide to institutional, high-net-worth and retail investors.
2000090455
SP American Express Company (AXP)
 [ST] P
01/21/2022 02/28/2022 $250,001 - $500,000
g
fedcF
IlINg  S TATuS : Amended D
ESCRIPTION : Exercised 50 call options (5,000 shares) expiring 1/21/22 at a strike price of $80. 2000090456
SP Apple Inc. (AAPl)  [ST] P 01/21/2022 02/28/2022 $1,000,001 - $5,000,000
g
fedcF
IlINg  S TATuS : Amended D
ESCRIPTION : Exercised 100 call options (10,000 shares) expiring 1/21/22 at a strike price o f $100.2000090458
SP PayPal Holdings, Inc. (PYPl) [ST]
P
01/21/2022 02/28/2022 $500,001 - $1,000,000
g
fedcF
IlINg  S TATuS : Amended D
ESCRIPTION : Exercised 50 call options (5,000 shares) expiring 1/21/22 at a strike price of $100. 2000090457
SP Walt Disney Company (DIS) [ST]
P
01/21/2022 02/28/2022 $1,000,001 - $5,000,000
g
fedcF
IlINg  S TATuS : Amended D
ESCRIPTION : Exercised 100 call options (10,000 shares) expiring 1/21/22 at a strike price o f $100.* For the complete list of asset type abbreviations, pl
ease visit https://fd.house.gov/reference/ asset-type-codes.aspx. Filing ID #20020561

i
nitial  P ublic  o fferingS n
mlkj Yes n mlkji Noc
ertification  anD  S ignature g
fedcb I CERTIFY that the statements I have made on the attached Periodic Transaction Report are true, complete, and correct to thebest of my knowledge and be
lief. Further, I CERTIFY that I have disclosed all transactions as required by the STOCK Act.Digitally Signed: 
Hon. Nancy Pelosi , 03/04/2022 "
20020662,1055,"P
erioDic  t ranSaction  r ePort Clerk of the House of Re
presentatives • legislative Resource Center • 135 Cannon Building • Washington, DC 20515f
iler  i nformation name:
Hon. Nancy Pelosi Status:
Member State/District:
CA12 t
ranSactionS iD
owner asset transaction type
Date
notification Date
amount
cap. gains >
$200?
SP
Tesla, Inc. (TSlA)  [ST] P 03/17/2022 03/17/2022 $1,000,001 - $5,000,000
g
fedcF
IlINg  S TATuS : New D
ESCRIPTION : Exercised 25 call options (2,500 shares) expiring 3/18/22 at a strike price of $500. * For the complete list of asset type abbreviations, pl
ease visit https://fd.house.gov/reference/ asset-type-codes.aspx. i
nitial  P ublic  o fferingS n
mlkj Yes n mlkji Noc
ertification  anD  S ignature g
fedcb I CERTIFY that the statements I have made on the attached Periodic Transaction Report are true, complete, and correct to thebest of my knowledge and be
lief. Further, I CERTIFY that I have disclosed all transactions as required by the STOCK Act.Digitally Signed: 
Hon. Nancy Pelosi , 03/21/2022 Filing ID #20020662
"
20020916,1012,"P        T           R     
Clerk of the House of Representatives • Legislative Resource Center • 135 Cannon Building • Washington, DC 20515
F     I          
Name: Hon. Nancy Pelosi
Status: Member
State/District: CA12
T           
ID Owner Asset Transaction
Type
Date Notification
Date
Amount Cap.
Gains >
$200?
SP Warner Bros. Discovery, Inc. - Series
A (WBD) [ST]
E 04/11/2022 04/11/2022 $50,001 -
$100,000
F      S     : New
D          : 2419 shares received as the result of a spinoff of AT&T (T) shares held.
* For the complete list of asset type abbreviations, please visit https://fd.house.gov/reference/asset-type-codes.aspx.
I       P      O        
 Yes  No
C                 S        
 I CERTIFY that the statements I have made on the attached Periodic Transaction Report are true, complete, and correct to the best of
my knowledge and belief. Further, I CERTIFY that I have disclosed all transactions as required by the STOCK Act.
Digitally Signed: Hon. Nancy Pelosi , 05/03/2022
Filing ID #20020916"
20021142,1596,"P        T           R     
Clerk of the House of Representatives • Legislative Resource Center • 135 Cannon Building • Washington, DC 20515
F     I          
Name: Hon. Nancy Pelosi
Status: Member
State/District: CA12
T           
ID Owner Asset Transaction
Type
Date Notification
Date
Amount Cap.
Gains >
$200?
SP Apple Inc. (AAPL) [OP] P 05/13/2022 05/13/2022 $500,001 -
$1,000,000
F      S     : New
D          : Purchased 100 call options with a strike price of $80 and an expiration date of 3/17/23.
SP Apple Inc. (AAPL) [OP] P 05/24/2022 05/24/2022 $250,001 -
$500,000
F      S     : New
D          : Purchased 50 call options with a strike price of $80 and an expiration date of 6/16/23.
SP Microsoft Corporation (MSFT) [OP] P 05/24/2022 05/24/2022 $50,001 -
$100,000
F      S     : New
D          : Purchased 10 call options with a strike price of $180 and an expiration date of 6/16/23.
SP Microsoft Corporation (MSFT) [OP] P 05/24/2022 05/24/2022 $250,001 -
$500,000
F      S     : New
D          : Purchased 40 call options with a strike price of $180 and an expiration date of 6/16/23.
* For the complete list of asset type abbreviations, please visit https://fd.house.gov/reference/asset-type-codes.aspx.
I       P      O        
 Yes  No
C                 S        
 I CERTIFY that the statements I have made on the attached Periodic Transaction Report are true, complete, and correct to the best of
my knowledge and belief. Further, I CERTIFY that I have disclosed all transactions as required by the STOCK Act.
Filing ID #20021142
Digitally Signed: Hon. Nancy Pelosi , 06/03/2022"
20021374,1339,"P        T           R     
Clerk of the House of Representatives • Legislative Resource Center • 135 Cannon Building • Washington, DC 20515
F     I          
Name: Hon. Nancy Pelosi
Status: Member
State/District: CA12
T           
ID Owner Asset Transaction
Type
Date Notification
Date
Amount Cap.
Gains >
$200?
SP Apple Inc. (AAPL) [OP] S (partial) 06/17/2022 06/17/2022 $100,001 -
$250,000
F      S     : New
D          : Sold 50 call options with a strike price of $100 and an expiration date of 6/17/22.
SP NVIDIA Corporation (NVDA) [ST] P 06/17/2022 06/17/2022 $1,000,001 -
$5,000,000
F      S     : New
D          : Exercised 200 call options (20,000 shares) expiring 6/17/22 at a strike price of $100.
SP Visa Inc. (V) [ST] S (partial) 06/21/2022 06/21/2022 $1,000,001 -
$5,000,000
F      S     : New
D          : Sold 10,000 shares.
* For the complete list of asset type abbreviations, please visit https://fd.house.gov/reference/asset-type-codes.aspx.
I       P      O        
 Yes  No
C                 S        
 I CERTIFY that the statements I have made on the attached Periodic Transaction Report are true, complete, and correct to the best of
my knowledge and belief. Further, I CERTIFY that I have disclosed all transactions as required by the STOCK Act.
Digitally Signed: Hon. Nancy Pelosi , 07/14/2022
Filing ID #20021374"
20021438,1043,"P        T           R     
Clerk of the House of Representatives • Legislative Resource Center • 135 Cannon Building • Washington, DC 20515
F     I          
Name: Hon. Nancy Pelosi
Status: Member
State/District: CA12
T           
ID Owner Asset Transaction
Type
Date Notification
Date
Amount Cap.
Gains >
$200?
SP NVIDIA Corporation (NVDA) [ST] S 07/26/2022 07/26/2022 $1,000,001 -
$5,000,000
F      S     : New
D          : Sold 25,000 shares.
C       : Sold 25,000 shares at an average price of $165.05 for a total loss of $341,365.
* For the complete list of asset type abbreviations, please visit https://fd.house.gov/reference/asset-type-codes.aspx.
C       
I       P      O        
 Yes  No
C                 S        
 I CERTIFY that the statements I have made on the attached Periodic Transaction Report are true, complete, and correct to the best of
my knowledge and belief. Further, I CERTIFY that I have disclosed all transactions as required by the STOCK Act.
Digitally Signed: Hon. Nancy Pelosi , 07/26/2022
Filing ID #20021438"
20021675,1069,"P        T           R     
Clerk of the House of Representatives • Legislative Resource Center • 135 Cannon Building • Washington, DC 20515
F     I          
Name: Hon. Nancy Pelosi
Status: Member
State/District: CA12
T           
ID Owner Asset Transaction
Type
Date Notification
Date
Amount Cap.
Gains >
$200?
SP REOF XX, LLC [AB] P 08/24/2022 08/24/2022 $15,001 -
$50,000
F      S     : New
D          : Additional investment in LLC which acquired five Courtyard by Marriott hotels located in Fairfax, VA (one),
suburban Baltimore, MD (two) and San Antonio, TX (two).
* For the complete list of asset type abbreviations, please visit https://fd.house.gov/reference/asset-type-codes.aspx.
I       P      O        
 Yes  No
C                 S        
 I CERTIFY that the statements I have made on the attached Periodic Transaction Report are true, complete, and correct to the best of
my knowledge and belief. Further, I CERTIFY that I have disclosed all transactions as required by the STOCK Act.
Digitally Signed: Hon. Nancy Pelosi , 09/09/2022
Filing ID #20021675"
20021837,2129,"P        T           R     
Clerk of the House of Representatives • Legislative Resource Center • 135 Cannon Building • Washington, DC 20515
F     I          
Name: Hon. Nancy Pelosi
Status: Member
State/District: CA12
T           
ID Owner Asset Transaction
Type
Date Notification
Date
Amount Cap.
Gains >
$200?
SP Alphabet Inc. - Class C Capital Stock
(GOOG) [ST]
P 09/16/2022 09/16/2022 $1,000,001 -
$5,000,000
F      S     : New
D          : Exercised 200 call options purchased 12/17/21 (20,000 shares) at a strike price of $100 with an expiration
date of 9/16/22.
SP Micron Technology, Inc. (MU) [OP] S 09/16/2022 09/16/2022 $15,001 - $50,000
F      S     : New
D          : Sold 100 call options purchased 12/21/21 with a strike price of $50 and an expiration date of 9/16/22.
C       : Sold 100 call options purchased 12/21/21 (10,000 shares) at a price of $1.84 per share for a total loss of
$392,575.
SP NVIDIA Corporation (NVDA) [OP] S 09/16/2022 09/16/2022 $100,001 -
$250,000
F      S     : New
D          : Sold 50 call options purchased 7/23/21 with a strike price of $100 and an expiration date of 9/16/22.
C       : Sold 50 call options purchased 7/23/21 (5,000 shares) at a price of $26.86 per share for a total loss of $361,476.
SP Walt Disney Company (DIS) [OP] S 09/16/2022 09/16/2022 $1.00
F      S     : New
D          : 50 call options purchased 12/17/21 with a strike price of $130 and an expiration date of 9/16/22 expired with
no value.
C       : 50 call options purchased 12/17/21 with a strike price of $130 and an expiration date of 9/16/22 expired with no
value for a total loss of $132,824.
* For the complete list of asset type abbreviations, please visit https://fd.house.gov/reference/asset-type-codes.aspx.
C       
Filing ID #20021837
I       P      O        
 Yes  No
C                 S        
 I CERTIFY that the statements I have made on the attached Periodic Transaction Report are true, complete, and correct to the best of
my knowledge and belief. Further, I CERTIFY that I have disclosed all transactions as required by the STOCK Act.
Digitally Signed: Hon. Nancy Pelosi , 10/14/2022"
20022063,942,"P        T           R     
Clerk of the House of Representatives • Legislative Resource Center • 135 Cannon Building • Washington, DC 20515
F     I          
Name: Hon. Nancy Pelosi
Status: Member
State/District: CA12
T           
ID Owner Asset Transaction
Type
Date Notification
Date
Amount Cap.
Gains >
$200?
SP Visa Inc. (V) [ST] S (partial) 11/08/2022 11/08/2022 $1,000,001 -
$5,000,000
F      S     : New
D          : Sold 20,000 shares.
* For the complete list of asset type abbreviations, please visit https://fd.house.gov/reference/asset-type-codes.aspx.
I       P      O        
 Yes  No
C                 S        
 I CERTIFY that the statements I have made on the attached Periodic Transaction Report are true, complete, and correct to the best of
my knowledge and belief. Further, I CERTIFY that I have disclosed all transactions as required by the STOCK Act.
Digitally Signed: Hon. Nancy Pelosi , 11/30/2022
Filing ID #20022063"
20022260,3870,"P        T           R     
Clerk of the House of Representatives • Legislative Resource Center • 135 Cannon Building • Washington, DC 20515
F     I          
Name: Hon. Nancy Pelosi
Status: Member
State/District: CA12
T           
ID Owner Asset Transaction
Type
Date Notification
Date
Amount Cap.
Gains >
$200?
SP Alliance Bernstein Holding L.P. Units
[OL]
S (partial) 12/28/2022 12/28/2022 $500,001 -
$1,000,000
F      S     : New
L       : New York, NY, US
D          : Sold 20,000 shares.
C       : Sold 20,000 shares at an average price of $32.95 for a total loss of $11,510.
SP Alphabet Inc. - Class A (GOOGL) [ST] S (partial) 12/28/2022 12/28/2022 $500,001 -
$1,000,000
F      S     : New
D          : Sold 10,000 shares.
SP Alphabet Inc. - Class A (GOOGL) [ST] S (partial) 12/20/2022 12/20/2022 $500,001 -
$1,000,000
F      S     : New
D          : Sold 10,000 shares.
SP Alphabet Inc. - Class A (GOOGL) [ST] S (partial) 12/21/2022 12/21/2022 $500,001 -
$1,000,000
F      S     : New
D          : Sold 10,000 shares.
SP Netflix, Inc. (NFLX) [ST] S (partial) 12/29/2022 12/29/2022 $250,001 -
$500,000
F      S     : New
D          : Sold 1,000 shares.
C       : Sold 1,000 shares at an average price of $290.04 for a total loss of $66,385.
SP Netflix, Inc. (NFLX) [ST] S (partial) 12/30/2022 12/30/2022 $250,001 -
$500,000
Filing ID #20022260
ID Owner Asset Transaction
Type
Date Notification
Date
Amount Cap.
Gains >
$200?
F      S     : New
D          : Sold 1,000 shares.
C       : Sold 1,000 shares at an average price of $292.89 for a total loss of $63,535.
SP PayPal Holdings, Inc. (PYPL) [ST] S (partial) 12/21/2022 12/21/2022 $250,001 -
$500,000
F      S     : New
D          : Sold 5,000 shares.
C       : Sold 5,000 shares at an average price of $69.10 for a total loss of $424,313.
SP PayPal Holdings, Inc. (PYPL) [ST] S (partial) 12/28/2022 12/28/2022 $250,001 -
$500,000
F      S     : New
D          : Sold 5,000 shares.
C       : Sold 5,000 shares at an average price of $67.77 for a total loss of $429,938.
SP REOF XX, LLC [AB] P 12/27/2022 12/27/2022 $15,001 - $50,000
F      S     : New
D          : Additional investment in LLC which acquired five Courtyard by Marriott hotels located in Fairfax, VA (one),
suburban Baltimore, MD (two) and San Antonio, TX (two).
SP Roblox Corporation Class A (RBLX)
[ST]
S (partial) 12/28/2022 12/28/2022 $100,001 -
$250,000
F      S     : New
D          : Sold 5,000 shares.
C       : Sold 5,000 shares at an average price of $26.05 for a total loss of $235,836.
SP Salesforce, Inc. (CRM) [OP] S 12/20/2022 12/20/2022 $9.00
F      S     : New
D          : Sold 130 call options purchased 12/20/21 with a strike price of $210 and an expiration date of 1/20/23.
C       : Sold 130 call options purchased 12/20/21 (13,000 shares) at a price of $0.01 per share for a total loss of
$733,691.
SP Tesla, Inc. (TSLA) [ST] S (partial) 12/20/2022 12/20/2022 $500,001 -
$1,000,000
F      S     : New
D          : Sold 5,000 shares.
C       : Sold 5,000 shares at an average price of $140.38 for a total loss of $511,197.
SP Walt Disney Company (DIS) [ST] S (partial) 12/21/2022 12/21/2022 $500,001 -
$1,000,000
F      S     : New
D          : Sold 10,000 shares.
C       : Sold 10,000 shares at an average price of $87.58 for a total loss of $114,138.
ID Owner Asset Transaction
Type
Date Notification
Date
Amount Cap.
Gains >
$200?
* For the complete list of asset type abbreviations, please visit https://fd.house.gov/reference/asset-type-codes.aspx.
C       
I       P      O        
 Yes  No
C                 S        
 I CERTIFY that the statements I have made on the attached Periodic Transaction Report are true, complete, and correct to the best of
my knowledge and belief. Further, I CERTIFY that I have disclosed all transactions as required by the STOCK Act.
Digitally Signed: Hon. Nancy Pelosi , 01/12/2023"
20022320,1204,"P        T           R     
Clerk of the House of Representatives • Legislative Resource Center • 135 Cannon Building • Washington, DC 20515
F     I          
Name: Hon. Nancy Pelosi
Status: Member
State/District: CA11
T           
ID Owner Asset Transaction
Type
Date Notification
Date
Amount Cap.
Gains >
$200?
SP Roblox Corporation Class A (RBLX)
[OP]
S 01/20/2023 01/20/2023 $1.00
F      S     : New
D          : 100 call options purchased 12/20/21 with a strike price of $100 and an expiration date of 1/20/23 expired
with no value.
C       : 100 call options purchased 12/20/21 with a strike price of $100 and an expiration date of 1/20/23 expired with
no value for a total loss of $303,001.
* For the complete list of asset type abbreviations, please visit https://fd.house.gov/reference/asset-type-codes.aspx.
C       
I       P      O        
 Yes  No
C                 S        
 I CERTIFY that the statements I have made on the attached Periodic Transaction Report are true, complete, and correct to the best of
my knowledge and belief. Further, I CERTIFY that I have disclosed all transactions as required by the STOCK Act.
Digitally Signed: Hon. Nancy Pelosi , 01/25/2023
Filing ID #20022320"
20022664,1242,"P        T           R     
Clerk of the House of Representatives • Legislative Resource Center • 135 Cannon Building • Washington, DC 20515
F     I          
Name: Hon. Nancy Pelosi
Status: Member
State/District: CA11
T           
ID Owner Asset Transaction
Type
Date Notification
Date
Amount Cap.
Gains >
$200?
SP Apple Inc. (AAPL) [ST] P 03/17/2023 03/17/2023 $500,001 -
$1,000,000
F      S     : New
D          : Exercised 100 call options purchased 5/13/22 (10,000 shares) at a strike price of $80 with an expiration date
of 3/17/23.
SP REOF XXV, LLC [AB] P 03/09/2023 03/09/2023 $500,001 -
$1,000,000
F      S     : New
D          : Investment in LLC which is acquiring and restoring a luxury hotel property in San Francisco, CA.
* For the complete list of asset type abbreviations, please visit https://fd.house.gov/reference/asset-type-codes.aspx.
C       
I       P      O        
 Yes  No
C                 S        
 I CERTIFY that the statements I have made on the attached Periodic Transaction Report are true, complete, and correct to the best of
my knowledge and belief. Further, I CERTIFY that I have disclosed all transactions as required by the STOCK Act.
Digitally Signed: Hon. Nancy Pelosi , 04/06/2023
Filing ID #20022664"
20023080,998,"P        T           R     
Clerk of the House of Representatives • Legislative Resource Center • 135 Cannon Building • Washington, DC 20515
F     I          
Name: Hon. Nancy Pelosi
Status: Member
State/District: CA11
T           
ID Owner Asset Transaction
Type
Date Notification
Date
Amount Cap.
Gains >
$200?
SP Apple Inc. (AAPL) [ST] S (partial) 05/08/2023 05/08/2023 $500,001 -
$1,000,000
F      S     : New
D          : Contribution of 2,900 shares held personally to Trinity College.
* For the complete list of asset type abbreviations, please visit https://fd.house.gov/reference/asset-type-codes.aspx.
C       
I       P      O        
 Yes  No
C                 S        
 I CERTIFY that the statements I have made on the attached Periodic Transaction Report are true, complete, and correct to the best of
my knowledge and belief. Further, I CERTIFY that I have disclosed all transactions as required by the STOCK Act.
Digitally Signed: Hon. Nancy Pelosi , 06/06/2023
Filing ID #20023080"
20023192,1277,"P        T           R     
Clerk of the House of Representatives • Legislative Resource Center • 135 Cannon Building • Washington, DC 20515
F     I          
Name: Hon. Nancy Pelosi
Status: Member
State/District: CA11
T           
ID Owner Asset Transaction
Type
Date Notification
Date
Amount Cap.
Gains >
$200?
SP Apple Inc. (AAPL) [ST] P 06/15/2023 06/15/2023 $250,001 -
$500,000
F      S     : New
D          : Exercised 50 call options purchased 5/24/22 (5,000 shares) at a strike price of $80 with an expiration date of
6/16/23.
SP Microsoft Corporation (MSFT) [ST] P 06/15/2023 06/15/2023 $500,001 -
$1,000,000
F      S     : New
D          : Exercised 50 call options purchased 5/24/22 (5,000 shares) at a strike price of $180 with an expiration date
of 6/16/23.
* For the complete list of asset type abbreviations, please visit https://fd.house.gov/reference/asset-type-codes.aspx.
C       
I       P      O        
 Yes  No
C                 S        
 I CERTIFY that the statements I have made on the attached Periodic Transaction Report are true, complete, and correct to the best of
my knowledge and belief. Further, I CERTIFY that I have disclosed all transactions as required by the STOCK Act.
Digitally Signed: Hon. Nancy Pelosi , 06/22/2023
Filing ID #20023192"
20024186,1014,"P        T           R     
Clerk of the House of Representatives • Legislative Resource Center • 135 Cannon Building • Washington, DC 20515
F     I          
Name: Hon. Nancy Pelosi
Status: Member
State/District: CA11
T           
ID Owner Asset Transaction
Type
Date Notification
Date
Amount Cap.
Gains >
$200?
SP NVIDIA Corporation (NVDA) [OP] P 11/22/2023 11/22/2023 $1,000,001 -
$5,000,000
F      S     : New
D          : Purchased 50 call options with a strike price of $120 and an expiration date of 12/20/24.
* For the complete list of asset type abbreviations, please visit https://fd.house.gov/reference/asset-type-codes.aspx.
I       P      O        
 Yes  No
C                 S        
 I CERTIFY that the statements I have made on the attached Periodic Transaction Report are true, complete, and correct to the best of
my knowledge and belief. Further, I CERTIFY that I have disclosed all transactions as required by the STOCK Act.
Digitally Signed: Hon. Nancy Pelosi , 12/21/2023
Filing ID #20024186"
20024542,1222,"P        T           R     
Clerk of the House of Representatives • Legislative Resource Center • 135 Cannon Building • Washington, DC 20515
F     I          
Name: Hon. Nancy Pelosi
Status: Member
State/District: CA11
T           
ID Owner Asset Transaction
Type
Date Notification
Date
Amount Cap.
Gains >
$200?
SP Palo Alto Networks, Inc. (PANW)
[OP]
P 02/12/2024 02/12/2024 $500,001 -
$1,000,000
F      S     : New
D          : Purchased 50 call options with a strike price of $200 and an expiration date of 1/17/25.
SP Palo Alto Networks, Inc. (PANW)
[OP]
P 02/21/2024 02/21/2024 $100,001 -
$250,000
F      S     : New
D          : Purchased 20 call options with a strike price of $200 and an expiration date of 1/17/25.
* For the complete list of asset type abbreviations, please visit https://fd.house.gov/reference/asset-type-codes.aspx.
I       P      O        
 Yes  No
C                 S        
 I CERTIFY that the statements I have made on the attached Periodic Transaction Report are true, complete, and correct to the best of
my knowledge and belief. Further, I CERTIFY that I have disclosed all transactions as required by the STOCK Act.
Digitally Signed: Hon. Nancy Pelosi , 02/23/2024
Filing ID #20024542"
20024625,1064,"P        T           R     
Clerk of the House of Representatives • Legislative Resource Center • 135 Cannon Building • Washington, DC 20515
F     I          
Name: Hon. Nancy Pelosi
Status: Member
State/District: CA11
T           
ID Owner Asset Transaction
Type
Date Notification
Date
Amount Cap.
Gains >
$200?
SP Forge Investments, LLC [AB] P 03/04/2024 03/04/2024 $1,000,001 -
$5,000,000
F      S     : New
D          : Investment in fund that owns Databricks stock. Databricks is a San Francisco engineering and analytic
software company based on AI technology.
* For the complete list of asset type abbreviations, please visit https://fd.house.gov/reference/asset-type-codes.aspx.
I       P      O        
 Yes  No
C                 S        
 I CERTIFY that the statements I have made on the attached Periodic Transaction Report are true, complete, and correct to the best of
my knowledge and belief. Further, I CERTIFY that I have disclosed all transactions as required by the STOCK Act.
Digitally Signed: Hon. Nancy Pelosi , 03/21/2024
Filing ID #20024625"
20025368,1443,"P        T           R     
Clerk of the House of Representatives • Legislative Resource Center • B81 Cannon Building • Washington, DC 20515
F     I          
Name: Hon. Nancy Pelosi
Status: Member
State/District: CA11
T           
ID Owner Asset Transaction
Type
Date Notification
Date
Amount Cap.
Gains >
$200?
SP Broadcom Inc. - Common Stock
(AVGO) [OP]
P 06/24/2024 06/24/2024 $1,000,001 -
$5,000,000
F      S     : New
D          : Purchased 20 call options with a strike price of $800 and an expiration date of 6/20/25.
SP NVIDIA Corporation - Common
Stock (NVDA) [ST]
P 06/26/2024 06/26/2024 $1,000,001 -
$5,000,000
F      S     : New
D          : Purchased 10,000 shares.
SP Tesla, Inc. - Common Stock (TSLA)
[ST]
S 06/24/2024 06/24/2024 $250,001 -
$500,000
F      S     : New
D          : Sold 2,500 shares.
SP Visa Inc. (V) [ST] S (partial) 07/01/2024 07/01/2024 $500,001 -
$1,000,000
F      S     : New
D          : Sold 2,000 shares.
* For the complete list of asset type abbreviations, please visit https://fd.house.gov/reference/asset-type-codes.aspx.
I       P      O        
 Yes  No
C                 S        
 I CERTIFY that the statements I have made on the attached Periodic Transaction Report are true, complete, and correct to the best of
my knowledge and belief. Further, I CERTIFY that I have disclosed all transactions as required by the STOCK Act.
Filing ID #20025368
Digitally Signed: Hon. Nancy Pelosi , 07/02/2024"
20025535,1125,"P        T           R     
Clerk of the House of Representatives • Legislative Resource Center • B81 Cannon Building • Washington, DC 20515
F     I          
Name: Hon. Nancy Pelosi
Status: Member
State/District: CA11
T           
ID Owner Asset Transaction
Type
Date Notification
Date
Amount Cap.
Gains >
$200?
SP Microsoft Corporation - Common
Stock (MSFT) [ST]
S (partial) 07/26/2024 07/26/2024 $1,000,001 -
$5,000,000
F      S     : New
D          : Sold 5,000 shares.
SP NVIDIA Corporation - Common Stock
(NVDA) [ST]
P 07/26/2024 07/26/2024 $1,000,001 -
$5,000,000
F      S     : New
D          : Purchased 10,000 shares.
* For the complete list of asset type abbreviations, please visit https://fd.house.gov/reference/asset-type-codes.aspx.
I       P      O        
 Yes  No
C                 S        
 I CERTIFY that the statements I have made on the attached Periodic Transaction Report are true, complete, and correct to the best of
my knowledge and belief. Further, I CERTIFY that I have disclosed all transactions as required by the STOCK Act.
Digitally Signed: Hon. Nancy Pelosi , 07/30/2024
Filing ID #20025535"
20025819,1031,"P        T           R     
Clerk of the House of Representatives • Legislative Resource Center • B81 Cannon Building • Washington, DC 20515
F     I          
Name: Hon. Nancy Pelosi
Status: Member
State/District: CA11
T           
ID Owner Asset Transaction
Type
Date Notification
Date
Amount Cap.
Gains >
$200?
SP REOF XXVI, LLC [AB] P 08/13/2024 08/13/2024 $250,001 -
$500,000
F      S     : New
D          : Investment in LLC which is acquiring and managing a commercial office property at 631 Howard Street in
San Francisco, CA.
* For the complete list of asset type abbreviations, please visit https://fd.house.gov/reference/asset-type-codes.aspx.
I       P      O        
 Yes  No
C                 S        
 I CERTIFY that the statements I have made on the attached Periodic Transaction Report are true, complete, and correct to the best of
my knowledge and belief. Further, I CERTIFY that I have disclosed all transactions as required by the STOCK Act.
Digitally Signed: Hon. Nancy Pelosi , 09/11/2024
Filing ID #20025819"
20026590,2772,"P        T           R     
Clerk of the House of Representatives • Legislative Resource Center • B81 Cannon Building • Washington, DC 20515
F     I          
Name: Hon. Nancy Pelosi
Status: Member
State/District: CA11
T           
ID Owner Asset Transaction
Type
Date Notification
Date
Amount Cap.
Gains >
$200?
SP Alphabet Inc. - Class A Common
Stock (GOOGL) [OP]
P 01/14/2025 01/14/2025 $250,001 -
$500,000
F      S     : New
D          : Purchased 50 call options with a strike price of $150 and an expiration date of 1/16/26.
SP Amazon.com, Inc. - Common Stock
(AMZN) [OP]
P 01/14/2025 01/14/2025 $250,001 -
$500,000
F      S     : New
D          : Purchased 50 call options with a strike price of $150 and an expiration date of 1/16/26.
SP Apple Inc. - Common Stock (AAPL)
[ST]
S (partial) 12/31/2024 12/31/2024 $5,000,001 -
$25,000,000
F      S     : New
D          : Sold 31,600 shares.
SP NVIDIA Corporation - Common
Stock (NVDA) [ST]
S (partial) 12/31/2024 12/31/2024 $1,000,001 -
$5,000,000
F      S     : New
D          : Sold 10,000 shares.
SP NVIDIA Corporation - Common
Stock (NVDA) [ST]
P 12/20/2024 12/20/2024 $500,001 -
$1,000,000
F      S     : New
D          : Exercised 500 call options purchased 11/22/23 (50,000 shares) at a strike price of $12 with an expiration date
of 12/20/24.
SP NVIDIA Corporation - Common
Stock (NVDA) [OP]
P 01/14/2025 01/14/2025 $250,001 -
$500,000
F      S     : New
Filing ID #20026590
ID Owner Asset Transaction
Type
Date Notification
Date
Amount Cap.
Gains >
$200?
D          : Purchased 50 call options with a strike price of $80 and an expiration date of 1/16/26.
SP Palo Alto Networks, Inc. (PANW)
[ST]
P 12/20/2024 12/20/2024 $1,000,001 -
$5,000,000
F      S     : New
D          : Exercised 140 call options purchased 2/12/24 & 2/21/24 (14,000 shares) at a strike price of $100 with an
expiration date of 12/20/24.
SP Tempus AI, Inc. - Class A Common
Stock (TEM) [OP]
P 01/14/2025 01/14/2025 $50,001 -
$100,000
F      S     : New
D          : Purchased 50 call options with a strike price of $20 and an expiration date of 1/16/26.
SP Vistra Corp. Common Stock (VST)
[OP]
P 01/14/2025 01/14/2025 $500,001 -
$1,000,000
F      S     : New
D          : Purchased 50 call options with a strike price of $50 and an expiration date of 1/16/26.
* For the complete list of asset type abbreviations, please visit https://fd.house.gov/reference/asset-type-codes.aspx.
I       P      O        
 Yes  No
C                 S        
 I CERTIFY that the statements I have made on the attached Periodic Transaction Report are true, complete, and correct to the best of
my knowledge and belief. Further, I CERTIFY that I have disclosed all transactions as required by the STOCK Act.
Digitally Signed: Hon. Nancy Pelosi , 01/17/2025"
20030630,1251,"P        T           R     
Clerk of the House of Representatives • Legislative Resource Center • B81 Cannon Building • Washington, DC 20515
F     I          
Name: Hon. Nancy Pelosi
Status: Member
State/District: CA11
T           
ID Owner Asset Transaction
Type
Date Notification
Date
Amount Cap.
Gains >
$200?
SP Broadcom Inc. - Common Stock
(AVGO) [ST]
P 06/20/2025 06/20/2025 $1,000,001 -
$5,000,000
F      S     : New
D          : Exercised 200 call options purchased 6/24/24 (20,000 shares) at a strike price of $80 with an expiration date
of 6/20/25.
SP Matthews International Mutual Fund
[OT]
S 06/20/2025 06/20/2025 $15,001 - $50,000
F      S     : New
L       : US
D          : Sale of 2,822 units.
C       : Loss of $28,948 on sale.
* For the complete list of asset type abbreviations, please visit https://fd.house.gov/reference/asset-type-codes.aspx.
C       
I       P      O        
 Yes  No
C                 S        
 I CERTIFY that the statements I have made on the attached Periodic Transaction Report are true, complete, and correct to the best of
my knowledge and belief. Further, I CERTIFY that I have disclosed all transactions as required by the STOCK Act.
Digitally Signed: Hon. Nancy Pelosi , 07/09/2025
Filing ID #20030630"
20033337,1021,"P        T           R     
Clerk of the House of Representatives • Legislative Resource Center • B81 Cannon Building • Washington, DC 20515
F     I          
Name: Hon. Nancy Pelosi
Status: Member
State/District: CA11
T           
ID Owner Asset Transaction
Type
Date Notification
Date
Amount Cap.
Gains >
$200?
SP Apple Inc. - Common Stock (AAPL)
[ST]
S (partial) 10/22/2025 10/22/2025 $100,001 -
$250,000
F      S     : New
D          : Contribution of 382 shares held personally to Trinity University in Washington, DC.
* For the complete list of asset type abbreviations, please visit https://fd.house.gov/reference/asset-type-codes.aspx.
I       P      O        
 Yes  No
C                 S        
 I CERTIFY that the statements I have made on the attached Periodic Transaction Report are true, complete, and correct to the best of
my knowledge and belief. Further, I CERTIFY that I have disclosed all transactions as required by the STOCK Act.
Digitally Signed: Hon. Nancy Pelosi , 10/24/2025
Filing ID #20033337"
20033725,4628,"P        T           R     
Clerk of the House of Representatives • Legislative Resource Center • B81 Cannon Building • Washington, DC 20515
F     I          
Name: Hon. Nancy Pelosi
Status: Member
State/District: CA11
T           
ID Owner Asset Transaction
Type
Date Notification
Date
Amount Cap.
Gains >
$200?
SP AllianceBernstein Holding L.P. Units
(AB) [AB]
P 01/16/2026 01/16/2026 $1,000,001 -
$5,000,000
F      S     : New
D          : Purchased 25,000 shares.
SP Alphabet Inc. - Class A Common
Stock (GOOGL) [ST]
P 01/16/2026 01/16/2026 $500,001 -
$1,000,000
F      S     : New
D          : Exercised 50 call options purchased 1/14/25 (5,000 shares) at a strike price of $150 with an expiration date of
1/16/26.
SP Alphabet Inc. - Class A Common
Stock (GOOGL) [OP]
P 12/30/2025 12/30/2025 $250,001 -
$500,000
F      S     : New
D          : Purchased 20 call options with a strike price of $150 and an expiration date of 1/15/27.
SP Alphabet Inc. - Class A Common
Stock (GOOGL) [ST]
S (partial) 12/30/2025 12/30/2025 $1,000,001 -
$5,000,000
F      S     : New
D          : Contribution of 7,704 shares held personally to Donor-Advised Fund.
SP Amazon.com, Inc. - Common Stock
(AMZN) [OP]
P 12/30/2025 12/30/2025 $100,001 -
$250,000
F      S     : New
D          : Purchased 20 call options with a strike price of $120 and an expiration date of 1/15/27.
SP Amazon.com, Inc. - Common Stock
(AMZN) [ST]
S (partial) 12/24/2025 12/24/2025 $1,000,001 -
$5,000,000
F      S     : New
Filing ID #20033725
ID Owner Asset Transaction
Type
Date Notification
Date
Amount Cap.
Gains >
$200?
D          : Sold 20,000 shares.
SP Amazon.com, Inc. - Common Stock
(AMZN) [ST]
P 01/16/2026 01/16/2026 $500,001 -
$1,000,000
F      S     : New
D          : Exercised 50 call options purchased 1/14/25 (5,000 shares) at a strike price of $150 with an expiration date of
1/16/26.
SP Apple Inc. - Common Stock (AAPL)
[ST]
S (partial) 12/24/2025 12/24/2025 $5,000,001 -
$25,000,000
F      S     : New
D          : Sold 45,000 shares.
SP Apple Inc. - Common Stock (AAPL)
[OP]
P 12/30/2025 12/30/2025 $250,001 -
$500,000
F      S     : New
D          : Purchased 20 call options with a strike price of $100 and an expiration date of 1/15/27.
SP Apple Inc. - Common Stock (AAPL)
[ST]
S (partial) 12/30/2025 12/30/2025 $5,000,001 -
$25,000,000
F      S     : New
D          : Contribution of 28,200 shares to Donor-Advised Fund.
SP NVIDIA Corporation - Common Stock
(NVDA) [OP]
P 12/30/2025 12/30/2025 $100,001 -
$250,000
F      S     : New
D          : Purchased 20 call options with a strike price of $100 and an expiration date of 1/15/27.
SP NVIDIA Corporation - Common Stock
(NVDA) [ST]
S (partial) 12/24/2025 12/24/2025 $1,000,001 -
$5,000,000
F      S     : New
D          : Sold 20,000 shares.
SP NVIDIA Corporation - Common Stock
(NVDA) [ST]
P 01/16/2026 01/16/2026 $250,001 -
$500,000
F      S     : New
D          : Exercised 50 call options purchased 1/14/25 (5,000 shares) at a strike price of $80 with an expiration date of
1/16/26.
SP PayPal Holdings, Inc. - Common
Stock (PYPL) [ST]
S 12/30/2025 12/30/2025 $250,001 -
$500,000
F      S     : New
D          : Sold 5,000 shares.
SP Tempus AI, Inc. - Class A Common P 01/16/2026 01/16/2026 $50,001 -
ID Owner Asset Transaction
Type
Date Notification
Date
Amount Cap.
Gains >
$200?
Stock (TEM) [ST] $100,000
F      S     : New
D          : Exercised 50 call options purchased 1/14/25 (5,000 shares) at a strike price of $20 with an expiration date of
1/16/26.
SP Versant Media Group, Inc. - Class A
Common Stock (VSNT) [ST]
E 01/02/2026 01/02/2026 $15.00
F      S     : New
D          : 776 shares and cash in lieu received as a result of spinoff from Comcast Corporation. No shares of Comcast
were surrendered as a result of the spinoff.
SP Vistra Corp. Common Stock (VST)
[ST]
P 01/16/2026 01/16/2026 $100,001 -
$250,000
F      S     : New
D          : Exercised 50 call options purchased 1/14/25 (5,000 shares) at a strike price of $50 with an expiration date of
1/16/26.
SP Walt Disney Company (DIS) [ST] S 12/30/2025 12/30/2025 $1,000,001 -
$5,000,000
F      S     : New
D          : Sold 10,000 shares.
* For the complete list of asset type abbreviations, please visit https://fd.house.gov/reference/asset-type-codes.aspx.
I       P      O        
 Yes  No
C                 S        
 I CERTIFY that the statements I have made on the attached Periodic Transaction Report are true, complete, and correct to the best of
my knowledge and belief. Further, I CERTIFY that I have disclosed all transactions as required by the STOCK Act.
Digitally Signed: Hon. Nancy Pelosi , 01/23/2026"
20034836,1246,"P        T           R     
Clerk of the House of Representatives • Legislative Resource Center • B81 Cannon Building • Washington, DC 20515
F     I          
Name: Hon. Nancy Pelosi
Status: Member
State/District: CA11
T           
ID Owner Asset Transaction
Type
Date Notification
Date
Amount Cap.
Gains >
$200?
SP Intel Corporation - Common Stock
(INTC) [OP]
P 05/29/2026 05/29/2026 $1,000,001 -
$5,000,000
F      S     : New
D          : Purchased 200 call options with a strike price of $50 and an expiration date of 3/19/27.
SP Uber Technologies, Inc. Common
Stock (UBER) [OP]
P 05/29/2026 05/29/2026 $500,001 -
$1,000,000
F      S     : New
D          : Purchased 200 call options with a strike price of $50 and an expiration date of 3/19/27.
* For the complete list of asset type abbreviations, please visit https://fd.house.gov/reference/asset-type-codes.aspx.
I       P      O        
 Yes  No
C                 S        
 I CERTIFY that the statements I have made on the attached Periodic Transaction Report are true, complete, and correct to the best of
my knowledge and belief. Further, I CERTIFY that I have disclosed all transactions as required by the STOCK Act.
Digitally Signed: Hon. Nancy Pelosi , 06/23/2026
Filing ID #20034836"
20035143,2243,"P        T           R     
Clerk of the House of Representatives • Legislative Resource Center • B81 Cannon Building • Washington, DC 20515
F     I          
Name: Hon. Nancy Pelosi
Status: Member
State/District: CA11
T           
ID Owner Asset Transaction
Type
Date Notification
Date
Amount Cap.
Gains >
$200?
SP Bloom Energy Corporation Class A
Common Stock (BE) [ST]
P 07/24/2026 07/24/2026 $1,000,001 -
$5,000,000
F      S     : New
D          : Purchased 10,000 shares.
SP Bloom Energy Corporation Class A
Common Stock (BE) [OP]
P 07/24/2026 07/24/2026 $1,000,001 -
$5,000,000
F      S     : New
D          : Purchased 100 call options with a strike price of $100 and an expiration date of 6/17/27.
SP Bloom Energy Corporation Class A
Common Stock (BE) [ST]
P 07/28/2026 07/28/2026 $500,001 -
$1,000,000
F      S     : New
D          : Purchased 5,000 shares.
SP Bloom Energy Corporation Class A
Common Stock (BE) [OP]
P 07/28/2026 07/28/2026 $500,001 -
$1,000,000
F      S     : New
D          : Purchased 100 call options with a strike price of $100 and an expiration date of 6/17/27.
SP Intel Corporation - Common Stock
(INTC) [OP]
P 07/24/2026 07/24/2026 $250,001 -
$500,000
F      S     : New
D          : Purchased 50 call options with a strike price of $50 and an expiration date of 6/17/27.
SP Intel Corporation - Common Stock
(INTC) [ST]
P 07/24/2026 07/24/2026 $500,001 -
$1,000,000
F      S     : New
D          : Purchased 10,000 shares.
Filing ID #20035143
ID Owner Asset Transaction
Type
Date Notification
Date
Amount Cap.
Gains >
$200?
SP REOF XXV, LLC [AB] P 07/27/2026 07/27/2026 $500,001 -
$1,000,000
F      S     : New
D          : Additional investment in LLC which is acquiring and restoring a luxury hotel property in San Francisco, CA.
* For the complete list of asset type abbreviations, please visit https://fd.house.gov/reference/asset-type-codes.aspx.
I       P      O        
 Yes  No
C                 S        
 I CERTIFY that the statements I have made on the attached Periodic Transaction Report are true, complete, and correct to the best of
my knowledge and belief. Further, I CERTIFY that I have disclosed all transactions as required by the STOCK Act.
Digitally Signed: Hon. Nancy Pelosi , 08/21/2026"
20035553,1030,"P        T           R     
Clerk of the House of Representatives • Legislative Resource Center • B81 Cannon Building • Washington, DC 20515
F     I          
Name: Hon. Nancy Pelosi
Status: Member
State/District: CA11
T           
ID Owner Asset Transaction
Type
Date Notification
Date
Amount Cap.
Gains >
$200?
SP REOF XXX, LLC [AB] P 09/08/2026 09/08/2026 $500,001 -
$1,000,000
F      S     : New
D          : Investment in LLC which is acquiring and managing a commercial office property at 225 Bush Street in San
Francisco, CA.
* For the complete list of asset type abbreviations, please visit https://fd.house.gov/reference/asset-type-codes.aspx.
I       P      O        
 Yes  No
C                 S        
 I CERTIFY that the statements I have made on the attached Periodic Transaction Report are true, complete, and correct to the best of
my knowledge and belief. Further, I CERTIFY that I have disclosed all transactions as required by the STOCK Act.
Digitally Signed: Hon. Nancy Pelosi , 10/02/2026
Filing ID #20035553"
8214491,1,"
"
