tk,member_trades,members,name
DIS,700,104,Disney Walt Co. New common stock (3)
T,630,92,AT&T Inc. common stock (1)
JNJ,599,101,Johnson & Johnson common stock
PFE,560,85,"Pfizer, Inc. (PFE)"
MRK,528,74,"Merck & Company, Inc. Common Stock (MRK)"
VZ,522,92,Verizon Communications Inc. (VZ)
CVS,429,72,CVS Caremark Corporation (NYSE)
GE,422,95,GENERAL ELECTRIC
LIN,279,41,LINDE PLC COM STK
DISCA,270,18,"Discovery Communications, Inc. - Series A (DISCA)"
DD,236,32,DU PONT E I DE NEMOURS
CELG,228,28,CELGENE CORP
CORE,216,3,CORE MARK HOLDING CO
BDX,216,34,"Becton, Dickinson and Company (BDX)"
ALXN,214,13,"Alexion Pharmaceuticals, Inc. (ALXN)"
WMB,214,30,"Williams Companies, Inc. (WMB)"
WBA,213,33,"Walgreens Boots Alliance, Inc. (WBA)"
DENN,203,3,DENNYS CORPORATION
AGN,199,33,ALLERGAN INC STOCK
NVS,188,32,Novartis AG (NVS)
TMUS,183,25,"T-Mobile US, Inc. (TMUS)"
MMC,178,27,"Marsh & McLennan Companies, Inc. (NYSE)"
UTX,177,41,UNITED TECHS CORP
BK,176,25,Bank of New York Mellon Corp. (stock) NYSE
FLT,172,8,FLEETCOR TECHNOLOGIES INC
CFI,169,1,CULP INC
HBI,168,11,Hanesbrands Inc. (HBI)
VFC,167,26,V.F. Corporation (NYSE)
ATVI,167,23,"Activision Blizzard, Inc (ATVI)"
TFC,161,26,Truist Financial Corporation (TFC) [ST]
FDC,160,5,FIRST DATA CORPORATION CMN CLASS A
CBPX,158,1,Continental Building Products Inc
ET,153,16,Energy Transfer
LMRK,149,2,Landmark Infrastructure Partners
OKE,148,21,ONEOK Inc. (NYSE)
PXD,147,19,Pioneer Nat. Res.
TWTR,146,19,Twitter Inc. common stock (1)
TSC,144,1,TriState Capital Holdings Inc
FEYE,142,12,FireEye Inc. common stock
WPX,139,9,WPX ENERGY INC
RTX,137,35,Raytheon Technologies Corporation (RTX)
CERN,136,19,"Cerner Corp, Stock"
WFM,135,14,"Whole Foods Market, Inc. (WFM)"
FTV,135,26,Fortive Corporation
TBK,132,1,TRIUMPH BANCORP INC
SQ,129,20,SQUARE INC SHS CL A
SIRI,129,12,Sirius XM Holdings Inc. (SIRI)
ABC,125,17,Amerisource Bergen
ESRX,124,24,Express Scripts Holding Company (NASDAQ)
CTL,124,15,"CenturyLink, Inc. (CTL)"
FRC,123,10,FIRST REP BK SAN FRANCISCO CAL (FRC)
CBF,122,1,Capital Bank Financial
ANSS,122,11,Ansys Inc
ORIT,122,1,ORITANI FINANCIAL CORP
LORL,117,1,LORAL SPACE & COMMUNICATIONS
DFS,117,30,Discover Financial Services (DFS)
HUD,116,1,Hudson Ltd
AM,112,11,Antero Midstream Partners LP (NYSE)
CARR,111,22,Carrier Global Corporation (CARR)
CBS,111,19,CBS Corp. CI B common stock (3)
ANTM,108,21,Anthem INC Option CALL 150619C150
MDLY,108,1,MEDLEY MANAGEMENT INC
MRC,107,1,MRC GLOBAL INC
LGF-B,107,4,Lions Gate Entertainment Corporation Class B Non-Voting Shares (LGF.B)
GPP,103,2,GREEN PLAINS PARTNERS LP
WBD,103,20,"Warner Bros. Discovery, Inc. - Series A (WBD)"
OTIS,102,22,Otis Worldwide Corporation (OTIS)
TWX,100,25,Time Warner Inc. (NYSE)
IFF,94,19,INTL FLAVORS & FRAGRANCES
SHPG,93,11,SHIRE PLC STOCK
MMP,93,12,MAGELLAN MIDSTREAM PARTNERS LP
RNET,90,1,RIGNET INC
DEL,90,2,Deltic Timber Corporation (DEL)
HOLX,88,12,"Hologic, Inc."
NLSN,86,13,Nielsen Hldgs NV common stock (2)
NGHC,86,1,NATIONAL GENERAL HOLDINGS CORP
VMW,85,14,VMWARE INCORPORATED CLASS A COM (VMW)
KSU,83,10,Kansas City Southern (KSU)
STAY,83,5,EXTENDED STAY AMERICA INC
PCP,82,10,Precision Castparts Corp. (NYSE)
MRO,81,14,Marathon Oil Corporation (MRO)
RTN,81,24,RAYTHEON CO
RDS-A,81,18,Royal Dutch Shell PLC Royal Dutch Shell American Depositary Shares (RDS.A)
X,78,11,United States Steel
SRCL,78,10,"Stericycle, Inc. (NASDAQ)"
K,78,15,Kellogg Co.
SNV,77,4,SYNOVUS FINANCIAL CORPORATION
MPLX,76,11,MPLX LP
SATS,75,4,ECHOSTAR CORPORATION
FI,74,13,"FISERV, INC. CMN"
IPG,74,9,"Interpublic Group of Companies, Inc. (IPG)"
HBMD,74,1,HOWARD BANCORP INC
NBL,74,9,NOBLE ENERGY INC
DELL,74,14,Dell Technologies Inc. Class C (DELL)
PKI,73,8,Perkinelmer Inc - stock
WRK,71,8,Mead Westvaco merged with RockTenn to form Westvock
HBAN,69,14,HUNTINGTN BANCSHS INC
SHLX,69,7,"Shell Midstream Partners, L.P. Common Units representing Limited Partner Interests (SHLX)"
CHL,69,12,China Mobile Calls 1/15 52.5
PPBI,68,3,PACIFIC PREMIER BANCORP
LDL,67,1,"Lydall, Inc."
HDS,67,10,"HD SUPPLY HLDGS, INC."
THR,67,5,THERMON GROUP HOLDINGS
HES,67,10,Hess Corp. common stock (1)
SIVB,66,9,SVB FINL GROUP (SIVB)
SGH,65,2,Smart Global Holdings Inc
DNB,65,9,DUN & BRADSTREET CORP
VLP,65,6,Valero Energy Prtnrs LP
AET,64,12,Aetna Inc. common stock (3)
DWDP,64,22,Dowdupont Inc Received as mandatory Exchange of DuPont E I De Nemours
DEST,63,2,Destination Maternity
CNHI,63,3,CNH Industrial NV (stock) NYSE
MON,63,5,Monsanto Company (MON)
MHLD,63,2,MAIDEN HOLDINGS LTD
MGLN,62,1,Magellan Health Inc
CMA,62,11,Comerica Incorporated (CMA)
SKX,61,7,Sketchers USA
ASCMA,61,1,ASCENT CAPITAL GROUP INC
CTXS,61,11,Citrix Systems
CTLT,61,10,CATALENT INCORPORATED (CTLT)
RHT,60,14,"Red Hat, Inc. (NYSE)"
ENLC,60,6,"EnLink Midstream, LLC (NYSE)"
DGI,60,2,DIGITALGLOBE INC COM
MTSC,59,3,MTS Systems Corporation (NASDAQ)
LSXMK,59,8,Liberty Media Corporation - Series C Liberty SiriusXM (LSXMK)
ENB,59,21,ENBRIDGE INC
VTRS,58,16,Viatris Inc. (VTRS)
AVP,58,3,AVON PRODUCTS INC
NLOK,57,3,NORTONLIFELOCK IN CMN
JWN,57,12,Nordstrom Inc.
IPHS,56,1,INNOPHOS HOLDINGS INC
PX,56,15,Praxair Inc. (NYSE)
KVUE,56,10,Kenvue Inc. (KVUE)
KTB,56,7,"Kontoor Brands, Inc."
GEHC,54,8,GE HEALTHCARE TECHNOLOGIES INC CMN
CLGX,54,2,CORELOGIC INC
PSXP,53,7,Phillips 66 Partners LP Common Units representing limited partner interest in the Partnership (PSXP)
CATM,52,5,CARDTRONICS INC
LVLT,52,5,"Level 3 Communications, Inc. (stock) NYSE"
SEE,51,16,SEALED AIR CORP
KAR,51,6,"KAR Auction Services, Inc."
PCH,51,4,Potlach Corp
MGI,51,2,MONEYGRAM INTERNATIONAL INC
ADS,50,8,ALLIANCE DATA SYSTEMS CORPORATION (ADS)
KMG,50,1,KMG CHEMICALS INC
MYL,50,11,Mylan Inc. (MYL)
OGN,50,6,Organon & Co
TDY,50,11,TELEDYNE TECHNOLOGIES INC
XLNX,48,10,XILINX Inc.
AMCR,48,10,AMCOR PLC CMN
PRSC,48,1,PROVIDENCE SVC
BECN,48,6,BEACON ROOFING SUPPLY INC
ETE,48,6,"Energy Transfer Equity, L.P. Energy Transfer Equity, L.P. Common Units representing Limited Partnership interests (ETE)"
XEC,47,5,CIMAREX ENERGY CO
VSM,46,8,"Versum Materials, Inc. (VSM)"
VBTX,46,2,Veritex Holdings Inc
SNE,46,9,SONY CORP ADR
WLTW,46,7,Willis Towers Watson Public Limited Company - Ordinary Shares (WLTW)
ABMD,45,5,ABIOMED INCORPORATED (ABMD)
ACAS,44,1,AMERICAN CAPITAL LIMITED
WFT,44,5,WEATHERFORD INTL PLC
VIAB,44,10,Viacom Inc
ETP,43,11,"Energy Transfer Partners, L.P. ENERGY TRANSFER PARNTERS (ETP)"
EQT,43,8,EQT CORPORATION
CLR,42,6,CONTINENTAL RESOURCES (STOCK)
POT,42,10,Potash Corporation of Saskatchewan Inc. (POT)
DLPH,42,7,Delphi Automotive plc Ordinary Shares (DLPH)
DRII,42,1,DIAMOND RESORTS INTERNATIONAL INC
BRS,42,2,Bristow Grp.
VNTV,41,5,VANTIV INCORPORATED CLASS A (VNTV)
DSW,40,2,DSW Inc. (DSW)
BPL,40,7,BUCKEYE PARTNERS LP
BLL,40,9,BALL CORP COM
RDS-B,40,15,Royal Dutch Shell PLC Royal Dutch Shell PLC American Depositary Shares (RDS.B)
BXS,39,5,BANCORPSOUTH INC
DISH,39,8,Dish Network Corp. (NASDAQ)
ERJ,39,4,EMBRAER S A
BKI,39,4,"Black Knight, Inc."
TCF,39,2,TCF FINANCIAL CORP MINN
SPLK,38,7,Splunk Inc. (SPLK)
GFIG,38,1,GFI GROUP INC
CXO,38,4,CONCHO RESOURCES INC. CMN
AIRM,38,3,AIR METHODS CORP
FBHS,38,5,"Fortune Brands Home & Security, Inc. (FBHS)"
KORS,37,6,Michael Kors Holdings Limited Ordinary Shares (KORS)
ELRC,37,2,ELECTRO RENT CORP
WWAV,37,3,WhiteWave Foods CI A common stock (3)
BERY,37,9,BERRY PLASTICS GROUP INCORPORATED (BERY)
TYC,36,8,Tyco International LTD New
JNPR,36,4,JUNIPER NETWORKS INCORPORATED (JNPR)
ETFC,36,9,E TRADE FINANCIAL CORPORATION
STRZA,36,3,Starz Liberty
ROAN,36,1,Roan Resources Inc
YNDX,36,8,YANDEX N V
PBFX,35,1,PBF Logistics LP Common Units representing limited partner interests (PBFX)
WPZ,35,7,WILLIAMS PARTNERS LP
PEAK,35,6,"Healthpeak Properties, Inc. (PEAK)"
NRF,35,2,NORTHSTAR REALTY FINANCE CORP
UNVR,35,4,UNIVAR INC (stock)
VSLR,35,2,"Vivint Solar, Inc. (VSLR)"
EXAS,35,8,Exact Sciences Corporation (EXAS)
MJN,34,5,MEAD JOHNSON NUTRITION COMPANY
AEL,33,3,AMERICAN EQUITY INVESTMENT LIFE HOLDING CO
VAR,33,9,"Varian Medical Systems, Inc. (NYSE)"
ENBL,33,2,"Enable Midstream Partners, LP Common Units representing limited partner interests (ENBL)"
SWN,33,6,Southwest Energy
TGNA,32,4,TEGNA Inc (TGNA)
COH,32,9,Coach Inc. common stock (3)
SPX,32,2,100 SH SPX
TLLP,32,6,Tesoro Logistics LP Common Units representing Limited Partner Interests (TLLP)
MHFI,31,2,MCGRAW HILL FNCL
ECOM,31,2,ChannelAdvisor Corporation (ECOM)
CFX,31,4,COLFAX CORPORATION
WIFI,30,1,BOINGO WIRELESS INC
BHI,30,6,Baker Hughes Incorporated (NYSE)
NSAM,30,2,North Star Asset Mgmt Group
ABB,30,11,ABB Ltd (ABB)
CHK,29,6,Chesapeake Energy Corporation (stock) NYSE
DPS,29,7,DR PEPPER SNAPPLE GROUP INC STOCK
GPS,29,6,"Gap, Inc. (GPS)"
ZBB,29,1,ZBB Energy Corp
PDCE,29,4,PDC ENERGY INC
RADI,29,1,Radius Global Infrastructure Inc. (held through Larry Mae LLC)
CDK,28,8,"CDK Global, Inc. (CDK)"
COV,28,12,Covidien plc. Ordinary Shares (COV)
COL,28,8,"Rockwell Collins, Inc. (COL)"
WDR,28,4,WADDELL & REED FINL
CAB,28,2,Cabelas Inc. - stock
AKRX,28,6,AKORN INC
HOT,28,9,Starwood Hotels common stock
RDC,27,1,ROWAN COMPANIES
SGEN,27,6,"Seattle Genetics, Inc. (SGEN)"
NBLX,27,3,Noble Midstream Partners LP Common Units Representing Limited Partner Interests (NBLX)
MPW,27,10,Medical Properties Trust
CDAY,27,3,Ceridian H C M Holding Inc. - stock
ECYT,27,1,ENDOCYTE INC
EQM,27,7,"EQT Midstream Partners, LP Common Units representing Limited Partner Interests (EQM)"
HYH,27,6,"Halyard Health, Inc. (HYH)"
LNKD,27,8,LinkedIn Corporation (NYSE)
FLIR,26,7,FLIR SYSTEMS INCORPORATED (FLIR)
DST,26,1,DST SYSTEMS INC
CTRL,26,3,CONTROL4 CORPORATION (CTRL)
NUAN,26,7,NUANCE COMMUNICATIONS INC
HRG,26,1,HRG Group Inc
MNK,26,7,Mallinckrodt Public LTD
SFG,26,1,STANCORP FINL GROUP INC
HRS,26,10,Harris Corporation (NYSE)
BHGE,26,3,Baker Hughes A GE Co Received as exchange for Baker Hughes Inc Com
INFN,25,2,Infinera Corporation (INFN)
BKCC,25,2,BlackRock Capital Investment Corporation (BKCC)
RAI,25,9,REYNOLDS AMERICAN INC
QTWW,25,1,Quantum Fuel Systems
ISIL,25,1,INTERSIL CORPORATION CL
CIT,25,4,CIT Group Inc (CIT)
WLL,25,8,Whiting Petroleum
WGP,24,3,"Western Gas Equity Partners, LP Common Units Representing Limited Partner Interests (WGP)"
CEQP,24,4,Crestwood Equity Partners LP (CEQP)
SIX,24,6,Six Flags Entertainment Corporation New (SIX)
DAY,24,3,DAYFORCE INC CMN
CVC,24,2,Cablevision Systems Corporation Class A (CVC)
PACW,24,9,PacWest Bancorp (NASDAQ)
NGLS,24,8,TARGA RESOURCES PARTNERS
DCP,24,5,"DCP Midstream, LP Common Units (DCP)"
IMS,24,1,IMS HEALTH HLDGS INC
SCG,23,9,SCANA Corporation (SCG)
STOR,23,4,STORE Capital Corporation (STOR)
AAN,23,2,"Aaron's, Inc. (NYSE)"
ZNGA,23,2,"Zynga, Inc. (NASDAQ)"
HFC,23,7,Hollyfrontier Corporation
CLNS,23,2,COLONY NORTHSTAR INC
FCE-A,23,1,FOREST CITY REALTY TRUST
NATI,23,5,NATIONAL INSTRUMENTS CORP
QVCA,23,2,Liberty Interactive
KW,22,2,KENNEDY-WILSON HLDGS INC COM
QRTEA,22,6,QURATE RETAIL INC. SERIES A COM STK
ARG,22,5,Airgas Inc. - stock
ALC,22,12,Alcon Inc. Ordinary Shares (ALC)
ACC,22,3,AMERICAN CAMPUS CMNTYS INCORPORATED REIT (ACC)
NSCO,22,1,Nesco Holdings
COUP,21,4,COUPA SOFTWARE INC PER ADVISORY A
DRE,21,4,DUKE REALTY CORP CMN
STJ,21,7,St Jude Medical Inc
CBG,21,5,CBRE Group Inc. - stock
DPSGY,21,5,Deutsche Post AG Sponsored ADR (DPSGY)
HHC,21,5,Howard Hughes Corporation (HHC)
SXL,20,5,Sunoco Logistics Ptnr LP
SOI,20,2,Solaris Oilfield Infrastructure
SNI,20,3,Scripps Networks Interactive (stock) NYSE
ROLL,20,6,RBC BEARINGS INCORPORATED (ROLL)
RE,20,5,EVEREST REINSURANCE HOLDINGS INC
LL,20,7,LUMBER LIQUIDATORS HLDGS INCORPORATED (LL)
N,20,1,NETSUITE INC
VGR,20,4,Vector Group Ltd. (VGR)
GTLS,20,8,Chart Industries
FFKT,20,1,FARMERS CAPITAL BANK CORP
CTRP,20,4,CTRIP.COM INTL LTD
CWEN-A,20,1,"Clearway Energy, Inc. Class A (CWEN.A)"
CLCT,20,1,Collectors Universe Stock
WP,19,5,Worldpay Inc. (formerly known as Worldpay Group plc) shares received in exchange for Vantiv shares as a result of merger
MASI,19,5,MASIMO CORPORATION (MASI)
LLTC,19,5,LINEAR TECHNOLOGY CORP
WAGE,19,4,WAGEWORKS INCORPORATED (WAGE)
CS,19,6,CREDIT SUISSE GROUP
ACE,19,10,ACE Limited (NYSE)
TUP,19,8,Tupperware Brands Corporation (NYSE)
SGBK,19,1,Stonegate Bank (SGBK)
FMER,19,5,FirstMerit Corporation (NASDAQ)
SPN,19,4,SUPERIOR ENERGY SERVICES INC
TYPE,19,3,MONOTYPE IMAGING HOLDINGS INCORPORATED (TYPE)
CVET,19,6,"Covetrus, Inc."
VIAC,19,6,CBS Corporation Class B (CBS)
VRX,19,5,"Valeant Pharmaceuticals International, Inc. (NYSE)"
BXLT,19,8,Baxalta Inc
TPX,19,4,Tempur Sealy International - stock
ORCC,18,2,Owl Rock Capital Corporation (ORCC)
VVI,18,1,Viad Corp
PE,18,4,Parsley Energy
ORBC,18,1,ORBCOMM INC
ATU,18,4,ACTUANT CORPORATION
QEP,18,2,QEP RESOURCES INC
ELLI,18,2,ELLIE MAE INCORPORATED (ELLI)
EQGP,18,3,"EQT GP Holdings, LP Common Units representing limited partner interests (EQGP)"
DNKN,18,10,"Dunkin' Brands Group, Inc. (DNKN)"
ENDP,18,2,Endo Intl Plc (in UBS IRA)
DEACU,18,1,Diamond Eagle Acquisition Corp. - Unit (DEACU)
PTEN,18,5,"PATTERSON-UTI ENERGY, INC. ORD CMN"
APU,18,4,"AmeriGas Partners, L.P. (APU)"
AMGP,18,5,ANTERO MIDSTREAM GP LP CMN
YHOO,18,8,Yahoo! Inc. (NASDAQ)
AFSI,18,8,Amtrust Finan.
JAH,18,3,Jarden Corp. common stock (1)
MLHR,18,1,Herman Miller Inc
EVBG,17,3,"Everbridge, Inc. (EVBG)"
AL,17,5,AIR LEASE CORP
KITE,17,1,"Kite Pharma, Inc (stock) NASDAQ"
CY,17,4,Cypress Semiconductor Corporation (NASDAQ)
MNDT,17,1,MANDIANT INC/SH CMN
CONE,17,5,CONE - CyrusOne Inc.
LUKOY,17,5,Lukoil Co Sponsored ADR (LUKOY)
UMPQ,16,4,Umpqua Holdings Corporation (NASDAQ)
CCE,16,7,Coca-Cola Enterprises Inc. New
LHCG,16,4,LHC Group - common stock (LHCG)
ZAYO,16,4,"ZAYO GROUP HOLDINGS, INC. CMN"
BCR,16,6,"C.R. Bard, Inc. (BCR)"
GLOG,16,1,GasLog Ltd common stock
GWR,16,5,Genesee and Wyoming Inc
CHX,16,6,ChampionX Corporation (CHX)
TMK,16,7,Torchmark Corporation (TMK)
SUP,16,1,"Superior Industries International, Inc. Common Stock"
FL,15,8,FOOT LOCKER INC STOCK
CSLT,15,1,"Castlight Health, Inc. Class B (CSLT)"
HI,15,5,HILLENBRAND INC
SSBK,15,1,"Southern States Bancshares, Inc. - Common Stock"
SYMC,15,5,Symantec Corporation (NASDAQ)
ZI,15,2,ZoomInfo Technologies Inc. - Class A
BBL,15,3,BHP Billiton plc Sponsored ADR (BBL)
TSS,15,7,"Total System Services, Inc. (TSS)"
SRLP,15,1,Sprague Resources LP Common Units representing Limited Partner Interests (SRLP)
TTM,15,4,Tata Motors Ltd Tata Motors Limited (TTM)
GLOP,15,1,GasLog Partners LP Common Units representing limited partnership interests (GLOP)
RP,15,4,REALPAGE INCORPORATED (RP)
AQUA,15,2,Evoqua Water Technologies Corp. (AQUA)
UPL,15,2,ULTRA PETROLEUM CORP
WORK,15,4,Slack Technologies
WCG,15,4,WELLCARE HEALTH PLANS
AXLL,15,1,Axiall Corporation (NYSE)
HCP,14,8,"HCP, Inc. (HCP)"
BRFS,14,1,BRF SA
AZPN,14,6,ASPEN TECHNOLOGY INC
AUY,14,6,Yamana Gold Inc. (stock) NYSE
LOGM,14,6,"LogMein, Inc. (LOGM)"
CPPL,14,1,Columbia Pipeline Partners LP Common Units representing Limited Partner Interests (CPPL)
BEAV,14,7,B/E AEROSPACE INC. STOCK
GMLP,14,1,Golar LNG Partners LP - Common Units Representing Limited Partnership (GMLP)
FTR,14,3,Frontier Communications Corporation (FTR)
MXIM,14,4,"Maxim Integrated Products, Inc. (NASDAQ)"
SIRE,14,1,Sisecam Resources LP Common Units representing limited partner interests (SIRE)
PMFG,14,1,"PMFG, Inc."
QLIK,14,3,QLIK TECHNOLOGIES INCORPORATED (QLIK)
SNC,14,1,State National Companies
ESL,14,3,ESTERLINE TECHNOLOGIES CORPORATION (ESL)
ESV,14,5,ENSCO PLC
SUSP,14,2,Susser Petroleum Partners LP Common Units representing limited partner interests (SUSP)
BPMP,14,2,BP Midstream Partners LP Common Units representing Limited Partner Interests (BPMP)
ININ,14,1,INTERACTIVE INTELLIGENCE GROUPINC
ECA,14,4,ENCANA CORPORATION (CANADA) (ECA)
JIH,13,1,"Juniper Industrial Holdings, Inc. Class A (JIH)"
WBT,13,2,Welbilt Inc. - stock
AINV,13,1,Apollo Investment Corporation - Closed End Fund
OZM,13,3,OCH-ZIFF CAPITAL MANAGEMENT
CIOXY,13,2,CIELO S A SPONSORED ADR (BRAZIL) (CIOXY)
PEGI,13,3,Pattern Energy Group Inc. - Class A (PEGI)
LSXMA,13,3,Liberty Media Corporation - Series A Liberty SiriusXM (LSXMA)
ZUO,13,2,"Zuora, Inc. Class A (ZUO)"
MSG,13,6,The Madison Square Garden Company - Class A (MSG)
CLNC,13,1,"Colony Credit Real Estate, Inc. Class A (CLNC)"
CREE,13,6,"Cree, Inc. (CREE)"
NS,13,3,Nustar Energy L.P. Common Units (NS)
WAG,13,7,WALGREEN CO.
TIF,13,8,Tiffany & Co. (TIF)
FNGN,13,4,FINANCIAL ENGINES INCORPORATED (FNGN)
HCN,13,8,Healthcare REIT
CYS,13,2,"CYS Investments, Inc. (NYSE)"
RSPP,13,4,RSP Permian Inc
CTRA,13,6,Coterra Energy Inc. (CTRA)
AZSEY,12,6,Allianz SE ADS (AZSEY)
CRZO,12,4,Carrizo Oil and Gas
MDSO,12,5,MEDIDATA SOLUTIONS INC COM
PLYA,12,1,Playa Hotels & Resorts N.V. - Ordinary Shares (PLYA)
PCRFY,12,2,Panasonic Corporation (PCRFY)
ITC,12,5,ITC HOLDINGS
VNT,12,3,Vontier Corporation (VNT)
ORAN,12,5,Orange (ORAN)
KS,12,4,Kapstone Paper
JEC,12,4,Jacobs Engineering Group Inc. (JEC)
ASHTY,12,3,ASHTEAD GROUP PLC (ASHTY)
RRMS,12,2,Rose Rock Midstream LP
ARUN,12,1,Aruba Networks
HZNP,12,5,Horizon Pharma plc - common stock (HZNP)
RAD,12,4,Rite Aid
WMGI,12,4,Wright Medical Group N.V. - Ordinary Shares (WMGI)
RDSMY,12,2,Royal DSM NV Sponsored ADR (RDSMY)
EGN,12,1,ENERGEN CORP
RMP,12,4,Rice Midstream Partners LP Common Units representing limited partner interests (RMP)
ZMH,11,4,ZIMMER HOLDINGS INC STOCK
TI,11,2,TELECOM ITALIA SPA NEW REPSTG 10 OR
EPAY,11,3,BOTTOMLINE TECH DEL INCORPORATED (EPAY)
XON,11,5,Intrexon Corp Common Stock
SAPE,11,2,SAPIENT CORP
SMLP,11,4,"Summit Midstream Partners, LP Common Units Representing Limited Partner Interests (SMLP)"
WETF,11,4,Wisdomtree Investments Inc (in UBS CMA)
NRBAY,11,4,Nordea Bank AB Sponsored ADR (NRBAY)
LTHM,11,2,Livent Corporation (LTHM) [ST]
MDCA,11,2,MDC PARTNERS INCORPORATED CLASS A SUB VTG (CANADA) (MDCA)
MIK,11,4,"The Michaels Companies, Inc. (NASDAQ)"
CMCSK,11,5,Comcast Corporation - Class A Special (CMCSK)
CVD,11,1,COVANCE INC
ARNC,11,6,Arconic Inc. (ARNC)
RAVN,11,4,"Raven Industries, Inc. (RAVN)"
KRFT,11,7,"Kraft Foods Group, Inc. (KRFT)"
PDCO,11,4,"Patterson Companies, Inc. (PDCO)"
CYBX,11,3,CYBERONICS INC
ANDX,11,4,Andeavor Logistics LP Common Units representing Limited Partner Interests (ANDX)
SQI,11,2,SCIQUEST INCORPORATED NEW (SQI)
CBI,11,7,Chicago Bridge & Iron Co. (in UBS CMA)
MFGP,10,4,Micro Focus International PLC Spon ADR New
LO,10,5,Lorillard Inc. common stock (2)
LOCK,10,2,LIFELOCK INC (LOCK)
OA,10,3,orbital ATK Dic. com
NYLD,10,4,NRG Yield Inc
NYCB,10,5,"New York Community Bancorp, Inc. (NYCB)"
VRTU,10,3,VIRTUSA CORPORATION (VRTU)
IBKC,10,5,IBERIA BK CORP
PRA,10,6,PROASSURANCE CORPORATION (PRA)
PHB,10,2,PowerShares High Yield Corporate Bond Portfolio (PHB)
PNRA,10,2,Panera Bread Company - Class A (PNRA)
ARNA,10,3,"Arena Pharmaceuticals, Inc."
TWC,10,6,Time Warner Cable Inc (TWC)
PRAH,10,3,"PRA HEALTH SCIENCES, INC. CMN"
PSTG,10,5,"Pure Storage, Inc. Class A (PSTG)"
GVP,10,1,"GSE Systems, Inc. (GVP)"
BRGYY,10,2,BG GROUP PLC ADR FIN INST N (UNITED KINGDOM) (BRGYY)
TPH,10,3,"TRI Pointe Group, Inc. (TPH)"
GGP,10,2,GGP INC CMN
AMED,10,4,Amedisys Inc (AMED)
SUSS,10,2,SUSSER HOLDINGS CORP
STON,10,1,StoneMor Partners L.P. Common Unit Rep Limited Partnership Interests (STON)
STO,10,5,STATOIL ASA
TNGO,10,2,TANGOE INCORPORATED (TNGO)
SYT,10,2,Syngenta AG (SYT)
TEP,10,3,Tallgrass Energy
Y,10,5,ALLEGHANY CORP.
WLP,9,4,"WellPoint, Inc. (WLP)"
WYN,9,3,WYNDHAM WORLDWIDE CORP STOCK
WYND,9,3,"WYNDHAM DESTINATIONS, INC. CMN"
LTRPA,9,2,Liberty Tripadvisor Holdings
NPKLY,9,1,NAMPAK LIMITED SPON ADR NEW (SOUTH AFRICA) (NPKLY)
SWI,9,4,SOLARWINDS INCORPORATED (SWI)
WPPGY,9,3,WPP plc - American Depositary Shares each representing five Ordinary Shares (WPPGY)
TEGP,9,1,"Tallgrass Energy GP, LP Class A Shares (TEGP)"
TASR,9,1,Taser Intl Inc. common stock
AVLR,9,2,"Avalara, Inc. (AVLR) [ST]"
NEP,9,3,"NextEra Energy Partners, LP Common Units representing limited partner interests (NEP)"
EBSB,9,3,"MERIDIAN BANCORP, INC."
SYNH,9,4,"Syneos Health, Inc. - Class A (SYNH)"
CLC,9,3,CLARCOR INCORPORATED (CLC)
CAJ,9,3,CANON INC
DVMT,9,6,Dell Technologies Inc. Class V (DVMT)
QIHU,9,2,Qihoo 360 Technology Co. Ltd.
HAR,9,1,HARMAN INTERNATIONAL INDUSTRIES INCORPORATED (HAR)
HRC,9,4,Hill-Rom Holdings Inc (HRC)
CTRX,9,4,Catamaran Corporation (CTRX)
DISCK,9,6,"Discovery Communications, Inc. - Series C (DISCK)"
AGR,9,3,"Avangrid, Inc. (AGR)"
ARTX,9,1,Arotech Corporation
IRT,9,5,"Independence Realty Trust, Inc. Common Stock"
JCOM,9,5,"j2 Global, Inc. (NASDAQ)"
FTCH,9,2,FARFETCH LTD EXECUTED 100% AGENCY
BIVV,9,3,Bioverativ Inc. (BIVV)
PBCT,9,6,People's United Financial Inc. (NASDAQ)
DPM,9,4,"DCP Midstream Partners, LP DCP Midstream Partnership, LP Common Units (DPM)"
SPR,9,3,SPIRIT AIRCOS/STEMS HOLDINGS INC CMN
KERX,9,3,KERYX BIOPHARMACEUTICALS INCORPORATED (KERX)
OFC,9,4,CORPORATE OFFICE PPTYS TR SH BEN INT REIT (OFC)
FLTX,9,3,Fleetmatics Group PLC Ordinary Shares (FLTX)
OAS,9,2,OASIS PETROLEUM INC
WBC,9,4,WABCO HOLDINGS INC. CMN
SAGE,9,2,SAGE THERAPEUTICS INCORPORATED (SAGE)
MTBC,9,2,"Medical Transcription Billing, Corp. (MTBC)"
CMD,9,5,CANTEL MEDICAL CORP
CLNY,9,5,"Colony Financial, Inc. (NYSE)"
GRUB,9,4,GRUBHUB INCORPORATED (GRUB)
QTS,9,4,"QTS Realty Trust, Inc. Class A (QTS)"
PDRDY,8,4,Pernod Ricard SA Unsponsored ADR (PDRDY)
GFN,8,1,General Finance Corporation (GFN)
NSR,8,4,NEUSTAR INCORPORATED CLASS A (NSR)
LABL,8,1,Multi-Color Corporation (LABL)
KMP,8,5,KINDER MORGAN ENERGY PARTNERS LP
OKS,8,5,Oneok Partners LP
IRBT,8,2,iRobot Corporation
COMM,8,2,"CommScope Holding Company, Inc. (COMM)"
ACMP,8,3,"Access Midstream Partners, L.P. Common Units Representing Limited Partner Interests (ACMP)"
CMO,8,2,Capstead Mortgage Corp. (NYSE)
TFM,8,4,"The Fresh Market, Inc. (TFM)"
MEAS,8,1,MEASUREMENT SPECIALTIES INC
LNSTY,8,1,LONDON STOCK EXCHG-UNSP ADR
AY,8,3,Atlantica Sustainable Infrastructure plc
EXH,8,1,EXTERRAN HLDGS INC
EV,8,6,EATON VANCE CORPORATION COM NON VTG (EV)
DRQ,8,5,DRIL-QUIP INC
LMCK,8,3,Liberty Media Corporation - Series C (LMCK)
ZEN,8,3,"Zendesk, Inc. (ZEN)"
ALTM,8,2,Arcadium Lithium Plc
TCP,8,2,"TC PIPELINES, L.P. CMN"
CMN,8,2,CANTEL MEDICAL CORPORATION (CMN)
EEI,8,1,Ecology & Env Inc.
DFRG,8,2,DEL FRISCOS RESTAURANT GROUP I (DFRG)
GEAGY,8,3,GEA Group Ag Sponsored ADR (GEAGY)
CCMP,8,3,CABOT MICROELECTRONICS CORPORATION (CCMP)
AMSG,8,2,AMSURG CORPORATION (AMSG)
NUVA,8,2,NUVASIVE INCORPORATED (NUVA)
ITCI,8,3,Intra-Cellular Therapies Inc. (ITCI)
CBPO,8,1,CHINA BIOLOGIC PRODUCTS INC
LC,8,2,LendingClub Corporation (LC)
GCI,8,5,"Gannett Co., Inc. (GCI)"
IBDP,8,2,Ishares Ibonds Dec 19 Trm
CBS-A,8,2,CBS Corp. CI B common stock
RRD,8,1,R R DONNELLEY & SONS CO
MGP,8,2,MGM GROWTH PPTYS LLC CLASS A COM REIT (MGP)
MWE,8,4,"MarkWest Energy Partners, LP Common units representing limited partnership units (MWE)"
AZEK,8,2,The AZEK Company Inc. Class A (AZEK)
RNWK,8,1,REALNETWORKS INC (stock) NASDAQ
TWKS,8,1,"Thoughtworks Holding, Inc. (TWKS) [ST]"
CHNG,8,2,Change Healthcare Inc. (CHNG)
BLUE,8,2,BLUEBIRD BIO INC CMN
HEP,7,1,Holly Energy Ptnrs.
MRKT,7,3,Markit Ltd. - Common Shares (MRKT)
SGY,7,2,STONE ENERGY CORPORATION (SGY)
IPHI,7,3,INPHI CORPORATION (IPHI)
TELL,7,2,Tellurian Inc. (TELL)
MEG,7,2,"Media General, Inc. (MEG)"
AFAM,7,1,Almost Family Inc (AFAM)
ENLK,7,2,Enlink Midstream PTRS LP
ENV,7,3,ENVESTNET INC
ALE,7,6,"ALLETE, Inc. (NYSE)"
CNSL,7,4,Consolidated Communications Holdings Inc. (NASDAQ)
SWTX,7,3,"SpringWorks Therapeutics, Inc. - common stock (SWTX)"
EPOKY,7,3,EPIROC AKTIEBOLAG ADR (EPOKY)
CIVI,7,3,Civitas (Civi)
LM,7,2,LEGG MASON INC CMN
MAXD,7,1,Max Sound Corporation (MAXD)
NCR,7,2,NCR Corp New
NRZ,7,2,New Residential Investment Corp. (NRZ)
ABCO,7,2,ADVISORY BOARD COMPANY (ABCO(
PYCR,7,1,"Paycor HCM, Inc. (PYCR)"
IGT,7,2,International Game
CDEV,7,3,CENTENNIAL RESOURCE DEVELOPMEN CMN
BAMXY,7,4,BAYERISCHE MOTOREN WERKE A G ADR (GERMANY) (BAMXY)
CPGX,7,4,"Columbia Pipeline Group, Inc. (CPGX)"
BRCM,7,6,Broadcom Corporation - Class A (BRCM)
BRKS,7,4,BROOKS AUTOMATION INCORPORATED (BRKS)
ATASY,7,2,ATLANTIA SPA ADR (ITALY) (ATASY)
IAA,7,3,"IAA, Inc. (IAA)"
POL,7,2,PolyOne Corporation (POL)
DNHBY,7,3,DNB ASA SPONSORED ADR Representing 10 (DNHBY)
AIMC,7,6,ALTRA HLDGS INC
AHONY,7,2,"Koninklijke Ahold, N.V. American Depositary Shares (AHONY)"
BKEP,7,2,"Blueknight Energy Partners L.P., L.L.C. - Common Units representing Limited Partner Interests (BKEP)"
CTCT,7,2,CONSTANT CONTACT INCORPORATED (CTCT)
OMI,7,4,OWENS & MINOR INCORPORATED NEW (OMI)
AMJ,7,4,JPMorgan Alerian MLP Index
BRPR3,7,1,BR Properties (Stock) (BRPR3)
PF,7,2,Pinnacle Foods Inc Del (in UBS CMA)
BIF,7,2,"Boulder Growth & Income Fund, Inc. (BIF)"
SMFKY,7,3,Smurfit Kappa Group Plc American Depositary Shares (SMFKY)
NTT,7,4,Nippon Telegraph and Telephone Corporation (NTT)
AMSWA,7,1,AMERICAN SOFTWARE INCORPORATED CLASS A (AMSWA)
FEIC,7,4,FEI Company
CRR,7,1,CARBO CERAMICS INCORPORATED (CRR)
VSI,7,2,VITAMIN SHOPPE INCORPORATED (VSI)
WBK,7,3,WESTPAC BANKING ADR
EDR,6,3,"Education Realty Trust, Inc. (EDR)"
MRD,6,1,MEMORIAL RESOURCE DEVELOPMENT CORP
SSW,6,3,SEASPAN CORP
NSA,6,3,National Storage Affiliates Trust Common Shares of Beneficial Interest (NSA)
STL,6,1,STERLING BANCORP CMN
LMCA,6,3,"Liberty Media Corp Series, Stock"
LLL,6,3,"L-3 Communications Holdings, Inc. (LLL)"
AYR,6,1,AIRCASTLE LIMITED
TMHC,6,2,Taylor Morrison Home Corporation (TMHC)
BYI,6,2,Bally Technology
LPT,6,4,Liberty Property Trust REIT (LPT)
ECOL,6,3,US ECOLOGY INC NEW
EMKR,6,1,EMCORE Corporation (EMKR)
LXFT,6,1,LUXOFT HLDG
AVG,6,1,AVG TECHNOLOGIES NV
TEF,6,3,Telefonica SA (TEF)
AJRD,6,2,"Aerojet Rocketdyne Holdings, Inc. (AJRD)"
ENZY,6,1,ENZYMOTEC LTD
THS,6,3,TREEHOUSE FOODS INC (THS)
TGP,6,2,Teekay LNG Partners L.P. (TGP)
EXTN,6,1,EXTERRAN CORP
NYLD-A,6,1,"NRG Yield, Inc. Class A (NYLD.A)"
NVEE,6,1,"NV5 Global, Inc. (NVEE)"
SRC,6,4,"Spirit Realty Capital, Inc. (SRC)"
FEI,6,4,First Trust MLP and Energy Income Fund Common Shares of Beneficial Interest (FEI)
ATHL,6,1,ATHLON ENERGY INC
FNSR,6,1,FINISAR CORPORATION
JNS,6,2,Janus Capital
CSOD,6,2,CORNERSTONE ONDEMAND INC COM
VSTO,6,2,Vista Outdoor Inc. (VSTO)
BCEI,6,4,BONANZA CREEK ENERGY
OLCB,6,1,Ohio Legacy Corporation (OLCB)
KPLTW,6,1,"Katapult Holdings, Inc. - Warrant (KPLTW)"
TRTN,6,1,Triton International Ltd Ordinary Shares
PETM,6,3,"PetSmart, Inc (PETM)"
GG,6,4,Goldcorp Inc. (GG)
SJI,6,1,"South Jersey Industries, Inc. (SJI)"
SLH,6,3,"Solera Holdings, Inc. Solera Holdings, Inc. (SLH)"
BRP,6,1,"BRP Group, Inc. - Class A (BRP)"
BRKB,6,4,Berkshire Hathaway Inc.
ATH,6,2,ATHENE HOLDING LTD. CMN CLASS A
HZN,6,3,HORIZON GLOBAL CORPORATION
CAVM,6,1,CAVIUM INCORPORATED (CAVM)
GES,6,1,GUESS INC
PRXL,6,4,PAREXEL Intl.
CYBR,6,2,CyberArk Software Ltd. - Ordinary Shares (CYBR)
SGMO,6,1,SANGAMO BIOSCIENCES
AGU,6,3,Agrium Inc. (AGU)
TRXC,6,2,Transenterix Inc Stock
INST,6,2,"Instructure, Inc. (INST)"
QUNR,6,1,QUNAR CAYMAN ISLANDS LIMITED
IBDH,6,1,Ishares Ibond Dec 18 Trm Corp ETF
RLGY,6,1,Realogy Holdings Corp. (RLGY)
UNRDY,6,1,Unibail-Rodamco SE Unsponsored ADR (UNRDY)
SCTY,6,2,SolarCity Corporation (SCTY)
SDC,6,1,"SmileDirectClub, Inc. (SDC)"
HAYN,6,1,"Haynes International, Inc. (HAYN)"
GTOMY,6,1,Gemalto NV Sponsored ADR (GTOMY)
HR,6,4,Healthcare Realty Trust Incorporated (HR)
DCM,6,3,NTT DOCOMO INC
UFS,6,2,DOMTAR CORP NEW UNSOLICITED Trade#
DEPO,6,1,DEPOMED INCORPORATED (DEPO)
RXN,6,3,Rexnord Corporation (RXN)
XLS-WI,6,1,Exelis Inc. Common Stock Ex-Dis (NYSE)
MITL,6,1,Mitel Networks Corporation - Common Shares (MITL)
MIXT,6,1,"MiX Telematics Limited American Depositary Shares, each representing 25 Ordinary Shares (MIXT)"
LUK,5,2,Leucadia National Corporation (LUK)
ADRO,5,1,ADURO BIOTECH INCORPORATED (ADRO)
MANT,5,1,Mantech Intl Corp Cl A
SAVA,5,1,"Cassava Sciences, Inc. (SAVA)"
SDLP,5,4,Seadrill Partners LLC Common Units Representing Limited Liability Company Interests (SDLP)
GXP,5,2,GREAT PLAINS ENERGY INCORPORATED (GXP)
RSTI,5,1,ROFIN SINAR TECHNOLOGIES INCORPORATED (RSTI)
ALIOY,5,1,ACTELION LIMITED SPONSORED ADR (SWITZERLAND) (ALIOY)
ALEX,5,2,"Alexander & Baldwin, Inc. Common Stock REIT Holding Company (ALEX)"
TCS,5,1,TCS - NY
IBDQ,5,3,Ishares Ibonds Dec 20 Trm
LNEGY,5,3,Linde Ag Sponsored ADR (LNEGY)
IBDM,5,2,Ishares Ibonds Dec 20 Trm Corp
TLSYY,5,1,Telstra Corporation Limited (TLSYY)
REXMY,5,1,REXAM PLC SPONSORED ADR NE (UNITED KINGDOM) (REXMY)
BPIRY,5,1,PIRAEUS BK S A ADR NEW (GREECE) (BPIRY)
UBNT,5,2,UBIQUITI NETWORKS INC
HDELY,5,2,HeidelbergCement Ag Unsponsored ADR (HDELY)
LSI,5,3,LIFE STORAGE INC REIT UNSOLICITED Tr
DDAIF,5,4,Daimler AG (DDAIF)
KLXI,5,3,KLX Inc. (KLXI)
ADSW,5,3,ADVANCED DISP SVCS INCORPORATED DEL (ADSW)
FNA,5,2,"Paragon 28, Inc. Common Stock (FNA)"
PLT,5,2,PLANTRONICS INCORPORATED NEW (PLT)
FDML,5,1,Federal-Mogul Holdings Corporation - Class A (FDML)
CPHD,5,2,CEPHEID (CPHD)
IPCM,5,2,IPC THE HOSPITALIST COMPANY INCORPORATED (IPCM)
PRSP,5,1,Perspecta Inc. (PRSP)
VAPO,5,1,Vapotherm Inc (Stock) (VAPO)
CCMSX,5,1,Brown Advisory - Cardinal Small Cap Value Fund CI Inst (CCMSX)
TLND,5,1,Talend S.A. - American Depositary Shares (TLND)
GOV,5,3,GOVERMENT PROPERTIES INCOME
ETRN,5,3,EQUITRANS MIDSTREAM CORPORATIO CMN
NGD,5,1,New Gold Inc. (NGD)
SYRG,5,1,Synergy Resources Corporation (SYRG)
AYX,5,2,"ALTERYX, INC. CMN CLASS A"
HTA,5,3,"Healthcare Trust of America, Inc. Class A (HTA)"
RBS,5,1,Royal Bank of Scotland Group Plc New (RBS)
HSP,5,2,Hospira Inc.
HONAV,5,4,Honeywell Aerospace Inc. - Common Stock (HONAV)
ARRS,5,3,Arris Group
AREX,5,2,APPROACH RESOURCES INC
CMLFU,5,1,"CM Life Sciences, Inc. - Unit (CMLFU)"
CST,5,3,"CST Brands, Inc. (CST)"
SNH,5,2,Senior Housing Properties Trust - Common Shares of Beneficial Interest (SNH)
MDLAY,5,1,MEDIOLANUM SPA ADR (ITALY) (MDLAY)
MCRS,5,2,Micros Systems Inc. - stock
MYCC,5,1,CLUBCORP HLDGS INCORPORATED (MYCC)
VOLC,5,1,VOLCANO CORPORATION (VOLC)
WPYGY,5,1,WORLDPAY GROUP PLC ADR (UNITED KINGDOM) (WPYGY)
MDC,5,2,M D C HLDGS INC
WIN,5,3,WINDSTREAM HOLDINGS INC
XLRN,5,1,ACCELERON PHARMA INCORPORATED (XLRN)
MFRM,5,2,MATTRESS FIRM HLDG CORPORATION (MFRM)
ADMR,5,1,Admiral Acquisition LTD (Stock) (ADMR)
TGD,5,1,Timmons Gold
ECPCY,5,1,ESTACIO PARTICIPACOES S A SPONSORED ADR (BRAZIL) (ECPCY)
ALTR,5,2,Altera Corp. (NASDAQ)
GIMO,5,3,Gigamon Inc. (GIMO)
SPNC,5,2,The Spectranetics Corporation (SPNC)
WSH,5,3,Willis Group Holdings Public Limited (WSH)
KEG,5,2,KEY ENERGY SVCS INC
PHX,5,1,Panhandle oil + GAS
PFPT,5,4,PROOFPOINT INCORPORATED (PFPT)
FII,5,2,"Federated Investors, Inc. (FII)"
CSE,5,1,CapitalSource Inc. - stock
VCRA,5,3,VOCERA COMMUNICATIONS INCORPORATED (VCRA)
INFA,5,2,INFORMATICA CORPORATION (INFA)
JW-A,5,1,WILEY JOHN & SONS INCORPORATED CLASS A (JW.A)
AMEH,5,1,"Apollo Medical Holdings, Inc. (AMEH)"
SLW,5,2,Silver Wheaton Corp Common Shares (SLW)
SIRO,5,2,Sirona Dental Sys Inc
AVNS,4,3,Avanos Medical Inc. (stock) NYSE
NEWR,4,1,"New Relic, Inc. (NEWR)"
IBDO,4,2,ISHARES DEC 2023 TERM CORP (IBDO)
ALOG,4,3,ANALOGIC CORPORATION
CLD,4,1,Cloud Peak Energy Inc. (stock) NYSE
BXSA,4,1,BancorpSouth Bank 5.50% Series A Non-Cumulative Perpetual Preferred Stock (BXS$A)
TWNK,4,1,"""HOSTESS BRANDS INC EXECUTED 100% /"
DDR,4,2,DDR Corp. (DDR)
BWLD,4,2,BUFFALO WILD WINGS INCORPORATED (BWLD)
SCU,4,1,"Sculptor Capital Management, Inc. Class A (SCU)"
RTLR,4,1,RATTLER MIDSTREAM LP CMN
RLOC,4,1,REACHLOCAL INC COM
HMHC,4,1,Houghton Mifflin Harcourt Company (HMHC)
HIBB,4,3,HIBBETT SPORTS INC
WWE,4,1,WORLD WRESTLING ENTERTAINMENT CMN CLASS A
RTRX,4,1,RETROPHIN INCORPORATED (RTRX)
GRA,4,3,W.R. Grace & Co. (GRA)
SZYM,4,2,"Solazyme, Inc. (SZYM)"
MAXR,4,2,Maxar Technologies Inc.
AAUKY,4,1,ANGLO AMERN PLC ADR NEW (UNITED KINGDOM) (AAUKY)
WPG,4,3,Washington Prime Group Inc. (WPG)
LVNTA,4,2,Liberty Ventures
AHC,4,1,A.H. Belo
DATA,4,3,TABLEAU SOFTWARE INC CL-A
DM,4,2,"Dominion Midstream Partners, LP Common Units representing Limited Partner Interests (DM)"
CEMI,4,2,"Chembio Diagnostics, Inc. Stock"
GBTZY,4,1,Global Logistic Properties Ltd. Unsponsored ADR (GBTZY)
SHYF,4,2,"The Shyft Group, Inc. (SHYF)"
LGI,4,1,"Lazard Global Total Return and Income Fund, Inc."
LGP,4,1,Lehigh Gas Partners LP (NYSE)
LM09-SG,4,1,Liberty Media Corp. Reg.Sh.C FO
SYNT,4,1,SYNTEL INCORPORATED (SYNT)
HPY,4,4,Heartland Payment
QUOT,4,1,QUOTIENT TECHNOLOGY INC PER ADVIS
OLO,4,1,Olo Inc. (Stock) (OLO)
OCN,4,3,Ocwen Financial Corp New
OAK,4,2,"Oaktree Capital Group, LLC Class A Units Representing Limited Liability Company Interests (OAK)"
SSNI,4,2,"Silver Spring Networks, Inc. (SSNI)"
SSE,4,2,Seventy-Seven Energy Inc. (stock) NYSE
NTI,4,2,Northern Tier Energy LP (NYSE)
DL,4,1,CHINA DISTANCE EDUCATION HOLDINGS
VWR,4,1,VWR CORPORATION (VWR)
LEXEA,4,2,"Liberty Expedia Holdings, Inc. - Series A (LEXEA)"
UPMKY,4,2,UPM-Kymmene Oyj (UPMKY)
ARCH,4,1,Arch Resources Inc Cl A (ARCH)
PVA,4,1,PENN VA CORPORATION (PVA)
ANZBY,4,2,Australia and New Zealand Banking Group Limited (ANZBY)
AIV,4,3,APT INV'T & MGMT/SR CMN
PLL,4,2,Pall Corporation (PLL)
VNR,4,3,VANGUARD NATURAL RESOURCES
IDTI,4,3,Integrated Device
GCGMF,4,1,Great Canadian Gaming Corp Ordinary Shares (GCGMF)
URS,4,1,URS CORPORATION
EVOP,4,2,"EVO Payments, Inc."
APL,4,2,ATLAS PIPELINE PARTNERS LP
GMCR,4,2,"Green Mountain Coffee Roasters, Inc. (GMCR)"
APTS,4,1,"Preferred Apartment Communities, Inc. (APTS)"
EVEP,4,1,"EV Energy Partners, L.P. - common units representing limited partnership interest (EVEP)"
SEP,4,3,"Spectra Energy Partners, LP Common Units representing Limited Partner Interests (SEP)"
TVPT,4,2,Travelport Worldwide Limited Common Shares (TVPT)
BIABX,4,1,Brown Advisory - Brown Advisory Strategic Bond Fund CI Inv (BIABX)
GAS,4,3,AGL Resources Inc. (NYSE)
SMAR,4,2,SMARTSHEET INC. CMN CLASS A
SIR,4,1,Select Income REIT - Common Shares of Beneficial Interest (SIR)
SKVKY,4,1,Skandinaviska Enskilda Banken AB Sponsored ADR (SKVKY)
BGNE,4,3,"BeiGene, Ltd. - American Depositary Shares"
KEYW,4,1,KEYW HLDG CORPORATION (KEYW)
KATE,4,1,KATE SPADE & COMPANY
JOY,4,2,Joy Global
JUNO,4,1,"Juno Therapeutics Inc Com, Common Stock"
JOSB,4,3,"JOS A BANK CLOTHIERS, INC"
ORBK,4,1,Orbotech
DPLO,4,3,"Diplomat Pharmacy, Inc. (DPLO)"
TRHC,4,1,"Tabula Rasa HealthCare, Inc. (TRHC)"
ATHN,4,4,"athenahealth, Inc. (ATHN)"
ITYBY,4,3,Imperial Tobacco Group plc Sponsored ADR (ITYBY)
DO,4,3,"Diamond Offshore Drilling, Inc. (DO)"
PCPL,4,1,CC Neuberger Principal Holdings I Class A Ordinary Shares (PCPL)
BRY,4,3,Berry Petroleum Corporation (BRY)
TOO,4,3,TEEKAY OFFSHORE PARTNERS LP
ASGN,4,2,ON ASSIGNMENT INCORPORATED (ASGN)
ASHGY,4,1,ASHTED GRP PLC S/ADR (ASHGY) [ST]
CBM,4,3,CAMBREX CORP
MDVN,4,3,"Medivation, Inc. (MDVN)"
SNHY,4,3,SUN HYDRAULICS CORPORATION (SNHY)
MXWL,4,1,"Maxwell Technologies, Inc. (MXWL)"
VVC,4,3,Vectren Corporation (NYSE)
SNCR,4,2,Sychchronos
SNP,4,2,Sinopec/china Petechm ADR
JBT,4,3,John Bean Technologies Corporation (JBT)
CLSN,4,1,Celsion Corporation (CLSN)
B13WZ26,4,1,ZUMTOBEL AG (B13WZ26)
MFS,4,1,MANITOWOC FOODSERVICE INCORPORATED (MFS)
XLS,4,4,Exelis Inc. Common Stock New (XLS)
BBEP,4,1,Breitburn Energy Partners LP
MINI,4,2,"Mobile Mini, Inc. (MINI)"
ZOOM,4,2,"Zoom Technologies, Inc. (ZOOM)"
CHUY,4,2,"Chuy's Holdings, Inc. (CHUY)"
WTR,3,2,Aqua America Inc.
CHMT,3,1,Chemtura Corp. (CHMT)
XOG,3,1,EXTRACTION OIL & GAS INC CMN
CMLF,3,1,"CM Life Sciences, Inc. - Class A (CMLF)"
TEG,3,3,"Integrys Energy Group, Inc. (TEG)"
NCMGF,3,1,Newcrest Mining Ltd Ord Ordinary Shares (NCMGF)
MZOR,3,2,Mazor Robotics Ltd
WTT,3,1,Wireless Telecom Group Inc
SMNEY,3,2,SIEMENS ENERGY UNSP/ADR (SMNEY)
PAH,3,1,PLATFORM SPECIALTY PRODUCTS CORPORATION (PAH)
JHG,3,1,JANUS HENDERSON GROUP PLC CMN
JDD,3,1,Nuveen Diversified Dividend and Income Fund Shares of Beneficial Interest (JDD)
JCS,3,1,"Communications Systems, Inc. (JCS)"
CPE,3,2,Callon Petroleum
COTV,3,2,"Cotiviti Holdings, Inc. (COTV)"
CEB,3,2,CEB INCORPORATED (CEB)
CTB,3,2,Cooper Tire & Rubber Company (CTB)
JPMJ,3,1,"J P Morgan Chase & Co Depositary Shares, each representing a 1/400th interest in a share of JPMorgan Chase & Co. 4.75% Non-Cumulative Preferred Stock, Series GG (JPM$J)"
JPMG,3,1,"J P Morgan Chase & Co Depositary Shares, each representing a 1/400th interest in a share of 6.10% Non-Cumulative Preferred Stock, Series AA (JPM$G)"
DOOR,3,2,Masonite International Corporation Ordinary Shares (DOOR)
PBSFY,3,2,ProsiebenSat.1 Media AG Muenchen Unsponsored ADR (PBSFY)
ATUS,3,1,"Altice USA, Inc. Class A (ATUS)"
ATMI,3,1,ATMI Inc
ISDR,3,1,Issuer Direct Corporation (ISDR)
ATHA,3,1,"Athira Pharma, Inc. (ATHA)"
SPKE,3,2,"Spark Energy, Inc. - Class A (SPKE)"
SP,3,1,SP PLUS CORP PER ADVISORY AGREEME
ISCA,3,1,International Speed
PGRE,3,1,"Paramount Group, Inc. (PGRE)"
PGN,3,1,Paragon Offshore Ltd.
FTD,3,1,"FTD Companies, Inc. (FTD)"
BT,3,2,BT GROUP PLC
SLCA,3,1,US Silica
DNSKY,3,1,Danske Bank A/S Bearer Shs Ord American Depositary Shares (DNSKY)
DNO,3,1,United States Short Oil Fund (DNO)
CBA,3,2,ClearBridge American Energy MLP Fund Inc. (CBA)
OIL,3,1,Barclays Bank Plc iPath Exchange Traded Notes Linked to Goldman Sachs Crude Oil Total Return (OIL)
WAC,3,2,Walter Investment Management Corp.
FGP,3,2,"Ferrellgas Partners, L.P. (FGP)"
FDO,3,1,"Family Dollar Stores, Inc. (FDO)"
FCS,3,1,"Fairchild Semiconductor International, Inc. (FCS)"
EXXI,3,2,ENERGY XXI BERMUDA LIMITED USD UNRS SHS (BERMUDA) (EXXI)
FMBA,3,1,Farmers & Merchants Bancorp Inc
SPY160219P00180000,3,1,SPY Feb 2016 put 180.000
CSFL,3,1,Centerstate Bank Corporation
LGF-A,3,1,LIONS GATE ENTERTAINMENT CORP. CMN CLASS A
NVRO,3,1,NEVRO CORPORATION (NVRO)
DTO,3,1,"DB Crude Oil Double Short ETN due June 1, 2038 (DTO)"
TLRA,3,1,TELARIA INC (Distribution received from an EIF)
DLGI,3,1,Digital Landscape Group Inc. (stock) (DLGI)
INF,3,2,Brookfield Global Listed Infrastructure Income Fund Closed End Fund (INF)
PNM,3,3,"PNM Resources, Inc. (NYSE)"
PLAN,3,2,Anaplan Inc (Stock) (PLAN)
VER,3,2,"VEREIT, Inc. (VER)"
AJINY,3,1,"Ajinomoto Company, Inc. American Depositary Shares (AJINY) [ST]"
CVRS,3,1,Corindus Vascular Robotics Common Stock
CUTR,3,1,"Cutera, Inc."
PWE,3,3,Penn West Petroleum Ltd. (NYSE)
IIVI,3,2,II VI INCORPORATED (IIVI)
SIAL,3,3,SIGMA ALDRICH CORP
IACI,3,2,IAC/InterActiveCorp (IACI)
AHGP,3,1,"Alliance Holdings GP, L.P. - Common Units Representing Limited Partner Interests (AHGP)"
TUMI,3,2,TUMI HLDGS INCORPORATED (TUMI)
APPAD,3,1,"Heron Therapeutics, Inc. (APPAD)"
GOOGLOLD,3,1,GOOGLE INCORPORATED CLASS A (GOOGLOLD)
GMXAY,3,2,GENMAB A S SPONSORED ADR (DENMARK) (GMXAY)
APEN,3,1,"Apollo Endosurgery, Inc. (APEN)"
ETM,3,2,Entercom Communications Corp. (ETM)
ESPR,3,1,Esperion Therapeutics Inc
ESGR,3,1,Enstar Group Limited - Ordinary Shares (ESGR)
STR,3,1,QUESTAR CORPORATION (STR)
BGCP,3,2,"BGC PARTNERS, INC CMN CLASS A"
BLT,3,2,Blount International Inc - stock
RDUS,3,1,"Radius Health, Inc. (RDUS)"
RCII,3,2,Rent A Center Inc
HPT,3,2,HOSPITALITY PROP TRUST
QTM,3,1,Quantum Corporation (QTM)
ERI,3,1,"Eldorado Resorts, Inc. (ERI)"
CA,3,3,CA Inc. (CA)
DUKA,3,1,"Duke Energy Corporation Depositary Shares, each representing a 1/1,000th interest in a share of 5.75% Series A Cumulative Redeemable Perpetual Preferred Stock (DUK$A)"
DTV,3,1,DIRECTV (DTV)
LNCE,3,1,SNYDERS-LANCE INCORPORATED (LNCE)
AVYA,3,1,Avaya Holdings Corp. (AVYA)
CNXM,3,1,CNX Midstream Partners LP Common Units representing limited partner interests (CNXM)
CMRX,3,2,CHIMERIX INCORPORATED (CMRX)
CMLP,3,2,Crestwood Midstream Partners LP (CMLP)
UGRO,3,1,"urban-gro, Inc. (UGRO)"
UBSH,3,1,Union Bankshares Corporation (UBSH)
TWOU,3,1,"2U, Inc. (TWOU)"
SCX,3,1,L.S. Starrett Company (SCX)
GSAH,3,1,GS Acquisition Holdings Corp. Class A (GSAH) [ST]
MRWSY,3,1,WM Morrison Supermarkets Plc Unsponsored ADR (MRWSY)
RYH,3,2,Guggenheim S&P 500 Equal Weight Healthcare ETF (RYH)
RFMD,3,2,RF MICRO DEVICES INC
HMSY,3,2,HMS HOLDINGS (HMSY)
HLUYY,3,1,H Lundbeck A/S Sponsored ADR (HLUYY)
HK,3,1,HALCON RES CORPORATION COM NEW (HK)
HIL,3,1,"Hill International, Inc. (HIL)"
HGR,3,2,Hanger Ortho
EOX,3,1,EMERALD OIL COMPANY (EOX)
WEIGY,3,1,WEIR GROUP PLC ADR (UNITED KINGDOM) (WEIGY)
AVID,3,1,Avid Technology Inc.
MBT,3,2,MOBILE TELESYSTEMS OJSC SPONSORED ADR (RUSSIA) (MBT)
LVGO,3,1,"""LIVONGO HEALTH INC REG SHS EXECUTE"
ABNRY,3,1,ABNAMRO GROUP NV UNSPONR ADR (NETHERLANDS) (ABNRY)
WUBA,3,1,58 COM INCORPORATED SPON ADR REP A (CAYMAN ISLANDS) (WUBA)
0QZI-IL,2,1,FACEBOOK INC FACEBOOK CLASS A
ZLC,2,1,Zale Corporation
WOSYY,2,1,WOLSELEY PLC JERSEY SPONSORED ADR 20 (JERSEY) (WOSYY)
WOPEY,2,1,Woodside Petroleum Ltd American Depositary Shares (WOPEY)
WLT,2,1,WALTER ENERGY INC
WIZEY,2,1,Wise plc Sponsored ADR (WIZEY)
CLMS,2,2,Calamos Asset Mgmt Cl A
CKP,2,1,"CPK, Checkpoint Sys Inc."
MPEL,2,1,Melco Ent.
MODG,2,1,TOPGOLF CALLAWAY BRANDS CORP CMN
MNTA,2,2,"Momenta Pharmaceuticals, Inc. (MNTA)"
MLNX,2,1,Mellanox Technologies Ltd.
BAF,2,1,BlackRock Municipal Income Investment Quality Trust (BAF) [ST]
COLPAL,2,1,COLGATE PALMOLIVE LTD.
CNVR,2,1,CONVERSANT INCORPORATED (CNVR)
CMPO,2,1,"CompoSecure, Inc. - Class A Common Stock (CMPO)"
CMLS,2,1,Cumulus
WFCV,2,1,"Wells Fargo & Company Depositary Shares, each representing a 1/1,000th interest in a share of Non-Cumulative Perpetual Class A Preferred Stock, Series V (WFC$V)"
WFCD,2,1,"Wells Fargo & Company Depositary Shares, each representing a 1/1,000th interest in a share of Non-Cumulative Perpetual Class A Preferred Stock, Series DD (WFC$D)"
MSTY-PA,2,1,Mainstay Medical International plc
B0T4J94,2,1,WASION GROUP HLDGS LTD (B0T4J94)
MSBHY,2,1,Mitsubishi Corp Ord American Depositary Shares (MSBHY)
MRTX,2,1,"Mirati Therapeutics, Inc. (MRTX)"
AFCE,2,1,AFC ENTERPRISES INCORPORATED (AFCE)
AEZS,2,1,AEterna Zentaris Inc. (AEZS)
WAIR,2,2,WESCO AIRCRAFT HOLDINGS INC
VVNT,2,1,"Vivint Smart Home, Inc. (VVNT)"
CSC,2,2,CSC CORP
COT,2,1,Cott Corporation (COT)
CEMCF,2,1,Cia Energetica De Minas Gerais Cemig Pref Shares (CEMCF)
CEM,2,1,Clearbridge American Energy MLP Fund
CDR,2,1,"Cedar Realty Trust, Inc. (CDR)"
CSVI,2,1,COMPUTER SVCS INCORPORATED (CSVI)
CSJ,2,1,ISHARES 1-3 YR CR BD ETF (CSJ)
CSII,2,1,"Cardiovascular Systems, Inc. - Common Stock"
VTNR,2,1,"Vertex Energy, Inc (VTNR)"
VRE,2,1,"Veris Residential, Inc. Common Stock (VRE)"
VRAY,2,1,"ViewRay, Inc. (VRAY)"
MAG,2,1,MAG Silver Corporation Ordinary Shares (MAG)
MWIV,2,1,MWI VETERINARY SUPPLY INC
VPFG,2,1,Viewpoint Financial
VOLVY,2,1,AB Volvo Class B American Depositary Receipts (VOLVY)
VDSI,2,1,VASCO Data Security
AIMT,2,1,"Aimmune Therapeutics, Inc. (AIMT-Nasdaq) - Stock - Brisbane, CA"
CVRR,2,1,CVR Refining
CVG,2,1,Convergys Corporation (NYSE)
CTRCF,2,1,"Centrotec Sustainable AG, Brilon Ordinary Shares (CTRCF)"
CHFC,2,2,Chemical Financial
CEN,2,1,Center Coast MLP & Infrastructure Fund Common Shares of Beneficial Interest (CEN)
CXP,2,1,"Columbia Property Trust, Inc. (CXP)"
CWEI,2,1,"Clayton Williams Energy, Inc. (CWEI)"
LMST,2,1,"Limestone Bancorp, Inc. - Common Stock"
AXAS,2,1,ABRXSAS Energy
NEX,2,1,NexTier Oilfield Solutions Inc. (NEX)
NES,2,1,"Nuverra Environmental Solutions, Inc. (NES)"
NEOT,2,1,"Neothetics, Inc. (NEOT)"
MCC,2,1,Medley Capital Corporation (MCC)
URGO,2,1,URGO [OT]
UBNK,2,1,"United Financial Bancorp, Inc. (UBNK)"
DEAC,2,1,DraftKings Inc. - Class A (DKNG) [ST]
CDA,2,1,LUMENPULSE INC (CDA)
CCXX,2,1,"Churchill Capital Corp III Class A common stock, par value $0.0001 per share (CCXX)"
CCT,2,2,"Corporate Capital Trust, Inc. (CCT)"
CCP,2,2,"Care Capital Properties, Inc. (CCP)"
CANO,2,1,"Cano Health, Inc. Class A (CANO)"
DMTK,2,1,"DermTech, Inc. (DMTK)"
DIISY,2,1,Direct Line Insurance Group PLC Unsponsored ADR (DIISY)
DFT,2,1,DUPONT FABROS TECHNOLOGY
TTP,2,1,"Tortoise Pipeline & Energy Fund, Inc. (TTP)"
TRW,2,1,"Trw Automotive Holdings Corp, Stock"
TRIT,2,1,"Triterras, Inc."
LJPC,2,1,LA JOLLA PHARMACEUTICAL COMPANY COM PAR $.0001 2 (LJPC)
BGFV,2,1,Big 5 Sporting Goods Corporation (BGFV)
NOTV,2,1,"Inotiv, Inc. (NOTV)"
NKLA,2,1,Nikola Corporation
NILSY,2,1,JSC MMC Norilsk Nickel Spons ADR (NILSY)
NGIPX,2,1,Columbia Marsico Growth Z (NASDAQ)
AXL,2,1,"American Axle & Manufacturing Holdings, Inc. (AXL)"
DOWW,2,1,Dow Inc. (DOW)
DOM,2,1,Dominion Resources Black Warrior Trust (DOM)
DNR,2,2,"DENBURY RESOURCES, INC."
CBLK,2,1,"Carbon Black, Inc. (CBLK) [ST]"
CBAY,2,1,CymaBay Therapeutics Inc. (CBAY)
TPCO,2,1,Tribune Publishing Company (TPCO)
TOSYY,2,1,Toshiba Corp Unsponsored ADR (TOSYY) [ST]
TNTR,2,1,"Tintri, Inc. (TNTR)"
TNH,2,1,Terra Nitrogen
TMUSR,2,1,"T-Mobile US, Inc. - Subscription Rights Expiring 7/27/2020 (TMUSR)"
DXTR,2,1,Dextera Surgical Inc. (DXTR)
BCEL,2,1,"Atreca, Inc. - Class A (BCEL)"
BBTD,2,1,BB&T Corporation Depositary Shares Representing 1/1000th Perpetual Preferred Series D (BBT$D)
LGF,2,2,LIONS GATE ENTERTAINMENT CORP
LCI,2,1,Lannett Co Inc (LCI)
NTDTY,2,1,Ntt Data Corp Ltd Unsponsored ADR (NTDTY)
NSM,2,1,Nationstar Montrose
NRE,2,1,NorthStar Realty Europe
DWTI,2,1,VelocityShares 3X Inverse Crude ETN linked to the S&P GSCI Crude Oil Index Excess Return (DWTI)
DWAC,2,2,Digital World Acquisition Corp. - Class A (DWAC)
DVFAX,2,1,Cohen & Steers Dividend Value A (NASDAQ)
DTN,2,1,WisdomTree Dividend Ex-Financials Fund (DTN)
DRAD,2,1,Digirad Corporation (DRAD)
TLMR,2,1,TALMER BANCORP INCORPORATED (TLMR)
TIS,2,1,Orchids Paper Products Company (TIS)
TICC,2,1,TICC Capital
LANC,2,2,LANCASTER COLONY CRP
KL,2,1,Kirkland Lake Gold Ltd.
OCR,2,2,"Omnicare, Inc. (OCR)"
BFET,2,1,BF Enterprises Common Stock New (BFET)
ENH,2,2,Endurance Specialty Holdings Ltd (ENH)
ELGX,2,2,ENDOLOGIX INC
EFII,2,1,ELECTRONICS FOR IMAGING INCORPORATED (EFII)
EFCD,2,1,Ellington Financial Inc. 7.00% Series D Cumulative Perpetual Redeemable Preferred Stock (EFC$D)
EEX,2,1,"EMERALD EXPOSITIONS EVENTS, IN CMN"
TFFP,2,1,"TFF Pharmaceuticals, Inc. (TFFP)"
TFCFA,2,2,"Twenty-First Century Fox, Inc. - Class A (TFCFA)"
TEV,2,1,TEVA PHARMACEUTICAL INDUSTRIES LIMITED ADR (ISRAEL) (TEV)
TEUM,2,1,Pareteum Corporation (TEUM)
OTIC,2,1,"Otonomy, Inc. (OTIC)"
OMN,2,1,OMNOVA Solutions Inc. (OMN)
BUNT,2,2,"DB 3x German Bund Futures Exchange Traded Notes due March 31, 2021 (BUNT)"
BTEC,2,1,Principal Healthcare Innovators ETF (BTEC)
ENOC,2,1,ENERNOC INC
ENOB,2,1,"Enochian Biosciences, Inc. (ENOB)"
ALLY-A,2,1,GMAC CAP TRUST I 8.125% TO 2/15/2016 FLOATS AFTER (ALLY.A)
AKCPF,2,1,Asustek Computer Inc Ord Ordinary Shares (AKCPF)
TEAR,2,1,TearLab Corporation (TEAR)
TCO,2,1,"Taubman Centers, Inc. (TCO)"
TCNNF,2,1,TRULIEVE CANNABIS CORP (TCNNF)
TCK,2,2,Teck Resources Ltd Ordinary Shares (TCK)
ESGC,2,1,Eros STX Global Corporation A Ordinary Shares (ESGC) [ST]
ESALY,2,1,Eisai Co Ltd American Depositary Shares (ESALY) [ST]
EQV,2,1,EQV
ISIS,2,2,"Isis Pharmaceuticals, Inc. (NASDAQ)"
ISEE,2,1,"IVERIC bio, Inc. (ISEE)"
ASXC,2,1,"Asensus Surgical, Inc. (ASXC)"
OZRK,2,2,BANK OF THE OZARKS INC UNSOLICITED TRADE
JMF,2,1,Nuveen Energy MLP Total Return Fund Common Shares of Beneficial Interest (JMF)
CAFD,2,1,8point3 Energy Partners LP - Class A Shares (CAFD)
CADE,2,1,Cadence Bank (CADE)
CAA,2,2,"CalAtlantic Group, Inc. (CAA)"
SWFT,2,1,Swift Transport
SWAY,2,1,Starwood Waypoint Residential Trust (SWAY)
SVU,2,1,SuperValu Inc. (SVU)
SRF,2,1,The Cushing Royalty & Income Fund Common Shares of Beneficial Interest (SRF)
FFG,2,2,"FBL Financial Group, Inc. (FFG)"
FCGYF,2,1,"Veresen, Inc. Ordinary Shares (FCGYF)"
FCAU,2,1,Fiat Chrysler Automotive
FBC,2,1,"Flagstar Bancorp, Inc. (FBC)"
PETQ,2,1,"PetIQ, Inc. - Class A (PETQ)"
PER,2,1,SandRidge Permian Trust Common Units of Benficial Interest (PER)
PEI,2,1,Pennsylvania Real Estate Investment Trust (PEI)
PDLI,2,1,PDL Biopharma Inc
PCYC,2,1,Pharmacyclics
ATML,2,1,Atmel Corporation (NASDAQ)
ITTOY,2,1,Itochu Techno-Solutions Corp Unsponsored ADR (ITTOY)
ITEK,2,1,Inotek Pharmaceuticals Corporation (ITEK)
FNFG,2,1,FIRST NIAGARA FINL
FNBC,2,1,First NBC Bank Holding Company (FNBC)
FMBI,2,2,FIRST MIDWEST BANCORP DEL (FMBI)
FLNTOLD,2,1,FUELNATION INCORPORATED (FLNTOLD)
SRCI,2,1,SRC ENERGY INCORPORATED (SRCI)
SPYB,2,1,SPDR S&P 500 Buyback ETF (SPYB)
PIR,2,1,PIER 1 IMPORTS INCORPORATED (PIR)
BIG,2,2,"Big Lots, Inc. (BIG)"
IRET,2,1,Investors Real Estate Trust
IQNT,2,1,"Inteliquent, Inc. (IQNT)"
PHLD,2,1,PHILLIPS EDISON GR
PGH,2,2,Pengrowth Energy Corporation (NYSE)
AMWD,2,1,American Woodmark Corporation
AMAG,2,1,"AMAG Pharmaceuticals, Inc. (AMAG)"
SPGYF,2,1,"Whitecap Resources, Inc. Common shares (SPGYF)"
SOLO,2,1,Electrameccanica Vehicles Corp. Ltd. (SOLO)
BRMK,2,1,Broadmark Realty Capital Inc. (BRMK)
BPY,2,1,BROOKFIELD PPTY PARTNERS
FRM,2,1,Furmanite Corp.
FPL,2,1,First Tr New Opportunity MLP & Energy Fund
FOEAF,2,1,Fred Olsen Energy Asa Ord Ordinary Shares (FOEAF)
SMCYY,2,1,SIMCORP A/S UN/ADR (SMCYY)
GBT,2,1,"Global Blood Therapeutics, Inc. (GBT)"
INXN,2,1,Interxion Holding
INGIY,2,1,Ingenico S.A. Unsponsored ADR (INGIY)
IMGN,2,1,"ImmunoGen, Inc. (IMGN)"
PNK,2,1,PINNACLE ENTMT INC
PLKI,2,2,"Popeyes Louisiana Kitchen, Inc. (NASDAQ)"
FSKR,2,1,FS KKR Capital Corp. II (FSKR) [ST]
SLY,2,2,SPDR S&P 600 Small Cap ETF (SLY)
SKLZ,2,1,SKILLZ INC. CMN
SJR,2,1,"Shaw Communications, Inc. (NYSE)"
GCAP,2,1,"GAIN Capital Holdings, Inc. (GCAP)"
SGIX,2,1,GS Brokerage - FIRST EAGLE GLOBAL FUND I FIRST EAGLE GLOBAL (SGIX)
APOL,2,2,Apollo Education
GNKOQ,2,1,Genco Shipping & Trading Limited (GNKOQ)
GNC,2,1,"GNC Holdings, Inc. Class A (GNC)"
GMSYX,2,1,GMSYX - GOLDMAN SACHS SM MD CAP GROWTH I
GMRE,2,1,Global Medical REIT Inc. Common Stock
APHA,2,2,Aphria Inc. - Common Shares (APHA)
AOBC,2,2,American Outdoor Brands Corporation
SEM,2,1,Select Medical Holding
IBTX,2,1,Independent Bank
IBTF,2,1,ISHARES IBONDS DEC 2025 TERM T (IBTF)
IBTD,2,1,ISHARES IBONDS DEC 2023 TERM T (IBTD)
IBTB,2,1,ISHARES IBONDS DEC 2022 TERM T (IBTB)
PTLA,2,1,"Portola Pharmaceuticals, Inc. (PTLA)"
PSB,2,2,PS Business Parks Inc.
PRO,2,1,"PROS Holdings, Inc. (PRO)"
HBAYF,2,1,Hudsons Bay Co Common Shares (HBAYF)
SCBT,2,1,FIRST FINL HLDGS INCORPORATED NEW (SCBT)
SC,2,2,Santander Consumer USA Holdings Inc. (SC)
SAVE,2,1,"Spirit Airlines, Inc. (SAVE)"
SAND,2,2,Sandstorm stock
HW,2,1,Headwaters Incorporated (HW)
HUB-B,2,2,Hubbell Inc. (NYSE)
AQFH,2,1,"Aquesta Financial Holdings, Inc."
APY,2,1,Apergy Corporation (APY) [ST]
QCP,2,2,"Quality Care Properties, Inc. (QCP)"
QCOR,2,1,QUESTCOR PHARMACEUTICALS
BOBE,2,1,BOB EVANS FARMS INC
BN7Q3G8,2,1,Ozner Water (BN7Q3G8)
RYE,2,1,RYDEX ETF TRUST S&P EQUAL WEIGHT ENERGY (RYE)
RVLT,2,1,Revolution Lighting Tech
BOWX,2,1,BowX Acquisition Corp. - Class A (BOWX)
RETA,2,1,"Reata Pharmaceuticals, Inc. - Class A (RETA) [ST]"
RCPT,2,1,"Receptos, Inc. (RCPT)"
RAS,2,1,RAIT Financial Trust New Common Shares of Beneficial Interest (RAS)
QRE,2,1,"QR Energy, LP Common Units representing Limited Partner Interests (QRE)"
IBDN,2,1,iShares iBonds Dec 2022 Term Corp (IBDN)
3V64-TI,2,1,VISA - CLASSE A
4491235,2,1,KINGSPAN GRP PLC (4491235)
ACIA,2,1,ACACIA COMMUNICATIONS INCORPORATED (ACIA)
WWGEX,2,1,Advisors Inner Circle Fs Westwood (WWGEX)
CINR,2,1,Ciner Resources LP Common Units representing Limited Partner Interests (CINR)
CHLKF,2,1,China Mobile Hong Kong Ltd Ordinary Shares (CHLKF)
ZN,2,1,Zion Oil & Gas Inc (ZN)
XL,2,1,XL Group plc (XL)
ACXM,2,1,Acxiom Corporation (ACXM)
AAMA,2,1,"Apollo Asset Management, Inc. 6.375% Series A Preferred Stock (AAM$A)"
AABA,2,1,GS Brokerage - ALTABA INC. CLOSE ENDED FUND (AABA)
6320058,2,1,HYFLUX LTD (6320058)
ZW,1,1,Zillow Group Inc (Stock) (ZW)
5522714,1,1,PSI AG (5522714)
6897143,1,1,TORAY IND INC (6897143)
AAICB,1,1,Arlington Asset Investment Corp 7.00% (AAIC$B)
AAWW,1,1,Atlas Air Worldwide Holdings (AAWW)
BBAVY,1,1,BBA Aviation Plc Unsponsored ADR (BBAVY)
BACWSA,1,1,Bank Amer Corp WT US Treas Tarp (BACWSA)
B923935,1,1,De Osram Licht AG (B923935)
XTXI,1,1,"Crosstex Energy, Inc. (NASDAQ)"
XPOI,1,1,"Xponential, Inc. (XPOI)"
XMEX,1,1,Xemex Group Inc. Common stock (XMEX)
COG,1,1,Cabot Oil & Gas Corporation (COG)
COFI,1,1,"Capital One Financial Corporation Depositary shares each representing a 1/40th interest in a share of Fixed Rate Non-Cumulative Perpetual Preferred Stock, Series I of the Issuer (COF$I)"
COF-PP,1,1,Capital One Financial Corp Pfd (NYSE)
CMLTU,1,1,CM Life Sciences III Inc. - Unit (CMLTU)
WGL,1,1,WGL Holdings Inc (WGL)
WGHPY,1,1,WH Group Ltd. Unsponsored American Depository Receipt (WGHPY)
WFCY,1,1,"Wells Fargo & Company Depositary Shares, each representing a 1/1,000th interest in a share of Non-Cumulative Perpetual Class A Preferred Stock, Series Y (WFC$Y)"
WEGE3,1,1,Weg SA (Stock) (WEGE3)
WCAGY,1,1,"Wirecard Ag, Berlin Unsponsored ADR (WCAGY)"
AGAE,1,1,Allied Gaming & Entertainment Inc.
HTS,1,1,Hatteras Financial Corp (NYSE)
HTLF,1,1,"Heartland Financial USA, Inc. (HTLF)"
HSNI,1,1,HSN INCORPORATED (HSNI)
HSNGY,1,1,Hang Seng Bk Ltd Ord American Depositary Shares (HSNGY)
HSH,1,1,Hillshire Brands Co (in UBS CMA)
HSC,1,1,Harsco Corporation (HSC)
HPV,1,1,HEARTLAND PAYMENT SYSTEMS (HPV)
HOSMX,1,1,Hodges Small-Cap Fnd HOSMX
HOFV,1,1,Hall of Fame Resort & Entertainment Company (HOFV)
QUMU,1,1,Qumu Corporation (QUMU)
QSY,1,1,WisdomTree U.S. Quality Shareholder Yield Fund (QSY) [ST]
QRTEP,1,1,"Qurate Retail, Inc."
ARINA,1,1,Arista Investors Corp. Class A (ARINA)
ARGO,1,1,"Argo Group International Holdings, Ltd. (ARGO)"
IBDL,1,1,Ishares Ibonds Dec 20 Trm Corp
IBDK,1,1,Ishares Ibonds Dec 20 Trm
ROIC,1,1,Retail Opportunity Investments Corp. (ROIC)
RNDY,1,1,"Roundy's, Inc. (RNDY)"
RIGP,1,1,Transocean Partners LLC Common Units Representing Limited Liability Company Interests (RIGP)
RGBM,1,1,Regal Bancorp Inc. (RGBM)
RFE,1,1,"Regions Financial Corporation Depositary Shares, Each Representing a 1/40th Interest in a Share of 4.45% Non-Cumulative Perpetual Preferred Stock, Series E (RF$E)"
HLS,1,1,HealthSouth Corp (HLS)(stock)
HIYS,1,1,Invesco Actively Managed Exchange-Traded Fund Trus
HIFR,1,1,"InfraREIT, Inc. (HIFR)"
BPR,1,1,BROOKFIELD PROPERTY REIT INC. CMN
BPHSPX11,1,1,BPHSPX11 [OT]
REE,1,1,Rare Element Resources Ltd. Ordinary Shares (REE)
RDSA-AS,1,1,Royal Dutch Shell plc
RDSA,1,1,Royal Dutch Shell Plc
RDS,1,1,Royal Dutch shell Spon RDS
RDFN,1,1,Redfin Corporation (RDFN)
RALS,1,1,ProShares RAFI Long Short ETF (RALS)
BMBLY,1,1,Brambles Ltd Unsponsored ADR (BMBLY)
BLFSD,1,1,BioLife Solutions Inc. NEW (BLFSD)
HGH,1,1,HARTFORD FINL SVC GRP 7.875% TO 4/15/22 FLOATS AFTER (HGH) BA1/BB+ 7.875% DUE:2042-04-15
HEES,1,1,H&E EQUIPMENT SVCS INC
HCLP,1,1,Hi-Crush Partners
RYL,1,1,"Ryland Group, Inc. (RYL)"
RYDBF,1,1,Royal Dutch Shell PLC Ordinary Shares B
RVNC,1,1,"Revance Therapeutics, Inc. - Common Stock"
RUK,1,1,Reed Elsevier NV PLC New ADS (RUK)
RTL,1,1,"The Necessity Retail REIT, Inc. - Class A (RTL)"
RSCO,1,1,SPDR Russell Small Cap Completeness ETF (RSCO)
RPXC,1,1,RPX Corporation (RPXC)
ROYMY,1,1,Royal Mail PLC Unsponsored ADR (ROYMY)
ROX,1,1,"CASTLE BRANDS, INC."
ROVI,1,1,Rovi Corporation (ROVI)
ROSG,1,1,Rosetta Genomics Ltd. - ordinary shares (ROSG)
SALT,1,1,Scorpio Bulkers
HUB-A,1,1,Hubbell Inc A (HUB.A)
ARAV,1,1,"Aravive, Inc. (ARAV)"
QLIKOLD,1,1,QLIK TECHNOLOGIES INCORPORATED (QLIKOLD)
PUTW,1,1,WisdomTree CBOE S&P 500 PutWrite Strategy Fund (PUTW)
IIN,1,1,IntriCon Corporation
IILG,1,1,INTERVAL LEISURE GROUP INCORPORATED (IILG)
IIL,1,1,"4,000,000 shares of Innate Immunotherapies Ltd. on Australian Stock Exchange symbol IIL."
IGTE,1,1,IGATE CORPORATION (IGTE)
IGN,1,1,ISHARES NA TEC MULTM ETF (IGN)
ICPT,1,1,"INTERCEPT PHARMACEUTICALS, INC CMN"
SAFM,1,1,"Sanderson Farms, Inc. (SAFM)"
RYT,1,1,Guggenheim S&P 500 Eq Wt Technology ETF
BOT4J94,1,1,Wasion Group (BOT4J94)
BONT,1,1,"The Bon-Ton Stores, Inc. (BONT)"
BMTC,1,1,BRYN MAWR BK CORPORATION (BMTC)
PSTH,1,1,"Pershing Square Tontine Holdings, Ltd. Class A (PSTH)"
PRFT,1,1,Perficient
PPSPX,1,1,Principal Preferred Securities (PPSPX)
PPR,1,1,Voya Prime Rate Trust Shares of Beneficial Interest (PPR)
PPD,1,1,"PPD, INC. CMN"
POMO4,1,1,Marcopolo SA Preference Shares (Stock) (POMO4)
HA,1,1,"Hawaiian Holdings, Inc. (HA)"
GWPH,1,1,GW Pharmaceuticals Plc - American Depositary Shares (GWPH)
GSS,1,1,"Golden Star Resources, Ltd (GSS)"
GPX,1,1,GP Strategies
SCHWD,1,1,"The Charles Schwab Corporation Depositary Shares each representing 1/40th interest in a share of 5.95% Non-Cumulative Perpetual Preferred Stock, Series D"
SCHN,1,1,"Schnitzer Steel Industries, Inc. - Class A (SCHN)"
SBY,1,1,Silver Bay Realty
SBUX-SW,1,1,STARBUCKS (Swiss)
SBRCY,1,1,SBERBANK RUSSIA SPONSORED ADR (RUSSIA) (SBRCY)
SBMRY,1,1,SABMiller plc American Depositary Shares (SBMRY)
SEND,1,1,"Techstars 2009, LLC- SendGrid"
APPL,1,1,Appell Pete Corp (APPL)
GOOCV,1,1,Google Inc. - Class C Capital Stock When Issued (GOOCV)
GNUS,1,1,Genius
GMT,1,1,GATX Corporation (GMT)
GLT,1,1,P H GLATFELTER
GLOV,1,1,Goldman Sachs ETF Tr Activebeta Eme (GLOV)
APAGF,1,1,Apco Oil and Gas International Inc. - Ordinary Shares (APAGF)
ANN,1,1,"ANN INC., COMMON STOCK"
ANDV,1,1,ANDEAVOR CMN
ANCX,1,1,Access National Corporation
HCBK,1,1,"Hudson City Bancorp, Inc. (HCBK)"
HBHC,1,1,Hancock Holding Company (HBHC)
IBTE,1,1,IBTE
IBM-MX,1,1,International Business Machines Corporation
PTNR,1,1,"Partner Communications Company Ltd. - American Depositary Shares, each representing one ordinary share (PTNR)"
BSCP,1,1,Invesco BulletShares 2025 Corporate Bond ETF
SLHOLD,1,1,SOLERA HOLDINGS INCORPORATED (SLHOLD)
SKYAY,1,1,Sky PLC (SKYAY)
SKHCY,1,1,Sonic Healthcare Ltd Unsponsored ADR (SKHCY)
SILK,1,1,"Silk Road Medical, Inc. (SILK)"
SIE,1,1,Siemens (SIE)
GIRBX,1,1,GOLDMAN SACHS BRIC FUND CLASS IR N/L (GIRBX)
GIFI,1,1,"Gulf Island Fabrication, Inc. (GIFI)"
GFSZY,1,1,G4S Plc Unsponsored ADR (GFSZY)
GDEN,1,1,"Golden Entertainment, Inc. - Common Stock (GDEN)"
GCP,1,1,GCP Applied Technologies Inc. (GCP)
GCOIX,1,1,Goldman Sachs TR GRW OPPT INSTL (GCOIX)
SHPGF,1,1,Shire plc Ordinary Shares (SHPGF)
SHOS,1,1,"Sears Hometown and Outlet Stores, Inc. (SHOS)"
SGMA,1,1,"SigmaTron International, Inc. (SGMA)"
SFLY,1,1,"Shutterfly, Inc. (SFLY)"
INWK,1,1,"InnerWorkings, Inc. (INWK)"
INRD,1,1,"Inrad Optics, Inc. (INRD)"
INFR,1,1,Legg Mason Global Infrastructure ETF (INFR)
INFI,1,1,"Infinity Pharmaceuticals, Inc. (INFI)"
INBR32,1,1,Inter BDR (Stock) (INBR32)
IMPV,1,1,IMPERVA INC COM
IM,1,1,Ingram Micro Inc. (IM)
ILG,1,1,"ILG, Inc (ILG)"
POEFF,1,1,Pan Orient Energy Corp Ordinary Shares (POEFF)
PLM,1,1,Polymet Mining Corporation Ordinary Shares (PLM)
PLGTF,1,1,"Pilot Gold, Inc Ordinary Shares (PLGTF)"
FSRV,1,1,"Katapult Holdings, Inc. (KPLT)"
FSFR,1,1,Fifth Street Senior Floating Rate Corp. (FSFR)
FRRVY,1,1,Ferrovial SA Unsponsored ADR (FRRVY)
BSJJ,1,1,INVESCO BULLETSHARES 2019 HIGH YIELD CORP BOND ETF
BSFT,1,1,BROADSOFT INC COM
ALYF,1,1,Ally Financial Inc. (ALYF)
ALU,1,1,"Alcatel Lucent, Common stock"
SONC,1,1,Sonic
SOJA,1,1,The Southern Company JR SUB NT 2015A
SOHO,1,1,Sotherly Hotels Inc. - Common Stock (SOHO)
BRK,1,1,Bershire Hathaway Cdr [Cad Hedged]
FOLD,1,1,"Amicus Therapeutics, Inc. (FOLD)"
SNREY,1,1,SUNRISE COMMS AG ADR A (SNREY)
SNRE,1,1,Sunrise Communications AG - American Depositary Shares representing Class A shares (SNRE)
SNR,1,1,New Senior Investment Group Inc. (SNR)
SNMX,1,1,"Senomyx, Inc. (SNMX)"
SMTA,1,1,Spirit MTA REIT Common Shares of Beneficial Interest (SMTA)
SMEZ,1,1,SPDR EURO STOXX Small Cap ETF (NYSEArca)
GAN,1,1,GAN Limited
FUR,1,1,Winthrop Realty Trust New (FUR)
FTBXL,1,1,Fifth Third Bancorp Depositary Share representing 1/25th Preferred Series H (FTBXL)
SQAGZ,1,1,BCS AUTO-CALLABLE TRIGGER JUMP ON SPX (SQAGZ)
PKT,1,1,Procera Networks Inc.
BIN,1,1,Progressive Waste Solutions Ltd.
BII,1,1,BAIDU INCORPORATED SPON ADR REP A (CAYMAN ISLANDS) (BII)
BHLB,1,1,"Berkshire Hills Bancorp, Inc. Common Stock (BHLB)"
IS,1,1,ironSource Ltd. Class A Ordinary Shares (IS) [ST]
IRLBF,1,1,Bank Of Ireland The Governor & Co of the Bank of Ireland Euro.64 Ordinary Shares (IRLBF)
IPXL,1,1,"Impax Laboratories, Inc. (IPXL)"
PHH,1,1,PHH Corp (PHH)
PGSVY,1,1,PETROLEUM GEO SVCS ASA NEW SPONSORED ADR (NORWAY) (PGSVY)
PETRY,1,1,VIBRA ENERGIA UNSP/ADR (PETRY)
SPNE,1,1,SEASPINE HLDGS CORPORATION (SPNE)
SPKEP,1,1,"Spark Energy, Inc. - 8.75% Series A Fixed-to-Floating Rate Cumulative Redeemable Perpetual Preferred Stock (SPKEP)"
AMRS,1,1,Amyris Inc.
AMRI,1,1,"Albany Molecular Research, Inc. (AMRI)"
AMCRY,1,1,Amcor Limited American Depositary Shares (AMCRY)
PDYPY,1,1,Paddy Power plc Unsponsored ADR (PDYPY)
PCPL-U,1,1,"CC Neuberger Principal Holdings I Units, each consisting of one Class A ordinary share and one-fourth of one Redeemable Warrant (PCPL.U)"
AUXL,1,1,AUXILIUM PHARMACEUTICALS INC
ATIS,1,1,ATTIS INDS INC COM
IXNZF,1,1,I (IXNZF)
ITMN,1,1,INTERMUNE INCORPORATED (ITMN)
ITIP,1,1,iShares International Inflation-Linked Bond ETF (ITIP)
FARO,1,1,FARO TECHNOLOGIES INC CMN
EXPR,1,1,EXPRESS INC (EXPR)
FNI,1,1,First Trust Chindia ETF (FNI)
FNFV-V,1,1,"Fidelity National Financial, Inc. Common Stock Ex-Distribution When Issued (FNFV.V)"
FMI,1,1,Foundation Medicine Inc.
FMCMF,1,1,Fresenius Medical Care AG Vorz AKT OHNE Stimmrecht (FMCMF)
FIT,1,1,"Fitbit, Inc. Class A (FIT)"
FINL,1,1,"The Finish Line, Inc. - Class A (FINL)"
SREV,1,1,SERVICESOURCE INTL
SWH,1,1,"Stanley Black & Decker, Inc. Corp Unit 2013 (SWH)"
SWAV,1,1,"ShockWave Medical, Inc. (SWAV) [ST]"
SVCBY,1,1,Svenska Cellulosa B Shs American Depositary Shares (SVCBY) [ST]
SUSQ,1,1,Susquehanna Bancshrs Inc. (SUSQ)
EXPI,1,1,"eXp World Holdings, Inc."
EVHC,1,1,Envision Healthcare Corporation (EVHC) [ST]
EVDY,1,1,Everyday Health Inc. - stock
ETWO-W,1,1,"E2open Parent Holdings, Inc. Warrants (ETWO.W)"
ESTE,1,1,"Earthstone Energy, Inc. Class A (ESTE)"
SUM,1,1,Summit Materials Inc.
STEOLD,1,1,STERIS CORPORATION (STEOLD)
STAR,1,1,iStar Inc. (STAR)
SSLTY,1,1,"Santos, Ltd. Unsponsored ADR (SSLTY)"
SSI,1,1,STAGE STORES INC
FDSWX,1,1,AIG Focused Dividend Strategy Fund Class W
PEGFF,1,1,Pacific Rubiales Energy Corp New Ordinary Shares (PEGFF)
BKJAY,1,1,Bank Yokohama Ltd Japan American Depositary Shares (BKJAY)
BKEPP,1,1,Blueknight Energy Partners L.P. - Series A Preferr
PBIB,1,1,"Porter Bancorp, Inc. common stock"
PARAA,1,1,Paramount Global - Class A (PARAA)
PANDY,1,1,PANDORA AS SP/ADR (PANDY)
JMP,1,1,JMP Group LLC Common Shares (JMP)
JMG,1,1,"Journal Media Group, Inc. (JMG)"
JHB,1,1,Nuveen High Income November 2021 Target Term Fund Nuveen High Income November 2021 Target Term Fund (JHB)
JE,1,1,Just Energy
JCP,1,1,"J.C. Penney Company, Inc. Holding Company (JCP)"
EQC,1,1,Equity Commonwealth
EPL,1,1,EPL Oil Inc
CADEA,1,1,Cadence Bank 5.50% Series A (CADE$A)
SXE,1,1,"Southcross Energy Partners, L.P. Common Units representing limited partner interest in the Partnership (SXE)"
SX7E,1,1,MORGAN STANLEY TRIGGER PLUS ON EURO STOXX BANKS INDEX (SX7E) DUE 11/5/19
SWMAY,1,1,Swedish Match AB Frueher Svenska Taendsticks AB Unsponsored ADR (SWMAY)
ENOP,1,1,ENDO INTERNATIONAL PLC SHS (IRELAND) (ENOP)
ALLK,1,1,Allakos Inc. (ALLK)
ALIOYOLD,1,1,ACTELION LIMITED SPONSORED ADR (SWITZERLAND) (ALIOYOLD)
AKRO,1,1,"Akero Therapeutics, Inc. (AKRO)"
TECO,1,1,Treaty Energy Corporation (TECO)
TECD,1,1,TechNA
TDA,1,1,"Telephone and Data Systems, Inc. 5.875% Senior Notes due 2061 (TDA)"
TCYMY,1,1,Tingyi Cayman Islands Hldgs Cp Sponsored ADR (TCYMY)
TCB,1,1,TCF Financial Corporation (TCB)
TCAP,1,1,Triangle Capital Corporation (NYSE)
TANN,1,1,TravelCenters of America LLC 8.25% Senior Notes due 2028 (TANN)
TA,1,1,"AT&T Inc. Depositary Shares, each representing a 1/1,000th interest in a share of 5.000% Perpetual Preferred Stock, Series A (T$A)"
SZEVY,1,1,Suez Environnement Suez Environnement Co SA Unsponsored ADR (SZEVY)
SYY-SG,1,1,SYSCO
ERF,1,1,Enerplus Corp.
ISGB,1,1,ISHARES TR 1-5 YR INVT GRADE BD ISGB
KEYJ,1,1,"KeyCorp Depositary Shares each representing a 1/40th ownership interest in a share of Fixed Rate Perpetual Non-Cumulative Preferred Stock, Series F (KEY$J)"
KCRPY,1,1,KAO CORPORATION SPONSORED ADR (JAPAN) (KCRPY)
JTA,1,1,JTA-NYSE Nuveen Tax Advantaged Total
JPJQL,1,1,JP MORGAN CHASE (OTC Markets)
OYST,1,1,Oyster Point Pharma Inc.
OVTI,1,1,"Omnivision Technologies, Inc. (OVTI)"
ORVR3,1,1,Orizon Valorizacao de Residuos SA (Stock) (ORVR3)
ORIG,1,1,"Ocean Rig Udw Inc., Stock"
OREX,1,1,"Orexigen Therapeutics, Inc. (OREX)"
ORB,1,1,ORBITAL SCIENCE CORP
OOCP,1,1,Other OTC Corporation
ONVO,1,1,"Organovo Holdings, Inc. (ONVO)"
ALR,1,1,Alere Inc. (ALR)
BUNT-RP,1,1,PowerShares DB 3x German Bund F (NYSE)
BTVCY,1,1,Britvic plc Sponsored ADR (BTVCY)
ENTR,1,1,"Entropic Communications, Inc. (ENTR)"
KNL,1,1,KNOLL INC
KMR,1,1,"Kinder Morgan Management, LLC (KMR)"
KMI-W,1,1,"Kinder Morgan, Inc. Warrants Expiring 2017 (KMI.W)"
KLG,1,1,WK KELLOGG CO CMN
OHAI,1,1,Oha Investment Corp
NYMX,1,1,Nymox Pharmaceutical Corporation
NXTM,1,1,"NxStage Medical, Inc. (NXTM)"
ELX,1,1,Emulex Corporation (ELX)
EEQ,1,1,Enbridge Energy Management LLC Shares repstg limited liability company interests (EEQ)
EEP,1,1,"Enbridge Energy, L.P. Class A Common Units (EEP)"
TFCR,1,1,"Truist Financial Corporation Depositary Shares, each representing 1/1,000th interest in a share of Series R Non-Cumulative Perpetual Preferred Stock (TFC$R)"
TFCIX,1,1,THIRD AVENUE FOCUSED (TFCIX)
TFCF,1,1,"Twenty-First Century Fox, Inc. - Class B (TFCF)"
TFC-F,1,1,TFC.F - Truist FINL CORP F PFD
IXYS,1,1,IXYS Corporation (IXYS)
KKD,1,1,"Krispy Kreme Doughnuts, Inc. (KKD)"
NTXFY,1,1,Natixis Unsponsored ADR (NTXFY)
NTDMF,1,1,Ntt DoCoMo Inc Ordinary Shares (NTDMF)
LMACU,1,1,Liberty Media Acquisition Corporation
DSEY,1,1,"Diversey Holdings, Ltd. - Ordinary Shares (DSEY)"
DRYS,1,1,DryShips Inc. (DRYS)
TLRD,1,1,"Tailored Brands, Inc. (TLRD)"
TKPYY,1,1,Takeda Pharmaceutical Co Ltd Sponsored ADR (TKPYY)
THI,1,1,TIM HORTONS INC
TGI,1,1,TRIUMPH GROUP INCORPORATED NEW (TGI)
TGH,1,1,Testainer Group Holdings
ENI,1,1,Enersis S.A. Amer Dep shrs
OMG,1,1,Omigroup
LBIX,1,1,Leading Brands Inc - Common Shares (LBIX)
KYOCY,1,1,Kyocera Corporation ADR Japan (KYOCY)
KRTX,1,1,"Karuna Therapeutics, Inc. (KRTX)"
KOG,1,1,KODI Corp
NPSND,1,1,Naspers Limited
NJ,1,1,Nidec Corporation
NID,1,1,Nuveen Intermediate Duration Municipal Term Fund C
AXTE,1,1,iShares MSCI ACWI ex US Telecommunication Services ETF (AXTE)
LTXB,1,1,"LegacyTexas Financial Group, Inc. (LTXB)"
TNTOF,1,1,The Toronto-Dominion Bank Rate/Coupon: 3.25 Matures: 06/11/2021
TMX,1,1,TERMINIX GLOBAL HLDGS INC PER ADVIS
TMST,1,1,Timken Steel Corporation Common Shares (TMST)
TLSRP,1,1,Telos Corporation Preferred Stock (TLSRP)
TLRN,1,1,"Tellurian, Inc, (TLRN)"
BEL,1,1,Belmond Ltd. Class A (BEL)
BDSI,1,1,BIODELIVERY SCIENCES INTERNATIONAL INCORPORATED (BDSI)
BBU,1,1,Brookfield Business Partners L.
LDR,1,1,Landauer Inc. (NYSE)
LDBKY,1,1,LADBROKES PLC SPON ADR (UNITED KINGDOM) (LDBKY)
NVIGF,1,1,Navigator Holdings Ltd. Ordinary Shares (NVIGF)
DESY,1,1,Diversey Holdings Ltd (NASDAQ: DESY)
CCLAY,1,1,Coca Cola Amatil Limited Sponsored ADR (CCLAY)
CCH,1,1,COCA COLA HELLENIC BOTTLING CO American Depositary Shares (CCH)
CAW,1,1,"CCA Industries, Inc. (CAW)"
CALD,1,1,"Callidus Software, Inc. (CALD)"
DNFGY,1,1,Dongfeng Motor Group Co. Ltd Unsponsored ADR Representing Shs H (DNFGY)
DISCB,1,1,DISCOVERY INC CMN
DGNR,1,1,Dragoneer Growth Opportunities Corp.
TVTY,1,1,"Tivity Health, Inc. (TVTY)"
TUES,1,1,Tuesday Morning Corp. (TUES)
TTFS,1,1,TrimTabs Float Shrink ETF (TTFS)
TSX,1,1,TSX Comps (TSX)
LKSD,1,1,"LSC Communications, Inc. (LKSD)"
BGG,1,1,Briggs & Stratton Corporation (BGG)
BFK,1,1,BlackRock Municipal Income Trust (NYSE)
NPSP,1,1,NPS PHARMACEUTICALS INCORPORATED (NPSP)
LOR,1,1,Lazard World Div & Inc Fd ETF
LNXW,1,1,Lenox Wealth Management Inc. (LNXW)
LN,1,1,LINE Corporation American Depositary Shares (LN)
AXHE,1,1,iShares MSCI ACWI ex US Healthcare ETF (AXHE)
AXE,1,1,Anixter
NFO,1,1,CLAYMORE ETF GUGGENHEIM INSIDER SENTIMENT ETF (NFO)
NETE,1,1,"Net Element, Inc. (NETE)"
MCF,1,1,Contango Oil
MBRG,1,1,MBRG - Middleberg Financial corp
MBFI,1,1,MB Financial Inc. (MBFI)
URIRP,1,1,United Rentals Inc Trust I UNITED RENTALS TRUST 1 6.50 PFD (URIRP)
UNT,1,1,Unit Corporation (UNT)
UIL,1,1,UIL HLDGS CORP
UHID,1,1,"Universal Health Services, Inc. (UHID)"
UBA,1,1,Urstadt Biddle Properties Inc. (UBA)
UA-C,1,1,"Under Armour, Inc. Class C Comm"
CUK,1,1,Carnival Plc ADS ADS (CUK)
CTY,1,1,Qwest Corporation 6.125% Notes due 2053 (CTY)
CHEUY,1,1,Cheung Kong Holdings Ltd Ord American Depositary Shares (CHEUY)
CCCS,1,1,CCC Intelligent Solutions Holdings Inc. Common Sto
CCCGY,1,1,China Communications Constructions Group LTD Beijing Unsponsored ADR (CCCGY)
CBSO,1,1,CBS Outdoor Americas Inc
CBSI,1,1,"Central Bancshares, Inc. New (CBSI)"
CYTR,1,1,CytRx Corporation (CYTR)
CYT,1,1,Cytec Industries Inc. (CYT)
CVSL,1,1,CVSL Inc. (CVSL)
AHL,1,1,ASPEN INSURANCE HOLDINGS LTD CMN
AH,1,1,ACCRETIVE HEALTH INC
AGS,1,1,PLAYAGS INC PER ADVISORY AGREEMEN
USTR,1,1,UTD STATIONERS
USOU,1,1,United States 3x Oil Fund (USOU) [ST]
USBP,1,1,"U.S. Bancorp Depositary Shares each representing a 1/1,000th interest in a share of Series K Non-Cumulative Perpetual Preferred Stock (USB$P)"
MENT,1,1,MENTOR GRAPHICS
MEMP,1,1,Memorial Production Partners LP - Common Units (MEMP)
MEET,1,1,"GS Brokerage - MEET GROUP, INC (THE) CMN (MEET)"
MDP,1,1,Meredith Corporation (NYSE)
MDD,1,1,MIDDLEBY CORP (MDD)
NEE-PC,1,1,"FPL Group, Inc. 5 7/8% Preferre"
NCMGY,1,1,Newcrest Mining Ltd Sponsored American Depositary Shares
MYOV,1,1,MYOVANT SCIENCES LTD
MWO,1,1,Morgan Stanley Cap Tr V Gtd Cap Secs (MWO)
MTZPY,1,1,Mitsubishi Tanabe Pharma Corporation Sponsored ADR (MTZPY)
MTU,1,1,MITSUBISHI UFJ FINANCIAL GROUP INC SF
VODPD,1,1,Vodafone Group Plc Ordinary Shares (VODPD)
VLKPY,1,1,Volkswagen A G Ord American Depositary Shares (VLKPY)
VIV-V,1,1,Telefonica Brasil S.A. American Depositary Shares (VIV.V)
AHL-C,1,1,Aspen Insurance Holdings Ltd [Ahl/Pc]
CVGW,1,1,"Calavo Growers, Inc. (CVGW)"
AE,1,1,"Adams Resources & Energy, Inc. (AE)"
ADVS,1,1,"Advent Software, Inc. (ADVS)"
ADT-F,1,1,ADT CORPORATION
CPSI,1,1,Computer Programs & Systems Inc. (NASDAQ)
CPN,1,1,Calpine Corporation (CPN)
CONN,1,1,"Conn's, Inc. (CONN)"
CEA,1,1,China Eastern Airlines Corp. Ltd. (NYSE)
CTECBX,1,1,"CTECBX Company: Guggenheim Investments (Chicago, IL) Description: Guggenheim Investments is the global asset management and investment advisory division of Guggenheim Partners"
CSU,1,1,CHINA SHENHUA ENERGY COMPANY LIMITED ADR (CHINA) (CSU)
CSGKF,1,1,Credit Suisse Group Ordinary Shares (CSGKF)
VSCO,1,1,Victorias Secret & Co. (VSCO)
VSAR,1,1,"Versartis, Inc. (VSAR)"
VR,1,1,"Validus Holdings, Ltd. (NYSE)"
MAYHX,1,1,Blackrock High Yield Municipal Fund - MAYHX
MFH,1,1,"M Financial Holding (MFH), (Insurance, Portland, OR) [PS]"
MFCDX,1,1,MainStay Marketfield C (NASDAQ)
B5NC0D0,1,1,MEYER BURGER (B5NC0D0)
B1WSP14,1,1,AAlberts (B1WSP14)
AZZA3,1,1,Azzas 2154 SA (Stock) (AZZA3)
AZNCF,1,1,Astrazeneca Plc Ordinary Shares (AZNCF)
MIE,1,1,"Cohen & Steers MLP Income and Energy Opportunity Fund, Inc. (MIE)"
MICRD,1,1,MICRON SOLUTIONS INC NEW (MICRD)
MGU,1,1,Macquarie Global Infrastructure Total Return Fund Inc. (MGU)
MSP,1,1,"Morgan Stanley Depositary Shares, each representing 1/1,000th of a share of 6.500% Non-Cumulative Preferred Stock, Series P (MS$P)"
MSGN,1,1,MSG Network Inc Madison Square Garden Network
MRIN,1,1,Marin Software Incorporated (MRIN)
MRH,1,1,Montpelier Re Holdings Ltd. (MRH)
MPLN,1,1,MultiPlan Corporation Class A (MPLN)
AFT,1,1,Apollo Senior Floating Rate Fund Inc. (AFT)
AFSCP,1,1,"AmTrust Financial Services, Inc. Depository Shares Representing 1/40th Preferred Series C (AFSCP)"
AEX-MU,1,1,"CHUBB LTD. SF 24,15"
AESE,1,1,"Allied Esports Entertainment, Inc. (AESE)"
YTEN,1,1,"Yield10 Bioscience, Inc. (YTEN)"
4824778,1,1,SGS SA-REG (4824778)
ZMLP,1,1,Direxion Zacks MLP High Income Shares (ZMLP)
ZIOP,1,1,"ZIOPHARM Oncology, Inc."
WSTMX,1,1,Wells Fargo Advantage S/T Muni Bd Adm (NASDAQ)
WRK-V,1,1,Westrock Company Common Stock Ex-Distribution When Issued (WRK.V) [ST]
WNRP,1,1,"West Suburban Bancorp, Inc. (WNRP) [ST]"
CLI,1,1,Mack-Cali Realty Corporation (CLI)
CLA,1,1,Mastercard (CLA)
CJNK,1,1,SPDR BofA Merrill Lynch Crossover Corporate Bond ETF (CJNK)
CIU,1,1,iShares Intermediate Credit Bond ETF (CIU)
MNRL,1,1,"Brigham Minerals, Inc. Class A (MNRL)"
MM,1,1,Millennial Media
MLNT,1,1,Cempra Inc. (CEMP) [exchanged] (S) Melinta Therapeutics Inc. (MLNT) [received]
MKTO,1,1,MARKETO INC COM
MKH,1,1,MKH (stock) NYSE
IAC,1,1,IAC/InterActiveCorp (IAC)
YAMHY,1,1,YAMAHA MOTOR CO UNSP/ADR (YAMHY)
ACOR,1,1,ACORDA THERAPEUTICS INC
ACGPF,1,1,Accell Group NV Heerenveen Ordinary Shares (ACGPF)
ABQCX,1,1,Ab Bond Fund Inc. - Ab Total Return Bond Portfo
ABCOO,1,1,ADVISORY BOARD COMPANY (ABCOO)
WY-Z,1,1,Weyerhaeuser Company Common Stock When Distibuted (WY.Z) [ST]
CHYHY,1,1,GS Brokerage - CHR HANSEN HOLDING A/S SPONSORED ADR CMN (CHYHY)
ZU,1,1,"zulily, inc. - Class A (ZU)"
ZNGA-SW,1,1,Zynga Inc.
XER-BE,1,1,XEROX CORP Rate/Coupon: 4.5% Matures: 05/15/2021
XENT,1,1,"Intersect ENT, Inc. (XENT)"
ADRE,1,1,BLDRS Emerging Markets 50 ADR Index Fund (ADRE)
ACST,1,1,"Acasti Pharma, Inc. - Class A (ACST)"
ZIMV,1,1,ZimVie Inc. (ZIMV)
YY,1,1,YY Inc. - American Depositary Shares (YY)
