ticker,first,last,bars,max_gap_days,suspect_reuse
ABMD,2016-01-04,2022-12-21,1756,4.0,False
ADS,2016-01-04,2022-04-01,1574,4.0,False
AET,2016-01-04,2018-11-28,733,4.0,False
AFSI,2016-01-04,2018-11-28,733,4.0,False
AGN,2016-01-04,2020-05-08,1095,4.0,False
AIMC,2016-01-04,2023-03-24,1819,4.0,False
AKRX,2016-01-04,2020-05-29,1109,4.0,False
AL,2016-01-04,2026-04-07,2579,4.0,False
ALE,2016-01-04,2025-12-12,2502,4.0,False
ALXN,2016-01-04,2021-07-20,1396,4.0,False
AMGP,2017-05-04,2019-03-12,466,4.0,False
ANDV,2017-08-01,2018-09-28,294,4.0,False
ANSS,2016-01-04,2025-07-16,2397,4.0,False
ANTM,2016-01-04,2022-06-27,1632,4.0,False
ARG,2016-01-04,2016-05-20,97,4.0,False
ARNC,2016-11-01,2023-08-17,1709,4.0,False
ATVI,2016-01-04,2023-10-13,1959,4.0,False
AUY,2016-01-04,2023-03-31,1824,4.0,False
AZPN,2016-01-04,2025-03-11,2310,4.0,False
BCR,2016-01-04,2017-12-28,502,4.0,False
BEAV,2016-01-04,2017-04-12,322,4.0,False
BECN,2016-01-04,2025-04-28,2343,4.0,False
BERY,2016-01-04,2025-04-29,2344,4.0,False
BHI,2016-01-04,2017-07-03,378,4.0,False
BPL,2016-01-04,2019-10-31,965,4.0,False
BRCM,2016-01-04,2016-01-29,19,4.0,False
BXLT,2016-01-04,2016-06-02,105,4.0,False
BXS,2016-01-04,2021-10-28,1467,4.0,False
CA,2016-01-04,2026-05-07,2601,4.0,False
CATM,2016-01-04,2021-06-18,1375,4.0,False
CBI,2016-01-04,2018-05-10,593,4.0,False
CCE,2016-01-04,2018-11-06,718,4.0,False
CDK,2016-01-04,2022-07-05,1637,4.0,False
CELG,2016-01-04,2019-11-20,979,4.0,False
CERN,2016-01-04,2022-06-07,1619,4.0,False
CHK,2016-01-04,2024-10-01,2201,4.0,False
CHL,2016-01-04,2021-01-08,1264,4.0,False
CHX,2020-06-04,2025-07-15,1284,4.0,False
CLNY,2016-01-04,2021-06-21,1376,4.0,False
CLR,2016-01-04,2022-11-22,1736,4.0,False
CMA,2016-01-04,2026-01-30,2534,4.0,False
CMD,2016-01-04,2021-06-01,1362,4.0,False
COL,2016-01-04,2018-11-26,731,4.0,False
CONE,2016-01-04,2022-03-24,1568,4.0,False
CREE,2016-01-04,2021-10-01,1448,4.0,False
CS,2016-01-04,2023-06-09,1872,4.0,False
CTL,2016-01-04,2020-09-17,1186,4.0,False
CTLT,2016-01-04,2024-12-17,2255,4.0,False
CTRA,2018-11-09,2026-05-06,1880,4.0,False
CTXS,2016-01-04,2022-09-29,1698,4.0,False
CVET,2019-02-08,2022-10-12,927,4.0,False
DCP,2017-01-23,2023-06-14,1610,4.0,False
DFS,2016-01-04,2025-05-16,2357,4.0,False
DISCA,2016-01-04,2022-04-08,1579,4.0,False
DISH,2016-01-04,2023-12-29,2012,4.0,False
DLPH,2016-01-04,2020-10-01,1196,4.0,False
DNB,2016-01-04,2025-08-25,2425,4.0,False
DNKN,2016-01-04,2020-12-14,1247,4.0,False
DPS,2016-01-04,2018-07-09,633,4.0,False
DRQ,2016-01-04,2024-09-06,2184,4.0,False
DTV,2016-10-11,2019-09-30,747,4.0,False
DVMT,2016-09-07,2018-12-27,581,4.0,False
DWDP,2017-09-01,2019-05-31,438,4.0,False
ENLC,2016-01-04,2025-01-30,2283,4.0,False
EQM,2016-01-04,2020-06-16,1121,4.0,False
ESRX,2016-01-04,2018-12-20,748,4.0,False
ESV,2016-01-04,2019-07-30,899,4.0,False
ETE,2016-01-04,2018-10-18,705,4.0,False
ETFC,2016-01-04,2020-10-01,1196,4.0,False
ETP,2016-01-04,2018-10-18,705,4.0,False
EV,2016-01-04,2025-04-17,2337,4.0,False
EXAS,2016-01-04,2026-03-20,2568,4.0,False
FBHS,2016-01-04,2022-12-14,1751,4.0,False
FDC,2016-01-04,2019-07-26,897,4.0,False
FEYE,2016-01-04,2021-10-04,1449,4.0,False
FL,2016-01-04,2025-09-05,2433,4.0,False
FLIR,2016-01-04,2021-05-13,1350,4.0,False
FLT,2016-01-04,2024-03-22,2069,4.0,False
FMER,2016-01-04,2016-08-15,156,4.0,False
FRC,2016-01-04,2023-04-28,1843,4.0,False
GCI,2016-01-04,2025-11-17,2484,4.0,False
GGP,2016-01-04,2018-08-27,668,4.0,False
GTLS,2016-01-04,2026-07-15,2647,4.0,False
GWR,2016-01-04,2019-12-27,1004,4.0,False
HBI,2016-01-04,2025-11-28,2492,4.0,False
HCP,2016-01-04,2025-02-26,2301,4.0,False
HDS,2016-01-04,2020-12-23,1254,4.0,False
HES,2016-01-04,2025-07-17,2398,4.0,False
HHC,2016-01-04,2023-08-11,1915,4.0,False
HI,2016-01-04,2026-02-09,2540,4.0,False
HOLX,2016-01-04,2026-04-06,2578,4.0,False
HOT,2016-01-04,2016-09-22,183,4.0,False
HYH,2016-01-04,2018-06-29,628,4.0,False
HZNP,2016-01-04,2023-10-06,1954,4.0,False
IBKC,2016-01-04,2020-07-01,1132,4.0,False
IPG,2016-01-04,2025-11-26,2491,4.0,False
ITC,2016-01-04,2016-10-13,198,4.0,False
JCOM,2016-01-04,2021-10-07,1452,4.0,False
JNPR,2016-01-04,2025-07-01,2387,4.0,False
JWN,2016-01-04,2025-05-20,2359,4.0,False
K,2016-01-04,2025-12-10,2500,4.0,False
KAR,2016-01-04,2025-12-24,2510,4.0,False
KSU,2016-01-04,2021-12-13,1498,4.0,False
LL,2016-01-04,2024-08-09,2165,4.0,False
LLL,2016-01-04,2022-10-07,1704,4.0,False
LLTC,2016-01-04,2017-03-10,299,4.0,False
LNKD,2016-01-04,2016-12-07,236,4.0,False
LOGM,2016-01-04,2020-08-28,1173,4.0,False
LSXMK,2016-04-18,2024-09-09,2113,4.0,False
LVLT,2016-01-04,2017-10-31,462,4.0,False
MASI,2016-01-04,2026-06-09,2623,4.0,False
MDSO,2016-01-04,2019-10-28,962,4.0,False
MJN,2016-01-04,2017-06-14,365,4.0,False
MMP,2016-01-04,2023-09-22,1944,4.0,False
MNK,2016-01-04,2023-08-28,1926,4.0,False
MON,2016-01-04,2022-12-23,1758,4.0,False
MRO,2016-01-04,2024-11-21,2238,4.0,False
MSG,2016-01-04,2020-04-17,1080,4.0,False
MXIM,2016-01-04,2021-08-25,1422,4.0,False
NATI,2016-01-04,2023-10-11,1957,4.0,False
NBL,2016-01-04,2020-10-02,1197,4.0,False
NGLS,2016-01-04,2016-02-16,30,4.0,False
NLSN,2016-01-04,2022-10-11,1706,4.0,False
NUAN,2016-01-04,2022-03-03,1553,4.0,False
NYCB,2016-01-04,2024-10-25,2219,4.0,False
OKS,2016-01-04,2017-06-30,377,4.0,False
ORAN,2016-01-04,2024-10-17,2213,4.0,False
PACW,2016-01-04,2023-11-30,1992,4.0,False
PBCT,2016-01-04,2022-04-01,1574,4.0,False
PCP,2016-01-04,2016-01-29,19,4.0,False
PEAK,2019-11-05,2024-03-01,1087,4.0,False
PKI,2016-01-04,2023-05-15,1854,4.0,False
POT,2016-01-04,2017-12-29,503,4.0,False
PRA,2016-01-04,2026-06-25,2634,4.0,False
PSTG,2016-01-04,2026-04-16,2586,4.0,False
PSXP,2016-01-04,2022-03-08,1556,4.0,False
PXD,2016-01-04,2024-05-02,2097,4.0,False
QRTEA,2018-03-12,2025-02-21,1748,4.0,False
RAI,2016-01-04,2017-07-24,392,4.0,False
RE,2016-01-04,2023-07-07,1890,4.0,False
RHT,2016-01-04,2019-07-08,883,4.0,False
ROLL,2016-01-04,2022-09-23,1694,4.0,False
RTN,2016-01-04,2020-04-02,1070,4.0,False
SCG,2016-01-04,2018-12-31,754,4.0,False
SEE,2016-01-04,2026-04-08,2580,4.0,False
SGEN,2016-01-04,2023-12-13,2001,4.0,False
SHLX,2016-01-04,2022-10-18,1711,4.0,False
SHPG,2016-01-04,2019-01-04,757,4.0,False
SIVB,2016-01-04,2023-03-09,1808,4.0,False
SIX,2016-01-04,2024-07-01,2137,4.0,False
SKX,2016-01-04,2025-09-11,2437,4.0,False
SNI,2016-01-04,2018-03-06,547,4.0,False
SPLK,2016-01-04,2024-03-15,2064,4.0,False
SRCL,2016-01-04,2024-11-01,2224,4.0,False
STAY,2016-01-04,2021-06-15,1372,4.0,False
STJ,2016-01-04,2017-01-04,254,4.0,False
STO,2016-01-04,2018-05-16,597,4.0,False
SWN,2016-01-04,2024-09-30,2200,4.0,False
SXL,2016-01-04,2017-04-28,333,4.0,False
THR,2016-01-04,2026-05-29,2616,4.0,False
TIF,2016-01-04,2021-01-06,1262,4.0,False
TLLP,2016-01-04,2017-07-31,397,4.0,False
TMK,2016-01-04,2019-08-08,906,4.0,False
TSS,2016-01-04,2019-09-17,933,4.0,False
TUP,2016-01-04,2024-09-17,2191,4.0,False
TWC,2016-01-04,2016-05-17,94,4.0,False
TWTR,2016-01-04,2022-10-27,1718,4.0,False
TWX,2016-01-04,2018-06-14,617,4.0,False
TYC,2016-01-04,2016-09-02,170,4.0,False
UTX,2016-01-04,2020-04-02,1070,4.0,False
VAR,2016-01-04,2021-04-14,1329,4.0,False
VLP,2016-01-04,2019-01-09,760,4.0,False
VMW,2016-01-04,2023-11-21,1986,4.0,False
VNTV,2016-01-04,2018-01-12,512,4.0,False
VRX,2016-01-04,2018-07-13,637,4.0,False
VSM,2016-10-03,2019-10-04,757,4.0,False
WBA,2016-01-04,2025-08-27,2427,4.0,False
WFM,2016-01-04,2017-08-25,416,4.0,False
WFT,2016-01-04,2019-05-10,844,4.0,False
WLL,2016-01-04,2022-06-30,1635,4.0,False
WP,2018-01-16,2019-07-30,387,4.0,False
WPX,2016-01-04,2021-01-06,1262,4.0,False
WPZ,2016-01-04,2018-08-10,657,4.0,False
WRK,2016-01-04,2024-07-05,2140,4.0,False
X,2016-01-04,2025-06-17,2378,4.0,False
XEC,2016-01-04,2021-09-30,1447,4.0,False
XLNX,2016-01-04,2022-02-11,1540,4.0,False
XON,2016-01-04,2020-01-31,1027,4.0,False
Y,2016-01-04,2022-10-18,1711,4.0,False
YHOO,2016-01-04,2017-06-16,367,4.0,False
YNDX,2016-01-04,2024-08-19,2171,4.0,False
