ticker,months,best_rank,first,last
AET,5,68.0,2017-02,2018-11
AGN,34,17.0,2016-03,2020-05
ALXN,1,83.0,2021-07,2021-07
ANTM,3,82.0,2019-04,2019-06
ATVI,19,47.0,2016-09,2023-10
BXLT,2,39.0,2016-05,2016-06
CELG,39,28.0,2016-03,2019-11
DWDP,19,61.0,2017-11,2019-05
FRC,2,66.0,2023-03,2023-04
LNKD,5,78.0,2016-03,2016-08
MON,7,67.0,2016-05,2018-06
PXD,1,98.0,2023-11,2023-11
RAI,6,49.0,2016-11,2017-07
SHPG,3,59.0,2016-05,2016-07
TWC,2,32.0,2016-04,2016-05
TWTR,51,21.0,2016-08,2022-10
TWX,14,34.0,2016-03,2018-06
UTX,26,67.0,2016-03,2020-04
VRX,8,20.0,2016-03,2016-10
WBA,2,88.0,2017-10,2017-11
X,8,50.0,2016-12,2017-07
XLNX,3,90.0,2019-04,2019-06
YHOO,14,19.0,2016-03,2017-06
