old_ticker,new_ticker,first,last,history_before_2015
BK,BNY,2012-01-03,2026-10-07,True
MMC,MRSH,2012-01-03,2026-10-07,True
ABC,COR,2012-01-03,2026-10-07,True
RDS-A,SHEL,2012-01-03,2026-10-07,True
RDS-B,SHEL,2012-01-03,2026-10-07,True
COH,TPR,2012-01-03,2026-10-07,True
HRS,LHX,2012-01-03,2026-10-07,True
ACE,CB,2012-01-03,2026-10-07,True
CBG,CBRE,2012-01-03,2026-10-07,True
BLL,BALL,2012-01-03,2026-10-07,True
HCN,WELL,2012-01-03,2026-10-07,True
GPS,GAP,2012-01-03,2026-10-07,True
CNHI,CNH,2013-09-30,2026-10-07,True
ANTM,ELV,2012-01-03,2026-10-07,True
CTL,LUMN,2012-01-03,2026-10-07,True
FI,FISV,2012-01-03,2026-10-07,True
MPW,MPT,2012-01-03,2026-10-07,True
SNE,SONY,2012-01-03,2026-10-07,True
ABB,ABBNY,2012-01-03,2026-10-07,True
MYL,VTRS,2012-01-03,2026-10-07,True
CBS,PSKY,2026-07-29,2026-10-06,False
VIAB,PSKY,2026-07-29,2026-10-06,False
VIAC,PSKY,2026-07-29,2026-10-06,False
PARA,PSKY,2026-07-29,2026-10-06,False
UTX,RTX,2012-01-03,2026-10-07,True
DWDP,DD,2012-01-03,2026-10-07,True
BHI,BKR,2012-01-03,2026-10-07,True
PX,LIN,2012-01-03,2026-10-07,True
DISCA,WBD,2026-10-05,2026-10-05,False
DISCK,WBD,2026-10-05,2026-10-05,False
WLTW,WTW,2012-01-03,2026-10-07,True
FISV,FISV,2012-01-03,2026-10-07,True
KORS,CPRI,2012-01-03,2026-10-07,True
SYMC,GEN,2012-01-03,2026-10-07,True
NLOK,GEN,2012-01-03,2026-10-07,True
HFC,DINO,2012-01-03,2026-10-07,True
FB,META,2012-05-18,2026-10-07,True
SQ,XYZ,2015-11-19,2026-10-07,False
