ticker,recipient,parent,matched_on,awards,total,matched,alias
AA,"HOWMET CASTINGS & SERVICES, INC.","ALCOA EXTRUSIONS, INC.",parent,1,21856140.0,True,
ABT,ABBOTT LABORATORIES,ABBOTT LABORATORIES,recipient,1,65469510.81,True,
ABT,ABBOTT LABORATORIES INC.,ABBOTT LABORATORIES,recipient,6,116182628.6,True,
ABT,ABBOTT RAPID DX NORTH AMERICA LLC,ABBOTT LABORATORIES,parent,17,3038020106.57,True,
ABT,ALERE INC.,ABBOTT LABORATORIES,parent,1,12691207.0,True,
ABT,"IBIS BIOSCIENCES, INC.",ABBOTT LABORATORIES,parent,1,18796591.0,True,
ABT,"PEMBROOKE OCCUPATIONAL HEALTH, INC.",ABBOTT LABORATORIES,parent,1,11354647.04,True,
ABT,"SOLVAY PHARMACEUTICALS, INC.",ABBOTT LABORATORIES,parent,1,35661214.16,True,
ABT,STARLIMS CORPORATION,ABBOTT LABORATORIES,parent,2,26796055.34,True,
ACN,ACCENTURE FEDERAL SERVICES LLC,ACCENTURE FEDERAL SERVICES LLC,recipient,10,251012371.72,True,
ACN,ACCENTURE FEDERAL SERVICES LLC,ACCENTURE PLC,recipient,437,26210500715.56,True,
ACN,ACCENTURE LLP,ACCENTURE PLC,recipient,33,3601662162.84,True,
ACN,"ASM RESEARCH, LLC",ACCENTURE PLC,parent,10,785918023.92,True,
ACN,GESTALT LLC,ACCENTURE LTD,parent,2,59934539.32,True,
ACN,"MAXIM SYSTEMS, INC",ACCENTURE PUBLIC LIMITED COMPANY,parent,1,88896147.39,True,
ACN,"PHASE ONE CONSULTING GROUP, LLC",ACCENTURE PUBLIC LIMITED COMPANY,parent,1,15031634.42,True,
AMGN,AMGEN INC.,AMGEN INC.,recipient,1,26408674.24,True,
AMGN,AMGEN USA INC,AMGEN INC.,recipient,4,1189293081.04,True,
AMZN,AMAZON SERVICES LLC,"AMAZON.COM, INC.",recipient,1,12714794.0,True,
AMZN,"AMAZON WEB SERVICES, INC","AMAZON.COM, INC.",recipient,1,53950946.76,True,
AMZN,"AMAZON WEB SERVICES, INC.","AMAZON.COM, INC.",recipient,27,1029728588.3,True,
AVGO,"CA, INC.",CA  INC.,explicit subsidiary,19,1417627796.7,True,
BA,"ARGON ST, INC.",THE BOEING COMPANY,parent,15,336392685.95,True,
BA,AURORA FLIGHT SCIENCES CORPORATION,THE BOEING COMPANY,parent,9,609241434.56,True,
BA,"BOEING AEROSPACE OPERATIONS, I","BOEING AEROSPACE OPERATIONS, I",recipient,6,1116221356.6100001,True,
BA,"BOEING AEROSPACE OPERATIONS, INC",THE BOEING COMPANY,recipient,5,502263520.33,True,
BA,"BOEING AEROSPACE OPERATIONS, INC.",THE BOEING COMPANY,recipient,30,1345388280.83,True,
BA,BOEING COMPANY,THE BOEING COMPANY,recipient,1,15488415.72,True,
BA,"BOEING COMPANY, THE","BOEING COMPANY, THE",recipient,4,99646431.99,True,
BA,"BOEING COMPANY, THE",THE BOEING COMPANY,recipient,8,1435594502.5,True,
BA,"BOEING COMPANY, THE (INC)","BOEING COMPANY, THE (INC)",recipient,7,461645955.09000003,True,
BA,"BOEING COMPANY, THE (INC)",THE BOEING COMPANY,recipient,3,49371372.8,True,
BA,"BOEING COMSATCOM SERVICES, INC.",THE BOEING COMPANY,recipient,2,39724998.0,True,
BA,"BOEING DISTRIBUTION, INC.",THE BOEING COMPANY,recipient,3,83215536.03,True,
BA,"BOEING NORTH AMERICAN, INC","BOEING NORTH AMERICAN, INC",recipient,1,290351853.0,True,
BA,"BOEING SATELLITE SYSTEMS, INC.",THE BOEING COMPANY,recipient,4,792453788.54,True,
BA,"BOEING SIKORSKY AIRCRAFT SUPPORT, LLC",THE BOEING COMPANY,recipient,18,1999763315.38,True,
BA,"BOEING-SVS, INC",THE BOEING COMPANY,recipient,3,134949284.0,True,
BA,"FEDERATED SOFTWARE GROUP, INC., THE",THE BOEING COMPANY,parent,1,11322270.11,True,
BA,"HRL LABORATORIES, LLC",THE BOEING COMPANY,parent,14,409047825.64,True,
BA,"INSITU, INC.",THE BOEING COMPANY,parent,102,3102001391.24,True,
BA,"JEPPESEN FOREFLIGHT, INC.",THE BOEING COMPANY,parent,6,83302685.27,True,
BA,MCDONNELL DOUGLAS HELICOPTER C,THE BOEING COMPANY,parent,13,3037863846.63,True,
BA,"TAPESTRY SOLUTIONS, INC.",THE BOEING COMPANY,parent,16,743542665.35,True,
BA,THE BOEING COMPANY,THE BOEING COMPANY,recipient,1949,507750142756.6,True,
BA,THE BOEING COMPANY (0674),THE BOEING COMPANY,recipient,28,1836782720.79,True,
BAC,"BANK OF AMERICA, NATIONAL ASSOCIATION",BANK OF AMERICA CORPORATION,recipient,1,15000000.0,True,
BRK-B,FLIGHTSAFETY DEFENSE CORPORATION,FLIGHTSAFETY DEFENSE CORPORATION,explicit subsidiary,7,883097478.97,True,
BRK-B,FLIGHTSAFETY INTERNATIONAL INC,BERKSHIRE HATHAWAY INC.,parent,2,723936251.61,True,
BRK-B,"FONTAINE COMMERCIAL TRAILER, INC.",BERKSHIRE HATHAWAY INC.,parent,1,26045352.0,True,
BRK-B,PACIFICORP,BERKSHIRE HATHAWAY INC.,parent,1,13602696.67,True,
BRK-B,THE FECHHEIMER BROTHERS COMPANY,BERKSHIRE HATHAWAY INC.,parent,2,83433509.50999999,True,
C,"CITIBANK, N.A.",CITIGROUP INC.,parent,1,17629489.22,True,
C,"CITIBANK, N.A.",CITIGROUP INC.,recipient,2,40636142.11,True,
C,"CITIBANK, NATIONAL ASSOCIATION",CITIGROUP INC.,recipient,1,342872541.0,True,
CAT,CATERPILLAR INC,CATERPILLAR INC.,recipient,75,1728503035.13,True,
CB,FEDERAL INSURANCE COMPANY,"CHUBB CORPORATION, THE",parent,2,48436065.36,True,
CRAI,"CRA INTERNATIONAL, INC.","CRA INTERNATIONAL, INC.",recipient,1,15400000.0,True,
CSCO,CISCO SYSTEMS INC,CISCO SYSTEMS INC,recipient,26,1865568064.57,True,
CTSH,"COGNIZANT GOVERNMENT SOLUTIONS, INC.",BELCAN CORPORATION,recipient,14,413665154.78000003,True,
CVS,AETNA HEALTH INSURANCE (THAILAND) PUBLIC COMPANY LIMITED,AETNA HEALTH INSURANCE (THAILAND) PUBLIC COMPANY LIMITED,recipient,1,14175805.58,True,
CVS,CVS HEALTHSPIRE PAYOR & LIFE SCIENCES LLC,CVS HEALTH CORPORATION,recipient,1,15767950.67,True,
CVS,"CVS PHARMACY, INC",CVS HEALTH CORPORATION,recipient,1,185307164.35,True,
CVX,CHEVRON BAHRAIN TRADING COMPANY W.L.L,CHEVRON CORPORATION,parent,2,151016077.61,True,
CVX,CHEVRON U.S.A. INC.,CHEVRON CORPORATION,recipient,1,12094776.43,True,
CVX,CHEVRON USA INC.,CHEVRON CORPORATION,recipient,15,334088350.51,True,
DHR,AB SCIEX LLC,DANAHER CORPORATION,parent,2,25705019.22,True,
DHR,CEPHEID,CEPHEID,explicit subsidiary,13,871287822.92,True,
DHR,"DANAHER TOOL GROUP, EASCO HAND",DANAHER CORPORATION,recipient,1,25429017.59,True,
DHR,"TEKTRONIX SERVICE SOLUTIONS, INC.",DANAHER CORPORATION,parent,1,11568917.96,True,
DOW,"DOW CHEMICAL COMPANY, THE",DOW INC.,recipient,1,44281882.5,True,
FDX,FEDERAL EXPRESS CORPORATION,FEDEX CORP,parent,83,3367677555.84,True,
FDX,FEDERAL EXPRESS CORPORATION,FEDEX CORP,recipient,89,2525698703.41,True,
FDX,"FEDEX SUPPLY CHAIN DISTRIBUTION SYSTEM, INC.",FEDEX CORP,recipient,50,2883041290.95,True,
FDX,"GENCO INFRASTRUCTURE SOLUTIONS, INC.",FEDEX CORP,parent,1,11922201.02,True,
FIS,"FIDELITY NATIONAL INFORMATION SERVICES, INC.","FIDELITY NATIONAL INFORMATION SERVICES, INC.",recipient,1,12874599.0,True,
GE,"ABACO SYSTEMS, INC.",GENERAL ELECTRIC COMPANY,parent,1,11172954.14,True,
GE,"DATEX-OHMEDA, INC.",GENERAL ELECTRIC COMPANY,parent,2,400134630.8,True,
GE,GE AVIATION SYSTEMS LLC,GENERAL ELECTRIC COMPANY,parent,13,261449033.13,True,
GE,GE ENERGY POWER CONVERSION NAVAL SYSTEMS INC.,GENERAL ELECTRIC COMPANY,parent,1,106172017.19,True,
GE,GE ENGINE SERVICES LLC,GENERAL ELECTRIC COMPANY,parent,5,148925020.0,True,
GE,GE RENEWABLES US LLC,GENERAL ELECTRIC COMPANY,parent,1,23394421.77,True,
GE,"GE ROLLS-ROYCE FIGHTER ENGINE TEAM, LLC",GENERAL ELECTRIC COMPANY,parent,1,2260452544.7,True,
GE,GE VERNOVA INTERNATIONAL LLC,GENERAL ELECTRIC COMPANY,parent,1,12000000.0,True,
GE,GENERAL ELECTRIC CO,GENERAL ELECTRIC CO,recipient,1,1874374490.91,True,
GE,GENERAL ELECTRIC COMPANY,GENERAL ELECTRIC COMPANY,recipient,563,37359026597.83,True,
GE,GENERAL ELECTRIC COMPANY INC,GENERAL ELECTRIC COMPANY INC,recipient,1,208921607.98,True,
GE,"XCELLEREX, INC.",GENERAL ELECTRIC COMPANY,parent,1,18986550.94,True,
GM,GENERAL MOTORS INVESTMENT MANAGEMENT CORP,GENERAL MOTORS COMPANY,recipient,1,22972864.0,True,
GM,GENERAL MOTORS LLC,GENERAL MOTORS COMPANY,recipient,8,629561464.01,True,
GM,GM DEFENSE LLC,GENERAL MOTORS COMPANY,parent,1,12622881.44,True,
GOOG,GOOGLE LLC,"MANDIANT, INC.",recipient,1,17063300.99,True,
GOOG,GOOGLE PUBLIC SECTOR LLC,GOOGLE PUBLIC SECTOR LLC,recipient,3,56586767.08,True,
GOOGL,GOOGLE LLC,"MANDIANT, INC.",recipient,1,17063300.99,True,
GOOGL,GOOGLE PUBLIC SECTOR LLC,GOOGLE PUBLIC SECTOR LLC,recipient,3,56586767.08,True,
HON,HONEYWELL BUILDING SOLUTIONS SES CORP,HONEYWELL INTERNATIONAL INC,recipient,7,204759691.05,True,
HON,"HONEYWELL FEDERAL MANUFACTURING & TECHNOLOGIES, LLC","HONEYWELL FEDERAL MANUFACTURING & TECHNOLOGIES, LLC",recipient,3,25546821884.16,True,
HON,HONEYWELL INC,HONEYWELL INTERNATIONAL INC,recipient,11,268546883.03,True,
HON,HONEYWELL INTERNATIONAL INC,HONEYWELL INTERNATIONAL INC,recipient,1,224406282.9,True,
HON,HONEYWELL INTERNATIONAL INC.,HONEYWELL INTERNATIONAL INC,recipient,129,9907125296.69,True,
HON,HONEYWELL INTERNATIONAL INC.,"RESIDEO TECHNOLOGIES, INC.",recipient,78,2714627318.07,True,
HON,"HONEYWELL INTERNATIONAL, INC",HONEYWELL INTERNATIONAL INC,recipient,23,1532247025.64,True,
HON,"HONEYWELL INTERNATIONAL, INC.","RESIDEO TECHNOLOGIES, INC.",recipient,5,120709615.69,True,
HON,HONEYWELL TECHNOLOGY SOLUTIONS INC.,HONEYWELL TECHNOLOGY SOLUTIONS INC.,recipient,1,1095544578.03,True,
HON,HONEYWELL TECHNOLOGY SOLUTIONS INCORPORATED,HONEYWELL TECHNOLOGY SOLUTIONS INCORPORATED,recipient,1,45486914.05,True,
HON,"KBR SERVICES, LLC",HONEYWELL INTERNATIONAL INC,parent,1,42480803.68,True,
HON,"KBR WYLE SERVICES, LLC",HONEYWELL INTERNATIONAL INC,parent,16,1389043690.32,True,
HON,"KBRWYLE TECHNOLOGY SOLUTIONS, LLC",HONEYWELL INTERNATIONAL INC,parent,27,483462034.26,True,
HON,MISSION SUPPORT & TEST SERVICES LLC,HONEYWELL INTERNATIONAL INC,parent,1,7708654017.32,True,
HON,"PIP MANUFACTURING, INC.",HONEYWELL INTERNATIONAL INC,parent,3,223586215.85,True,
IBM,INTERNATIONAL BUSINESS MACHINES CORPORATION,INTERNATIONAL BUSINESS MACHINES CORPORATION,recipient,390,19003124584.67,True,
IBM,"NATIONAL INTEREST ADVANCED SOLUTIONS, LLC",INTERNATIONAL BUSINESS MACHINES CORPORATION,parent,2,120033018.02000001,True,
ISRG,INTUITIVE SURGICAL INC,INTUITIVE SURGICAL INC,recipient,4,129474678.22,True,
JNJ,"JANSSEN RESEARCH & DEVELOPMENT, LLC",JOHNSON & JOHNSON,recipient,1,55960065.5,True,
JNJ,JANSSEN VACCINES & PREVENTION B.V.,JOHNSON & JOHNSON,parent,1,48585370.0,True,
JNJ,JANSSEN VACCINES & PREVENTION B.V.,JOHNSON & JOHNSON,recipient,3,251069318.29000002,True,
JPM,J. P. MORGAN INVESTMENT MANAGEMENT INC.,JPMORGAN CHASE & CO.,parent,2,32585576.62,True,
LIN,LINDE INC.,LINDE INC.,recipient,4,53231226.97,True,
LLY,ELI LILLY AND COMPANY,ELI LILLY AND COMPANY,recipient,5,4666380000.0,True,
MDT,"MEDTRONIC CARE MANAGEMENT SERVICES, LLC",COVIDIEN LP,recipient,14,433897565.69,True,
MMM,3M COMPANY,3M COMPANY,recipient,13,599242252.0,True,
MMM,"CERADYNE, INC.","CERADYNE, INC.",explicit subsidiary,10,352950825.73,True,
MMM,"SOLVENTUM HEALTH INFORMATION SYSTEMS, INC.",3M COMPANY,parent,2,58587590.66,True,
MRK,MERCK SHARP & DOHME CORP.,"MERCK & CO., INC.",recipient,7,7522491993.0199995,True,
MRK,MERCK SHARP & DOHME LLC,"MERCK & CO., INC.",recipient,14,7265724110.04,True,
MSFT,MICROSOFT CORPORATION,MICROSOFT CORPORATION,recipient,118,3804368347.84,True,
NEE,FLORIDA POWER & LIGHT COMPANY,FLORIDA POWER & LIGHT COMPANY,recipient,6,184325029.81,True,
NEE,FLORIDA POWER & LIGHT COMPANY,NEXTERA ENERGY SOLUTIONS LLC,recipient,1,11666796.13,True,
NEE,"NEXTERA ENERGY SERVICES GAS, LLC","CENTERPOINT ENERGY, INC.",recipient,2,41961712.78,True,
ORCL,"ORACLE AMERICA, INC",ORACLE CORP,recipient,29,703774657.86,True,
ORCL,"ORACLE AMERICA, INC.","ORACLE AMERICA, INC.",recipient,3,398684400.86,True,
ORCL,ORACLE CORPORATION,ORACLE CORPORATION,recipient,1,12925851.57,True,
ORCL,"ORACLE HEALTH GOVERNMENT SERVICES, INC.","ORACLE HEALTH GOVERNMENT SERVICES, INC.",explicit subsidiary,54,9931528958.94,True,
ORCL,"SUN MICROSYSTEMS FEDERAL, INC",ORACLE CORPORATION,parent,2,29034250.2,True,
PFE,HOSPIRA WORLDWIDE LLC,PFIZER INC,parent,1,14796390.0,True,
PFE,"HOSPIRA, INC.",PFIZER INC,parent,1,10483422.0,True,
PFE,PFIZER INC,PFIZER INC,recipient,9,34017908274.47,True,
PFE,PFIZER INC.,PFIZER INC,recipient,5,4211833286.21,True,
QCOM,QUALCOMM INTELLIGENT SOLUTIONS INC,QUALCOMM INTELLIGENT SOLUTIONS INC,recipient,1,15053421.0,True,
T,AT&T CORP.,AT&T CORP.,recipient,3,270748512.71,True,
T,"AT&T CORP.,",AT&T INC,recipient,5,92221945.42,True,
T,"AT&T ENTERPRISES, LLC","AT&T ENTERPRISES, LLC",recipient,71,2899600963.8,True,
T,"AT&T ENTERPRISES, LLC",AT&T INC,recipient,37,4362085657.2699995,True,
T,AT&T MOBILITY NATIONAL ACCOUNTS LLC,AT&T INC,recipient,5,191391853.91,True,
T,"AT&T TECHNICAL SERVICES COMPANY, INC","AT&T TECHNICAL SERVICES COMPANY, INC",recipient,12,848465753.39,True,
T,ATT MOBILITY LLC,AT&T INC,parent,22,461109235.36,True,
T,"BELLSOUTH TELECOMMUNICATIONS, LLC",AT&T INC,parent,1,10490906.95,True,
T,"NEW CINGULAR WIRELESS SERVICES, INC.",AT&T INC,parent,6,106657090.62,True,
TEM,"TEMPUS AI, INC","TEMPUS AI, INC",recipient,1,24192039.94,True,
TMO,LIFE TECHNOLOGIES CORPORATION,THERMO FISHER SCIENTIFIC INC.,parent,4,83502808.27,True,
TMO,THERMO EBERLINE LLC,THERMO FISHER SCIENTIFIC INC.,parent,2,40301458.0,True,
TMO,THERMO ELECTRON NORTH AMERICA LLC,THERMO FISHER SCIENTIFIC INC.,parent,3,32124097.64,True,
TXN,TEXAS INSTRUMENTS INCORPORATED,TEXAS INSTRUMENTS INCORPORATED,recipient,2,510107838.6,True,
UNH,"OPTUM PUBLIC SECTOR SOLUTIONS, INC.",UNITEDHEALTH GROUP INCORPORATED,parent,6,159491069.14000002,True,
UNH,"OPTUM PUBLIC SECTOR SOLUTIONS, INC.",UNITEDHEALTH GROUP INCORPORATED,recipient,131,103881730849.49,True,
UNH,"OPTUMHEALTH CARE SOLUTIONS, LLC",UNITEDHEALTH GROUP INCORPORATED,explicit subsidiary,5,447257501.23,True,
UNH,"OPTUMRX ADMINISTRATIVE SERVICES, LLC",UNITEDHEALTH GROUP INCORPORATED,explicit subsidiary,18,930089124.1800001,True,
UNH,"OPTUMRX ADMINISTRATIVE SERVICES, LLC",UNITEDHEALTH GROUP INCORPORATED,parent,1,15713399.6,True,
UNH,"OPTUMSERVE HEALTH SERVICES, INC.","OPTUMSERVE HEALTH SERVICES, INC.",explicit subsidiary,110,10480641357.5,True,
UNH,"OPTUMSERVE TECHNOLOGY SERVICES, INC.",OPTUMSERVE TECHNOLOGY SERVICES  INC.,explicit subsidiary,27,1545478032.34,True,
UNH,"THE LEWIN GROUP, INC.",UNITEDHEALTH GROUP INCORPORATED,parent,4,56856828.44,True,
UNH,"UNITED HEALTHCARE SERVICES,INC.",UNITEDHEALTH GROUP INCORPORATED,parent,2,26327194.96,True,
UNH,"UNITEDHEALTH MILITARY & VETERANS SERVICES, LLC",UNITEDHEALTH GROUP INCORPORATED,recipient,1,13145560374.49,True,
UPS,UNITED PARCEL SERVICE CO.,UNITED PARCEL SERVICE CO.,recipient,73,1190220459.82,True,
UPS,"UNITED PARCEL SERVICE, INC.",UNITED PARCEL SERVICE INC,recipient,6,152265194.07,True,
UPS,UPS CONTRACTOR TEAM,UNITED PARCEL SERVICE INC,parent,4,130667364.92,True,
VST,"VISTRA COMMUNICATIONS, LLC","VISTRA COMMUNICATIONS, LLC",recipient,2,32051628.689999998,True,
VZ,CELLCO PARTNERSHIP,CELLCO PARTNERSHIP,explicit subsidiary,38,813376824.81,True,
VZ,MCI COMMUNICATIONS SERVICES LLC,VERIZON COMMUNICATIONS INC,parent,11,334178204.6,True,
VZ,VERIZON BUSINESS NETWORK SERVICES LLC,VERIZON COMMUNICATIONS INC,recipient,78,3798494669.7799997,True,
VZ,VERIZON DEUTSCHLAND GMBH,VERIZON COMMUNICATIONS INC,recipient,1,86608930.67,True,
VZ,VERIZON DIGITAL MEDIA SERVICES INC.,VERIZON COMMUNICATIONS INC,recipient,1,40788079.48,True,
VZ,VERIZON FEDERAL INC.,VERIZON COMMUNICATIONS INC,recipient,10,498128705.07,True,
,"GEMALTO COGENT, INC.",THALES,,1,10803228.93,False,3M
,"SCOTT TECHNOLOGIES, INC.","JOHNSON CONTROLS, INC.",,1,15661009.62,False,3M
,TYTO GOVERNMENT SOLUTIONS INC,TYTO GOVERNMENT SOLUTIONS INC,,23,566328473.96,False,AT&T
,"AGILEX TECHNOLOGIES, INC.","AGILEX TECHNOLOGIES, INC.",,1,46677671.53,False,Accenture
,VERILY HEALTH INC.,"MANDIANT, INC.",,1,42317282.38,False,Alphabet
,CMH MANUFACTURING INC,CMH HOMES INC,,1,28542216.16,False,Berkshire Hathaway
,"LEACHGARNER, INC.",COOKSON GROUP PLC,,56,683159852.91,False,Berkshire Hathaway
,BELL BOEING JOINT PROJECT OFFICE,BELL BOEING JOINT PROJECT OFFICE,,194,43067272396.17,False,Boeing
,"MILLENNIUM SPACE SYSTEMS, INC.","MILLENNIUM SPACE SYSTEMS, INC.",,2,36419437.74,False,Boeing
,"ALLEN CORPORATION OF AMERICA, INC.","ALLEN CORPORATION OF AMERICA, INC.",,9,138985324.17000002,False,"CA, Inc."
,"APIJECT SYSTEMS AMERICA, INC.","APIJECT SYSTEMS AMERICA, INC.",,2,171501140.66,False,"CA, Inc."
,"ATKINS NORTH AMERICA, INC.",GROUPE SNC-LAVALIN INC,,1,13643469.89,False,"CA, Inc."
,"BAXTERS NORTH AMERICA, INC.","DDJ CAPITAL MANAGEMENT, LLC",,19,1113778208.58,False,"CA, Inc."
,"BESTICA, INC.","BESTICA, INC.",,1,11131611.74,False,"CA, Inc."
,"ECONOMETRICA, INC.","ECONOMETRICA, INC.",,4,77272055.69,False,"CA, Inc."
,"EDUCATIONAL SERVICES OF AMERICA, INC.","EDUCATIONAL SERVICES OF AMERICA, INC.",,1,33218805.41,False,"CA, Inc."
,"ELBITAMERICA, INC.",ELBIT SYSTEMS LTD,,52,1595908474.83,False,"CA, Inc."
,"FEV NORTH AMERICA, INC.",FEV MOTORENTECHNIK GMBH,,3,45132589.64,False,"CA, Inc."
,"JACOBS FIELD SERVICES NORTH AMERICA, INC.",JACOBS ENGINEERING GROUP INC,,1,102224080.23,False,"CA, Inc."
,"KELLER NORTH AMERICA, INC.",KELLER GROUP P L C,,1,10595530.85,False,"CA, Inc."
,"METRICA, INC.","METRICA, INC.",,2,59861651.38,False,"CA, Inc."
,"NINETY ONE NORTH AMERICA, INC.",INVESTEC ASSET MANAGEMENT NORTH AMERICA INC.,,1,24192838.05,False,"CA, Inc."
,"QINETIQ NORTH AMERICA, INC.",QINETIQ GROUP PLC,,3,68173437.65,False,"CA, Inc."
,"RANDSTAD NORTH AMERICA, INC.",RANDSTAD N.V.,,3,51889027.21,False,"CA, Inc."
,"VOLUNTEERS OF AMERICA, INC.",VOLUNTEERS OF AMERICA INC,,1,22309153.28,False,"CA, Inc."
,CHEVRON AL KHALIJ,CHEVRON AL KHALIJ,,9,461862201.11,False,Chevron
,BAE SYSTEMS SAN FRANCISCO SHIP REPAIR INC.,BAE SYSTEMS PLC,,10,138866754.2,False,Cisco
,"REGENTS OF THE UNIVERSITY OF CALIFORNIA, SAN FRANCISCO, THE",STATE OF CALIFORNIA CONTROLLERS OFFICE,,9,182828940.24,False,Cisco
,"SCHAFER GOVERNMENT SERVICES, LLC",BELCAN CORPORATION,,3,89817479.77,False,Citigroup
,"SCHAFER GOVERNMENT SERVICES, LLC","SCHAFER GOVERNMENT SERVICES, LLC",,1,34429685.39,False,Citigroup
,"CHEMTREAT, INC.","CHEMTREAT, INC.",,1,13007897.28,False,Danaher
,GLOBAL LIFE SCIENCES SOLUTIONS USA LLC,GENERAL ELECTRIC COMPANY,,1,72104359.91,False,Danaher
,MARSHALL OF CAMBRIDGE AEROSPACE LIMITED,MARSHALL OF CAMBRIDGE AEROSPACE LIMITED,,2,23789044.48,False,GE Aerospace
,GE ENERGY POWER CONVERSION USA INC.,GE ENERGY POWER CONVERSION USA INC.,,4,117686752.43,False,General Electric
,"BOSTON DYNAMICS, INC.","BOSTON DYNAMICS, INC.",,1,18969499.0,False,Google
,"AIR SPACE INTELLIGENCE, INC","AIR SPACE INTELLIGENCE, INC",,1,23340500.0,False,Intel
,"APPLIED INSIGHT, LLC","APPLIED INSIGHT, LLC",,2,104052702.3,False,Intel
,"BLUEHALO LABS, LLC","BLUEHALO LABS, LLC",,1,12551278.0,False,Intel
,"BUSINESS INTELLIGENCE, INC.","BUSINESS INTELLIGENCE, INC.",,4,47602951.73,False,Intel
,"CACI IDT, LLC",CACI INTERNATIONAL INC,,6,209887449.9,False,Intel
,"CACI INTELLIGENCE SOLUTIONS, LLC",CACI INTERNATIONAL INC,,13,370093262.76,False,Intel
,"CARDINAL GOVERNMENT SERVICES, INC.","CARDINAL GOVERNMENT SERVICES, INC.",,2,209170898.94,False,Intel
,"CHENEGA ADVANCED SOLUTIONS AND INTELLIGENCE SERVICES, LLC","CHENEGA ADVANCED SOLUTIONS AND INTELLIGENCE SERVICES, LLC",,1,18268123.08,False,Intel
,"CHUGACH INTELLIGENCE SOLUTIONS, LLC","CHUGACH INTELLIGENCE SOLUTIONS, LLC",,3,67432014.85,False,Intel
,CUBIC DIGITAL INTELLIGENCE INC,CUBIC DIGITAL INTELLIGENCE INC,,2,170591741.87,False,Intel
,DATA INTELLIGENCE LLC,DATA INTELLIGENCE LLC,,2,28331533.0,False,Intel
,"FIVE STONES INTELLIGENCE, INC.","FIVE STONES INTELLIGENCE, INC.",,3,114607561.58,False,Intel
,GALAPAGOS-INTELLIDYNE SOLUTIONS LLC,GALAPAGOS-INTELLIDYNE SOLUTIONS LLC,,1,24533908.8,False,Intel
,"GENERAL ATOMICS INTEGRATED INTELLIGENCE, INC.",GENERAL ATOMICS,,2,33834285.0,False,Intel
,"INNOVATE INTERNATIONAL INTELLIGENCE AND INTEGRATION, LLC","INNOVATE INTERNATIONAL INTELLIGENCE AND INTEGRATION, LLC",,1,29023545.22,False,Intel
,INTELERAD MEDICAL SYSTEMS INC,INTELERAD MEDICAL SYSTEMS INC,,1,12165015.25,False,Intel
,"INTELLECT SOLUTIONS, LLC","INTELLECT SOLUTIONS, LLC",,8,169852856.4,False,Intel
,"INTELLIBRIDGE, LLC","INTELLIBRIDGE, LLC",,10,407790277.05,False,Intel
,"INTELLICOG, INC.","INTELLICOG, INC.",,1,19272435.58,False,Intel
,"INTELLIDYNE, L.L.C.","INTELLIDYNE, L.L.C.",,12,508042364.21,False,Intel
,"INTELLIGENCE, COMMUNICATIONS AND ENGINEERING, INC","INTELLIGENCE, COMMUNICATIONS AND ENGINEERING, INC",,5,143094953.8,False,Intel
,INTELLIGENESIS LLC,INTELLIGENESIS LLC,,1,11336691.83,False,Intel
,"INTELLIGENT TECHNOLOGY, LLC","INTELLIGENT TECHNOLOGY, LLC",,1,10396107.51,False,Intel
,INTELLIGENT WAVES LLC,INTELLIGENT WAVES LLC,,11,283592126.62,False,Intel
,INTELLIWARE SYSTEMS INC,INTELLIWARE SYSTEMS INC,,8,173662908.55,False,Intel
,INTELSAT GENERAL COMMUNICATIONS LLC,INTELSAT USA SALES CORP.,,16,632653818.5,False,Intel
,INTELSAT INFLIGHT LLC,INTELSAT INFLIGHT LLC,,1,18600000.0,False,Intel
,"LEXICAL INTELLIGENCE, LLC","LEXICAL INTELLIGENCE, LLC",,2,47407532.52,False,Intel
,"NIGHTWING INTELLIGENCE SOLUTIONS, LLC",RTX CORP,,2,40121578.0,False,Intel
,"OASIS ADVANCED ENGINEERING, INC.","OASIS ADVANCED ENGINEERING, INC.",,5,161048991.26,False,Intel
,POLARIS ALPHA ADVANCED SYSTEMS INC,"POLARIS ALPHA, LLC",,2,97154038.6,False,Intel
,"POLARIS ALPHA, LLC","POLARIS ALPHA, LLC",,16,382620258.25,False,Intel
,S&P GLOBAL MARKET INTELLIGENCE LLC,S&P GLOBAL INC.,,1,19936284.61,False,Intel
,SENSINTEL INC.,BAE SYSTEMS PLC,,1,24897373.45,False,Intel
,SINTELA INC,SINTELA INC,,2,66200352.32,False,Intel
,"SPECIAL OPERATIONS TECHNOLOGY, INC.",UNDERSEA SENSOR SYSTEMS INC,,1,76316976.79,False,Intel
,"STRATEGIC INTELLIGENCE GROUP, L.L.C.","STRATEGIC INTELLIGENCE GROUP, L.L.C.",,1,51768059.58,False,Intel
,"SYSTEMS INTELLIGENCE, LLC","SYSTEMS INTELLIGENCE, LLC",,3,43259682.69,False,Intel
,"TECHNOLOGY AND MANAGEMENT SERVICES, INC.","TECHNOLOGY AND MANAGEMENT SERVICES, INC.",,5,127761660.06,False,International Business Machines
,INTUITIVE INFORMATION SYSTEMS TECHNOLOGIES LLC,INTUITIVE INFORMATION SYSTEMS TECHNOLOGIES LLC,,1,28458545.56,False,Intuit
,"INTUITIVE MACHINES, LLC","INTUITIVE MACHINES, LLC",,9,516625230.11,False,Intuit
,INTUITIVE RESEARCH AND TECHNOLOGY CORPORATION,INTUITIVE RESEARCH AND TECHNOLOGY CORPORATION,,48,3936611832.97,False,Intuit
,"ORTHO-CLINICAL DIAGNOSTICS, INC","ORTHO-CLINICAL DIAGNOSTICS, INC.",,1,12850000.0,False,Johnson & Johnson
,"BEYER BLINDER BELLE, ARCHITECTS AND PLANNERS, LLP","BEYER BLINDER BELLE, ARCHITECTS AND PLANNERS, LLP",,1,15699433.74,False,Linde
,BLINDERMAN CONSTRUCTION CO INC,BLINDERMAN CONSTRUCTION CO INC,,7,145834379.39,False,Linde
,BLINDERMANPOWER LLC,BLINDERMANPOWER LLC,,2,83253921.0,False,Linde
,"CLARK BLINDERMAN, JOINT VENTURE","CLARK BLINDERMAN, JOINT VENTURE",,1,66033246.01,False,Linde
,JADE BLINDERMAN VENTURES,JADE BLINDERMAN VENTURES,,1,13663972.0,False,Linde
,LINDE ENGINEERING NORTH AMERICA LLC,LINDE NORTH AMERICA  INC.,,1,24482000.0,False,Linde
,MESSER LLC,LINDE LLC,,3,66004498.06,False,Linde
,EMD MILLIPORE CORP,MERCK KOMMANDITGESELLSCHAFT AUF AKTIEN,,1,68977168.0,False,Merck
,GEXA CORP.,FLORIDA POWER & LIGHT COMPANY,,2,28523950.43,False,NextEra
,"GEXA ENERGY, LP",FLORIDA POWER & LIGHT COMPANY,,2,30142881.57,False,NextEra
,GEXA CORP.,FLORIDA POWER & LIGHT COMPANY,,2,28523950.43,False,NextEra Energy
,"GEXA ENERGY, LP",FLORIDA POWER & LIGHT COMPANY,,2,30142881.57,False,NextEra Energy
,"RIGHTNOW TECHNOLOGIES, INC.","RIGHTNOW TECHNOLOGIES, INC.",,1,30515712.13,False,Oracle
,"MERIDIAN MEDICAL TECHNOLOGIES, LLC",MERIDIAN MEDICAL TECHNOLOGIES  LLC,,1,28788121.56,False,Pfizer
,"NATIVE STAR GROUP, INC","NATIVE STAR GROUP, INC",,1,16873146.07,False,Star Group
,NORTH STAR GROUP LLC,NORTH STAR GROUP LLC,,1,28952027.61,False,Star Group
,"NORTHSTAR FEDERAL SERVICES, INC.","NORTHSTAR FEDERAL SERVICES, INC.",,6,178630445.93,False,Star Group
,TESLA LABORATORIES INC.,TESLA LABORATORIES INC.,,1,14056334.48,False,Tesla
,FISHER BIOSERVICES INC,THERMO ELECTRON CORPORATION,,7,202399039.48,False,Thermo Fisher
,FISHER BIOSERVICES INC,THERMO ELECTRON CORPORATION,,7,202399039.48,False,Thermo Fisher Scientific
,EKUBER VENTURES INC,EKUBER VENTURES INC,,1,10566937.36,False,Uber
,"LUBERSKI, INC","LUBERSKI, INC",,1,27044674.25,False,Uber
,NEUBER ENVIRONMENTAL SERVICE INC,NEUBER ENVIRONMENTAL SERVICE INC,,1,19156535.54,False,Uber
,NEUBERGER BERMAN INVESTMENT ADVISERS LLC,NEUBERGER BERMAN INVESTMENT ADVISERS LLC,,2,52967825.95,False,Uber
,NEUBERGER BERMAN LLC,NEUBERGER BERMAN INVESTMENT ADVISERS LLC,,1,16279534.13,False,Uber
,EQUINIX GOVERNMENT SOLUTIONS LLC,TERREMARK WORLDWIDE INC,,4,267253740.7,False,Verizon
,EQUINIX GOVERNMENT SOLUTIONS LLC,TERREMARK WORLDWIDE INC,,4,267253740.7,False,Verizon Communications
,"ALLSPRING GLOBAL INVESTMENTS, LLC","ALLSPRING GLOBAL INVESTMENTS, LLC",,1,31157336.5,False,Wells Fargo
