recipient_id,parent,parent_uei
e81b9048-bac5-d4c1-5655-39b19cdbde73-C,"ALCOA EXTRUSIONS, INC.",JHWNUX2YXN31
8cac1796-b994-6d54-94d4-00cd00e4a075-C,ABBOTT LABORATORIES,EF9EAJ1MF6U3
ccd1bc70-87d2-2cea-c86b-455b70ec3444-C,ABBOTT LABORATORIES,EF9EAJ1MF6U3
4b893934-0e74-c4ac-f525-6a2beb1f7b32-C,ABBOTT LABORATORIES,EF9EAJ1MF6U3
927f5afa-103a-8030-b89a-9593ea374d70-C,ABBOTT LABORATORIES,EF9EAJ1MF6U3
67961c58-ef57-794a-1b2c-8eaaa10a6d7c-C,ABBOTT LABORATORIES,EF9EAJ1MF6U3
bbf342a7-6485-cb2f-432f-751ea2506efc-C,ABBOTT LABORATORIES,EF9EAJ1MF6U3
7f6fc535-01bd-287c-678d-56392f597a3b-C,ABBOTT LABORATORIES,EF9EAJ1MF6U3
f740eb86-a84e-ddf4-03cf-fe9834b257e5-C,ABBOTT LABORATORIES,EF9EAJ1MF6U3
e7f66e67-bb5a-dd77-5c57-196b22cc2690-C,ABBOTT LABORATORIES,EF9EAJ1MF6U3
d41a6b8a-9d6a-0d28-7e24-989e31731aad-C,ACCENTURE PLC,K9S7KL73XBE3
1e48f7b0-13db-6b61-9e05-92c1296a945d-C,ACCENTURE PLC,K9S7KL73XBE3
95d4fe5c-75b7-541a-5388-4651995bd822-C,ACCENTURE PLC,K9S7KL73XBE3
5a09432b-bc58-9a12-4959-9081815c5e91-C,ACCENTURE FEDERAL SERVICES LLC,S71BLA1TM5A6
a7259c82-8351-1c10-d1ab-ae65e05d9d20-C,ACCENTURE PUBLIC LIMITED COMPANY,DY5CT296LBV7
c606c665-148c-3cc8-f908-6cb05f28bff6-C,"AGILEX TECHNOLOGIES, INC.",KC28YGE7VNN3
2b32d9dc-a47f-d5a1-54ad-b9cbe39c8329-C,ACCENTURE LTD,VXUCC7K8M9E5
9e7d8774-9ca2-8ed8-6fa9-ccd6728c4fb0-C,ACCENTURE PUBLIC LIMITED COMPANY,DY5CT296LBV7
c4a5ad8c-8508-57f1-d795-c77512f85fe9-C,AMGEN INC.,D92HARF1LKA9
6a9649d2-7b47-0803-e96e-601249d8b713-C,AMGEN INC.,D92HARF1LKA9
645df5f2-66e3-8d2b-a612-3bff6ed3da30-C,"AMAZON.COM, INC.",G5F2C46HBCM3
fd132ca2-1539-c208-cb18-0d8f8cfe0618-C,"AMAZON.COM, INC.",G5F2C46HBCM3
f368a568-5739-63e2-059d-b57395c435cf-C,"AMAZON.COM, INC.",G5F2C46HBCM3
31e6032f-fc55-8fb9-3a00-9172a505474c-C,CA  INC.,WC6GHUELNF85
356513a4-7506-f7a6-46cb-afad7507daf6-C,"ORACLE AMERICA, INC.",HE98WLUBNW88
3b8a1582-15d6-d8d8-48ab-b6e173535d46-C,ELBIT SYSTEMS LTD,JMMGQ2ME8XG3
aec65771-95a6-915d-d040-2cb3878acb92-C,"APIJECT SYSTEMS AMERICA, INC.",G9VQESMM8525
586eb4a8-f2fc-034b-e1e3-a23fe80db4ff-C,"DDJ CAPITAL MANAGEMENT, LLC",TTK8PZELALT6
04a735b5-7bfa-adff-32cc-b174629d524f-C,JACOBS ENGINEERING GROUP INC,MKCAUUG2K7H6
471af889-7713-fdbf-d988-5374303581ab-C,ELBIT SYSTEMS LTD,JMMGQ2ME8XG3
c5020637-cc29-778b-da65-223650f18a89-C,"ECONOMETRICA, INC.",EHJKHN7FE8D7
ae8186ce-f76d-1f58-bb0a-8d8d8e56ca2a-C,"METRICA, INC.",RDFCM3FF8BJ3
532c1c0e-04e8-1cc5-9f1f-abf32cc31622-C,"EDUCATIONAL SERVICES OF AMERICA, INC.",DG6SYP21MTV3
91ab0835-6849-bc57-da5e-4f641219189b-C,QINETIQ GROUP PLC,LL4CVJVLBGN1
e8336419-a9e4-6ad2-51c7-c1bc9d16eed8-C,ELBIT SYSTEMS LTD,JMMGQ2ME8XG3
f49dd7c5-9fe8-0f0b-8355-a2d89cd112a5-C,INVESTEC ASSET MANAGEMENT NORTH AMERICA INC.,JL19Z1XSN8K8
709bbfca-2cdb-3939-eb2b-21937f40167c-C,"ALLEN CORPORATION OF AMERICA, INC.",C3WHG1FVHF44
e7f24ea1-1538-30ef-ef62-99aaa57ab9bc-C,VOLUNTEERS OF AMERICA INC,RLNKLURY4FR1
aeef1f0a-9b5f-6223-6d85-0bd211c850a9-C,FEV MOTORENTECHNIK GMBH,C2GGKEKS2893
c4428a74-6e35-c3c3-9eb7-f687a91e0b07-C,RANDSTAD N.V.,JBMNZ9M9VLN9
f18c55c2-319b-902c-a951-749878070edf-C,GROUPE SNC-LAVALIN INC,ZNCYGKC2ENS5
215a8116-d058-d780-12b0-6a3b8f64ad82-C,"BESTICA, INC.",GBYKX95WSG51
96f40ff8-ea82-b989-1aa9-2e6c9b4ded24-C,KELLER GROUP P L C,NSHVLNR3VXU3
22d282c6-4508-7d30-97f1-7401ea73b12a-C,THE BOEING COMPANY,NU2UC8MX6NK1
690fafd3-ecd8-1228-92a0-07aa28dd1ee2-C,THE BOEING COMPANY,ZE95AC36GJ76
3632dc26-45b8-9d0e-1128-63e866708c8f-C,THE BOEING COMPANY,ZE95AC36GJ76
0b91046e-fcec-dade-4380-f65b62e2ce36-C,THE BOEING COMPANY,NU2UC8MX6NK1
9ab85632-42cc-5fa4-2a9c-d734034ddd33-C,THE BOEING COMPANY,ZE95AC36GJ76
5fa231ae-15e3-afd3-8c5c-bb9911ba57f8-C,THE BOEING COMPANY,ZE95AC36GJ76
846d3ff4-b2cb-3924-018c-2dee1e0259b7-C,BELL BOEING JOINT PROJECT OFFICE,JHFZTG8ZC9V2
27b04395-cee8-a47d-2a5c-3e2b78dc7b0a-C,THE BOEING COMPANY,ZE95AC36GJ76
f9736fab-29cf-0248-a01b-aea3ad360ecc-C,THE BOEING COMPANY,ZE95AC36GJ76
2bf5d203-604f-4c6c-7c7b-4ad81a350613-C,THE BOEING COMPANY,ZE95AC36GJ76
e8f089d0-dff6-ab71-8f9a-cf3d3adff729-C,THE BOEING COMPANY,TJ7ASQGRA6B9
df8638e3-b642-fae8-6730-21c1ec716038-C,THE BOEING COMPANY,NU2UC8MX6NK1
241d908a-e5e9-f275-b625-6b1f76859002-C,THE BOEING COMPANY,ZE95AC36GJ76
b5d9575b-7eab-cd9b-03ac-3aa956e5600b-C,THE BOEING COMPANY,ZE95AC36GJ76
ed5c0d8b-948f-46dd-1d54-5046ef45ef2d-C,THE BOEING COMPANY,ZE95AC36GJ76
15a7d2ee-b7aa-fe37-36ec-ff299338b908-C,THE BOEING COMPANY,ZE95AC36GJ76
e2d7a16e-029f-ce0e-97dc-8b32fa6dc1d1-C,THE BOEING COMPANY,ZE95AC36GJ76
45d3f2dd-092d-900f-b91e-b3cfa0974483-C,THE BOEING COMPANY,NU2UC8MX6NK1
dacc1929-712f-b38d-cfa0-aa6982ecba5b-C,THE BOEING COMPANY,NU2UC8MX6NK1
9b58e7c0-1bbf-03b9-5847-d526bea7e8d8-C,THE BOEING COMPANY,NU2UC8MX6NK1
15b6b637-8099-7f89-6597-986c7ce8d665-C,THE BOEING COMPANY,NU2UC8MX6NK1
34db6aa4-6de2-9e0f-6ccb-8ba1fc9e4ba9-C,THE BOEING COMPANY,NJVNVWQJMPA4
83d28e4e-178a-9f16-9a62-306da1ad99c1-C,THE BOEING COMPANY,ZE95AC36GJ76
842c7aa8-6f10-eac2-b0c6-04a837c94194-C,THE BOEING COMPANY,NU2UC8MX6NK1
1cd54beb-4f52-58a3-8298-4c813ad37a4e-C,THE BOEING COMPANY,NU2UC8MX6NK1
37f4eaa6-d414-f77f-2acf-4a3e63fa13da-C,THE BOEING COMPANY,NU2UC8MX6NK1
3b77cd29-f995-1212-a302-18cb53bad99a-C,THE BOEING COMPANY,NU2UC8MX6NK1
c38ad765-465b-0f4f-f9cd-164dfd8c4817-C,THE BOEING COMPANY,ZE95AC36GJ76
76ec002b-48c9-454a-7543-620a8871c5c7-C,"BOEING AEROSPACE OPERATIONS, I",QPHEMY5GN8E8
dcb62aa6-8bb8-ef7a-2d1b-293be673fbe9-C,THE BOEING COMPANY,ZE95AC36GJ76
2d1dd70d-2881-e9d1-f838-8e5f0d9d5190-C,THE BOEING COMPANY,NU2UC8MX6NK1
7c4878ae-d51c-757b-c786-c9d0262e44dd-C,THE BOEING COMPANY,NU2UC8MX6NK1
c6b0b794-110b-1563-800c-ab139e57bac3-C,THE BOEING COMPANY,ZE95AC36GJ76
4d04e7af-36ad-33ae-7e62-1f95c69fd12e-C,"BOEING NORTH AMERICAN, INC",N8UJGSKQW7N3
65f79ebb-c8ac-3310-a7a9-e7e934a7b3e3-C,THE BOEING COMPANY,NU2UC8MX6NK1
50469aca-7663-9bea-f91d-975da1d6d6c0-C,THE BOEING COMPANY,NU2UC8MX6NK1
419ccd27-d6f4-d363-aeaf-b9e2c3ae6f5d-C,THE BOEING COMPANY,NU2UC8MX6NK1
d22d3ecc-0880-9e41-2e42-60134c9d4071-C,THE BOEING COMPANY,NU2UC8MX6NK1
96f02b9a-2837-37a7-ddfc-46b772fd8b3a-C,THE BOEING COMPANY,NU2UC8MX6NK1
916598b8-2c9a-55ce-2b77-9752e162e362-C,THE BOEING COMPANY,NU2UC8MX6NK1
85970fc1-13b3-e481-2076-41f735bfebf6-C,THE BOEING COMPANY,NU2UC8MX6NK1
f1ea3f7a-40c8-5fe0-e8c2-cff59d9ce940-C,THE BOEING COMPANY,NU2UC8MX6NK1
6adae8bb-29d6-a9fe-5e71-82a3995a6f10-C,"BOEING COMPANY, THE (INC)",K93QK7MT5JD8
41da8303-3af5-fe35-995a-1befcc8f5cb6-C,THE BOEING COMPANY,ZE95AC36GJ76
131cecd8-75ee-8eda-d70a-ead961d3fbd3-C,THE BOEING COMPANY,ZE95AC36GJ76
23c9b680-370f-e3eb-79d0-f1afc23e13fc-C,THE BOEING COMPANY,ZE95AC36GJ76
740c70fd-cbbb-2a22-db7a-d11b1259a6e7-C,THE BOEING COMPANY,ZE95AC36GJ76
87f90ee6-338f-bde1-1da2-39488d486fa2-C,THE BOEING COMPANY,ZE95AC36GJ76
6f8d237f-2c80-47a9-917e-f383152732f0-C,THE BOEING COMPANY,NU2UC8MX6NK1
df83c6fb-d773-6759-8e73-91799908896c-C,THE BOEING COMPANY,NU2UC8MX6NK1
1ffabdf0-188c-367a-68bf-85f9ac1e1efa-C,THE BOEING COMPANY,NU2UC8MX6NK1
f97452ce-829e-a126-f21b-ba98493d2edb-C,THE BOEING COMPANY,NU2UC8MX6NK1
de5734f2-c51e-1278-035b-d879dc6e84aa-C,THE BOEING COMPANY,ZE95AC36GJ76
ba9fb946-1986-661f-9d3e-c61793292750-C,THE BOEING COMPANY,ZE95AC36GJ76
bbd3c889-5d92-e1e1-75a2-4dffa07791db-C,THE BOEING COMPANY,ZE95AC36GJ76
2d7f95bf-b2db-7afc-34fd-4e33a4b68a24-C,THE BOEING COMPANY,NU2UC8MX6NK1
ad6fbadc-dd82-ab98-07fb-aeca67a38325-C,THE BOEING COMPANY,NU2UC8MX6NK1
440c5531-5760-e915-88d4-e4c4e69010d1-C,THE BOEING COMPANY,ZE95AC36GJ76
8f29f0a9-109b-f859-0a31-af7991a7e094-C,"BOEING COMPANY, THE",K15SY34UF3J1
152b75b1-aa6a-28fd-bf54-769bd2d95116-C,THE BOEING COMPANY,ZE95AC36GJ76
ae8b5b71-a47a-a30d-fb0a-a8666d9e77b3-C,THE BOEING COMPANY,NU2UC8MX6NK1
ba057ff9-e010-32c0-0372-94b3d273f85f-C,"MILLENNIUM SPACE SYSTEMS, INC.",QFT4X9HPW4J1
a222f4a4-664e-cd54-784f-ffce2c591cb4-C,THE BOEING COMPANY,NU2UC8MX6NK1
b7954f54-3a6e-ee4b-8974-3d974c4951ec-C,"ARGON ST, INC.",GFLRXRHACMM9
e940e7a6-6248-24b8-748b-d2f18b68d6c1-C,THE BOEING COMPANY,NU2UC8MX6NK1
3ea3c683-ee33-6d53-4743-387cf64d0f7b-C,THE BOEING COMPANY,NU2UC8MX6NK1
d94f1da4-2dce-8326-99b8-b647cc08e9e8-C,THE BOEING COMPANY,NU2UC8MX6NK1
6b779483-9110-387b-2309-67ea679e5828-C,THE BOEING COMPANY,NU2UC8MX6NK1
b87f303e-1d83-4c43-8a33-a0cb0fe92fcb-C,THE BOEING COMPANY,NU2UC8MX6NK1
3eb6c345-24aa-7dc6-b767-94503af2400f-C,THE BOEING COMPANY,NU2UC8MX6NK1
b259d061-2df0-f7ab-cf52-710bdda09458-C,THE BOEING COMPANY,NU2UC8MX6NK1
dcc2e6c6-f4de-8bf4-08f2-4a596a401ff6-C,THE BOEING COMPANY,NU2UC8MX6NK1
396781be-0cd3-afcd-e923-c63e331cca16-C,THE BOEING COMPANY,NU2UC8MX6NK1
d3e69dc1-8fa9-549d-62ad-26482a5051c9-C,THE BOEING COMPANY,ZE95AC36GJ76
25324fa9-c552-1f64-a35b-83ebf701fdd5-C,BANK OF AMERICA CORPORATION,NQF3VGCEKKP5
cc94b695-d298-68a9-5792-f8f4ee9cbc83-C,BERKSHIRE HATHAWAY INC.,UU26FKF1MML6
266f31fb-e458-df55-24c2-61ae47fd27cd-C,FLIGHTSAFETY DEFENSE CORPORATION,G6ZEWHPSV5D9
fc41ccc4-af57-efbc-84e2-3edde08f1a3c-C,BERKSHIRE HATHAWAY INC.,UU26FKF1MML6
13d7356d-0681-5fcf-f03c-7272c4c03810-C,CMH HOMES INC,H73ZNK6YFA72
0199f86c-734a-ad4f-b372-ae538bfcf23b-C,BERKSHIRE HATHAWAY INC.,UU26FKF1MML6
800b74d3-ec61-e1d3-2880-3a0c8495e280-C,COOKSON GROUP PLC,MSZTBKELP747
086664ea-6a87-2a7a-2bdd-93dc0e51e28f-C,BERKSHIRE HATHAWAY INC.,UU26FKF1MML6
c8bb841e-faaf-17b5-63c8-c013569f2a8e-C,BELCAN CORPORATION,W7A4Q1RXTMS6
db021caf-9ca1-be91-1d95-126ef584c1c4-C,"SCHAFER GOVERNMENT SERVICES, LLC",TTTVDEQ7A2K3
9b96a5e8-7aa6-15db-84f2-0c3878e4aaba-C,CITIGROUP INC.,PBTJLML7S6L6
1b7f3eb3-de98-faf4-9509-c4a9568ad372-C,CITIGROUP INC.,PBTJLML7S6L6
9bca02d6-dc64-52ba-4d3e-bc5b38b1f6a5-C,CATERPILLAR INC.,N9K8Y7U3RGA9
a2062324-56e7-4d65-c33a-847f250ff3c9-C,"CHUBB CORPORATION, THE",EB15UN368C38
35479a2b-5052-8704-5f27-a8e3496e0fb5-C,"CRA INTERNATIONAL, INC.",M8EJHX6AA3F1
f1e4ed58-f006-1f6f-b3ba-64a95aab33ca-C,CISCO SYSTEMS INC,V3JJMWE4SRC6
bb8d1cd4-e0ae-6348-a07c-04df6a112768-C,STATE OF CALIFORNIA CONTROLLERS OFFICE,NUDGYLBB4S99
01a08d2a-ad32-60c1-6b8f-f79a8d5769e8-C,BAE SYSTEMS PLC,E5K9VR2A1MW9
74618412-2567-6a18-5941-8b350211ba2c-C,BELCAN CORPORATION,W7A4Q1RXTMS6
a3a975cf-85c3-985f-9519-b570408d1227-C,CVS HEALTH CORPORATION,ZK27LU473Y27
2a407cc3-0228-8fb6-49ba-f5efe5272482-C,CVS HEALTH CORPORATION,ZK27LU473Y27
03b3af2d-7432-a367-a49e-09be6f7147a7-C,AETNA HEALTH INSURANCE (THAILAND) PUBLIC COMPANY LIMITED,DXNDJ6KAHJM5
445ee24c-4c00-417a-ec4d-f7087f2437ef-C,CHEVRON AL KHALIJ,NNLLJM1L3TM5
94d92034-4b5f-4124-bd1c-5ed84003b36b-C,CHEVRON CORPORATION,FDM2LNBKKTU6
deb1d465-49fc-877e-6f83-066c774fb2f5-C,CHEVRON CORPORATION,FDM2LNBKKTU6
5d6ec50f-7a19-85fd-ad2a-f0f10e01989b-C,CHEVRON CORPORATION,FDM2LNBKKTU6
f6397cdb-c833-3628-6fb3-a38803b567f6-C,CEPHEID,W6HQTMWB9Q28
2860e236-e11a-9c11-c2e9-fd85e187d4a4-C,GENERAL ELECTRIC COMPANY,JRZ1WHXAKBM3
4c60bdab-6d14-25d3-2f2b-764b7d6bc117-C,DANAHER CORPORATION,MBFSJ8M4RQB6
07d56996-c579-6626-d8b4-c0edc713d11c-C,DANAHER CORPORATION,MBFSJ8M4RQB6
c4bd90ad-644c-1bd0-1c22-237aec3742a6-C,"CHEMTREAT, INC.",YLLNCNNKRNJ9
2444aaad-40d5-3a2f-292e-143fc8de63c2-C,DANAHER CORPORATION,MBFSJ8M4RQB6
15ed5dd1-dd8e-02fe-c42f-bd3167ef129f-C,DOW INC.,JRJZA6JK2WF6
5196bee3-3520-4d0f-a473-5763e5da1b05-C,FEDEX CORP,D8YCU3XSC4V5
2f561a37-0642-e33a-171f-6d4ff15b57c3-C,FEDEX CORP,D8YCU3XSC4V5
079718fe-322b-0b89-6522-302314b5d75f-C,FEDEX CORP,D8YCU3XSC4V5
be1d4caf-190f-a0d4-8da7-a6ae6fa3ed4e-C,FEDEX CORP,D8YCU3XSC4V5
07196545-8da9-c1bb-8ff6-925caa517516-C,FEDEX CORP,D8YCU3XSC4V5
31e2bd37-f6fc-e621-5b2e-f6d7abc41a0f-C,FEDEX CORP,D8YCU3XSC4V5
3722a694-854d-1a21-ddef-4e80e67a5e4c-C,"FIDELITY NATIONAL INFORMATION SERVICES, INC.",DSFBQCXCTRK1
66092799-9c72-fde6-e008-9d381191aed2-C,GENERAL ELECTRIC COMPANY,E3HYKKLT5ZT1
0ef9f22d-73d8-ece9-c136-4074777d7768-C,GENERAL ELECTRIC COMPANY,JRZ1WHXAKBM3
61dfb4da-ba2f-398f-13e9-5792607bf051-C,GENERAL ELECTRIC COMPANY,JRZ1WHXAKBM3
09cd1174-98a3-1146-e7b5-9f6f91f9c152-C,GENERAL ELECTRIC CO,DUT6EGN8MZG4
47eafc0d-14c1-05a6-66bb-5bc7f790b1ce-C,GENERAL ELECTRIC COMPANY,JRZ1WHXAKBM3
01f4dc49-7227-9e99-d72c-0d565dde7491-C,GENERAL ELECTRIC COMPANY INC,XZR2NKB5BXA1
f14d5ed0-47ec-805b-fe0a-09cd56941694-C,GENERAL ELECTRIC COMPANY,JRZ1WHXAKBM3
bd0fc8d6-634b-33f4-0e66-54a023208daa-C,GE ENERGY POWER CONVERSION USA INC.,U864F3HRME53
e85b05cc-9a57-c3df-82b6-251b598a6863-C,GENERAL ELECTRIC COMPANY,JRZ1WHXAKBM3
cbb3b6fa-652f-aee4-6510-3ab1cd05749f-C,GENERAL ELECTRIC COMPANY,JRZ1WHXAKBM3
fa934db1-9cbd-c2e2-49d5-af3758486493-C,GENERAL ELECTRIC COMPANY,E12JUAS32UK8
fd089ba7-92f7-273d-5aa0-8838fda687de-C,GENERAL ELECTRIC COMPANY,SLG9AXMC6AT7
4be94f8c-e6d3-cabe-f8dc-99d402f572a0-C,GENERAL ELECTRIC COMPANY,JRZ1WHXAKBM3
5a553103-a4e2-29fc-501c-594cee2aef6b-C,GENERAL ELECTRIC COMPANY,JRZ1WHXAKBM3
8ab45095-888a-2d03-c47d-988261118cec-C,GENERAL ELECTRIC COMPANY,JRZ1WHXAKBM3
5fa0d137-4c4f-703f-98c2-976a97d119ce-C,GENERAL ELECTRIC COMPANY,JRZ1WHXAKBM3
383c7b9b-8b38-c4ea-059d-a90eebc89d9b-C,GENERAL ELECTRIC COMPANY,JRZ1WHXAKBM3
eb12678c-91c4-865b-db6c-935c356f9dae-C,GENERAL ELECTRIC COMPANY,M2FYKG7HP723
d9b2ce89-cd9d-5ae8-d9dc-6fb4c53a83fb-C,GENERAL ELECTRIC COMPANY,JRZ1WHXAKBM3
0faf3e52-755a-4935-3978-3574b4ba73dd-C,GENERAL ELECTRIC COMPANY,JRZ1WHXAKBM3
69a73a13-0e48-f88a-ed61-868db3ee3cc8-C,GENERAL ELECTRIC COMPANY,JRZ1WHXAKBM3
f47375c4-14cb-1814-9edf-0c6da3b3837d-C,GENERAL ELECTRIC COMPANY,JRZ1WHXAKBM3
13a3edfe-fb11-6048-4e7f-be3118549032-C,MARSHALL OF CAMBRIDGE AEROSPACE LIMITED,GCHVPJDK8669
ebc4e4c1-c302-b600-d05f-5d48488a22dd-C,GENERAL MOTORS COMPANY,CM1LMUBUQN68
647cb396-9f83-07c3-762b-6319cf2fcf60-C,GENERAL MOTORS COMPANY,CM1LMUBUQN68
2a839246-22d5-baf9-2c2f-aa4b3b9dc37f-C,GENERAL MOTORS COMPANY,CM1LMUBUQN68
f4ea9254-807c-36eb-180d-13c96d8eccad-C,GENERAL MOTORS COMPANY,CM1LMUBUQN68
4d2fb059-32e0-35ac-3f81-0bc1611c3cca-C,GENERAL MOTORS COMPANY,CM1LMUBUQN68
cec0f228-893b-bedf-9285-e4d369a0e62f-C,GENERAL MOTORS COMPANY,CM1LMUBUQN68
fa80ed82-5b68-ffce-2167-5a87592ebb7f-C,GOOGLE PUBLIC SECTOR LLC,N424F1LU4FK3
c4d3d5d8-1811-c32b-e6dc-5a2c01fdf2fc-C,"BOSTON DYNAMICS, INC.",CG78ATJ18YX5
eddf926f-f4fe-e72c-14f1-ab22d5925171-C,"MANDIANT, INC.",MLJ7RLLNUT43
0418e9c8-839f-9ad0-2270-f494b4a7b3a2-C,"MANDIANT, INC.",MLJ7RLLNUT43
9e9725ba-e023-684e-6d7f-f9de4201578f-C,"HONEYWELL FEDERAL MANUFACTURING & TECHNOLOGIES, LLC",DMEGBYTVBQS5
f624bb0c-c85e-d8e7-ce74-b8080a10bce6-C,HONEYWELL INTERNATIONAL INC,JXSUJ4ALFHB4
360760cb-a2ed-6aa4-2d81-a7909557d12c-C,HONEYWELL INTERNATIONAL INC,JXSUJ4ALFHB4
ad6109b5-7ec1-a7fd-9e5c-71ed7839403e-C,HONEYWELL TECHNOLOGY SOLUTIONS INC.,DZATN7C2FW67
62c486be-b101-ea2f-e0c1-4f3bf00a305b-C,HONEYWELL INTERNATIONAL INC,JXSUJ4ALFHB4
14c92d76-9870-ace3-dbf2-431863daf0bd-C,HONEYWELL INTERNATIONAL INC,YBVGQEYENNM6
e21a16e9-3b0d-87a1-11ef-cd3ed20ae500-C,"RESIDEO TECHNOLOGIES, INC.",CTZWUSPKUMG8
0eedf238-8a2b-ad43-3239-d399ca132f85-C,HONEYWELL INTERNATIONAL INC,JXSUJ4ALFHB4
f6af6197-5083-ed76-befd-626783ccaf59-C,HONEYWELL INTERNATIONAL INC,JXSUJ4ALFHB4
d5c25913-9a19-ae05-bab1-0c13569f8b7d-C,HONEYWELL INTERNATIONAL INC,YBVGQEYENNM6
72559450-0f09-e12b-024d-743eeeffb054-C,"RESIDEO TECHNOLOGIES, INC.",CTZWUSPKUMG8
15b365af-a0c6-6012-a948-a35741cd0ea2-C,"RESIDEO TECHNOLOGIES, INC.",CTZWUSPKUMG8
71b75d09-608b-9864-ac37-2e53fe1a718d-C,"RESIDEO TECHNOLOGIES, INC.",CTZWUSPKUMG8
8b9353d3-556e-0888-6768-ad48b66a5f22-C,HONEYWELL INTERNATIONAL INC,JXSUJ4ALFHB4
dfdd88d1-f7e4-0d70-2383-41a337cfccec-C,HONEYWELL INTERNATIONAL INC,YBVGQEYENNM6
d691f4e5-7b8b-7cf5-bffe-2269859722e3-C,HONEYWELL INTERNATIONAL INC,JXSUJ4ALFHB4
b30aa7a9-5607-ddf6-850e-7d17eb0bbff7-C,HONEYWELL TECHNOLOGY SOLUTIONS INCORPORATED,V79GZKJ54KX3
740d4c21-b343-ba93-d03f-9f44c91d8f63-C,HONEYWELL INTERNATIONAL INC,YBVGQEYENNM6
d1c1b184-3acc-0897-f74c-d5ac22d7c218-C,"RESIDEO TECHNOLOGIES, INC.",CTZWUSPKUMG8
5998a979-6615-0fe3-656a-eb038cc271c3-C,"RESIDEO TECHNOLOGIES, INC.",CTZWUSPKUMG8
a034dcb8-4dd6-a056-ab41-cb694c487fb1-C,"RESIDEO TECHNOLOGIES, INC.",CTZWUSPKUMG8
d3a1e8f6-c2f2-8fcc-07b3-34c8eae3f096-C,HONEYWELL INTERNATIONAL INC,YBVGQEYENNM6
c012e1e5-f67e-0696-d101-2b454c918eb8-C,HONEYWELL INTERNATIONAL INC,YBVGQEYENNM6
5a5261e9-cb9e-29b7-9c06-f1bb2ec673bd-C,HONEYWELL INTERNATIONAL INC,JXSUJ4ALFHB4
4bfdc6df-1443-354a-b2b5-ad03e8ea3cf7-C,HONEYWELL INTERNATIONAL INC,YBVGQEYENNM6
44be42b8-8f71-41a9-a514-6cc1482d10e2-C,HONEYWELL INTERNATIONAL INC,JXSUJ4ALFHB4
c91e0c78-c5d5-8ebc-6909-7c63ed78a275-C,HONEYWELL INTERNATIONAL INC,JXSUJ4ALFHB4
dbd8223a-224d-0400-9efe-aa1ddffa667b-C,HONEYWELL INTERNATIONAL INC,YBVGQEYENNM6
1c5c053c-719d-0c13-5434-9736426147ef-C,"RESIDEO TECHNOLOGIES, INC.",CTZWUSPKUMG8
d78e0a05-38bf-8e37-0332-a18ed4b34ff4-C,HONEYWELL INTERNATIONAL INC,YBVGQEYENNM6
d20eacf8-741d-728c-6b73-bddb892d5800-C,"RESIDEO TECHNOLOGIES, INC.",CTZWUSPKUMG8
6ffc4386-853e-ef89-67e8-22c28ddcf15c-C,INTERNATIONAL BUSINESS MACHINES CORPORATION,J64CSQTQNRC1
cae13eb7-b259-520c-9ae0-a46eb3ea2acd-C,INTERNATIONAL BUSINESS MACHINES CORPORATION,J64CSQTQNRC1
69204f07-d0a2-c645-1397-00236971fd4d-C,INTERNATIONAL BUSINESS MACHINES CORPORATION,J64CSQTQNRC1
1c6d980b-bfad-ddee-9e1c-debe8396a7be-C,INTERNATIONAL BUSINESS MACHINES CORPORATION,J64CSQTQNRC1
d1776a20-1dbc-351a-8f2e-e20d504a1d3f-C,INTERNATIONAL BUSINESS MACHINES CORPORATION,J64CSQTQNRC1
94ad56a0-99c0-fb83-ddd3-599bf9bbfed9-C,INTERNATIONAL BUSINESS MACHINES CORPORATION,QBYKN4NQ6GQ9
be353a38-46c4-5775-d46f-d1a3320627c9-C,INTERNATIONAL BUSINESS MACHINES CORPORATION,J64CSQTQNRC1
581215c5-bcba-1c43-458d-8ca1142008e4-C,"TECHNOLOGY AND MANAGEMENT SERVICES, INC.",D1ZABGPEARS7
fb1a1ecb-10ca-e3cd-e80c-df160583fe84-C,INTERNATIONAL BUSINESS MACHINES CORPORATION,J64CSQTQNRC1
42361fd7-7d0c-812b-23da-ff1726c6c070-C,INTERNATIONAL BUSINESS MACHINES CORPORATION,J64CSQTQNRC1
4e27a227-9e6f-eae8-b53b-d4f80d11cfef-C,INTERNATIONAL BUSINESS MACHINES CORPORATION,J64CSQTQNRC1
e6a655ec-fe5b-f6fd-9466-f32720b62026-C,INTERNATIONAL BUSINESS MACHINES CORPORATION,J64CSQTQNRC1
8fd9dca3-4ad9-11bb-c80e-3bab288a8153-C,"CARDINAL GOVERNMENT SERVICES, INC.",EJDMCFHZFMJ8
9aea1d6f-c517-777b-8b2a-36a201cab815-C,"INTELLIBRIDGE, LLC",RUFSMTCJ9GX3
d3180969-f692-506e-88a5-ee066efbab2a-C,INTELSAT USA SALES CORP.,D9FLBWG2CKT7
c006f044-9b5a-053e-9691-05526da6b88d-C,CUBIC DIGITAL INTELLIGENCE INC,LR9SPMKALV71
7853ab10-b1f8-9ba0-76f6-d4ec72a9ee3d-C,"INTELLIDYNE, L.L.C.",LDN6EEXC6563
0256e4e2-4d00-e1e2-fe43-379e41da8317-C,CACI INTERNATIONAL INC,QSRTXLFKV857
b010b671-0019-9ec0-bcd2-0cb27a823391-C,"POLARIS ALPHA, LLC",EJGKYVW1NLL5
7f7c021c-a995-a2cb-fe16-4148f13d45d8-C,UNDERSEA SENSOR SYSTEMS INC,MQBGZ7HNRBG9
e7a361da-4c1b-e4b6-0e69-aa545899e539-C,"APPLIED INSIGHT, LLC",LS86CKXMLPD5
ddf7e89c-421b-0822-0c9f-890c0fbfbb34-C,CACI INTERNATIONAL INC,QSRTXLFKV857
6b41069c-8446-5bcf-2e96-33657d008e6a-C,INTELLIGENT WAVES LLC,THXALN5YFYQ1
68509d5e-fbbc-113a-424d-b06004846dd8-C,"OASIS ADVANCED ENGINEERING, INC.",KDM2B1EFDB51
750d3310-5f0c-0fef-0862-3160755723ba-C,"STRATEGIC INTELLIGENCE GROUP, L.L.C.",EA6GCAH6KFB7
9cc3c258-9b1c-878d-ef6c-69da2a0cad6c-C,"POLARIS ALPHA, LLC",EJGKYVW1NLL5
7c4f8ef0-6d14-f777-e3e2-3da73edd44e3-C,INTELLIWARE SYSTEMS INC,QBY7KHBKL6E7
7a253f05-09d7-a274-ab9f-9c91aaaf0f66-C,"CHUGACH INTELLIGENCE SOLUTIONS, LLC",U8RGX1HDELM7
75674102-42db-b06f-c410-e71fc168aae6-C,"FIVE STONES INTELLIGENCE, INC.",UQRMJF2VMM65
6b60148a-ce7f-c71c-0089-90a9eab35bc6-C,SINTELA INC,MXG2MQ1LJRV5
75b1e240-850c-2301-de8e-a5c0651b551e-C,"INTELLECT SOLUTIONS, LLC",YY5AEJLL8335
ed1018b3-4c0b-843b-4c24-6257f7427ace-C,"INTELLIGENCE, COMMUNICATIONS AND ENGINEERING, INC",S5TZMUTK8V28
1c7ddb8a-5d69-d49f-0eb2-f89a62f40bfc-C,"LEXICAL INTELLIGENCE, LLC",GT9NEBB11UJ7
b927eddd-4f97-e3b8-4be8-64e739396653-C,"INNOVATE INTERNATIONAL INTELLIGENCE AND INTEGRATION, LLC",W5LHLPFEN8T7
1d019137-48b3-3985-2721-3da2aa84c6f7-C,BAE SYSTEMS PLC,E5K9VR2A1MW9
b6c90e5c-4369-7c66-7929-a4bc6d3501ae-C,GALAPAGOS-INTELLIDYNE SOLUTIONS LLC,GZH7FE68BQV7
707d225b-2069-0d7b-0d6d-bad867fa7248-C,RTX CORP,PPLZG8J3N9D4
7075d54a-20ae-d05a-0b4f-b8ab3178ec2d-C,"AIR SPACE INTELLIGENCE, INC",GCDSAEN4J7H4
f22ac654-8a19-b5e5-47c1-fe1b3236a675-C,GENERAL ATOMICS,YX6EL4J1WLP9
bba3f7fd-f185-9f3b-8985-e8ea6bd3253e-C,S&P GLOBAL INC.,SKV3SYHTRV68
1dc50ce1-d988-8c0c-32e0-0f2e5ef8bee1-C,"SYSTEMS INTELLIGENCE, LLC",EDL1ZNGUV8Y9
3ebe8e42-ac20-a4ef-d1fe-fdee3fc328f2-C,"INTELLICOG, INC.",KQZHGLL9L871
2a95b941-94d2-1003-7550-a6730eef8bdd-C,INTELSAT INFLIGHT LLC,QYDHHALEX9Y5
ee8ed0a1-68fc-89dc-b66e-c28e6f24ec17-C,"CHENEGA ADVANCED SOLUTIONS AND INTELLIGENCE SERVICES, LLC",MGVCM9X4D338
dd7ee0f5-c437-0aa4-9cfa-9a3480b0fc49-C,DATA INTELLIGENCE LLC,KD9GAGCDPDN1
143f5b5c-186a-40b2-74ec-161dfeb89f28-C,"BUSINESS INTELLIGENCE, INC.",NNYYGM8WN9M7
6455f4c0-f252-0c9f-2581-160a43f739bc-C,QUALCOMM INTELLIGENT SOLUTIONS INC,MLZVPDXED249
b355f452-0ddb-285d-4873-79e40abcdb46-C,"BLUEHALO LABS, LLC",C3QJD7VXG167
f765e744-a164-1f0e-1feb-3201f1c94f43-C,INTELERAD MEDICAL SYSTEMS INC,KG6PU1KYN689
b17d3020-a053-b6e7-4725-7fa7726980d0-C,INTELLIGENESIS LLC,Y7J9FB1UEP45
d19cd233-ccba-ba1e-551f-70d245c01147-C,"INTELLIGENT TECHNOLOGY, LLC",JN3YF76AQLV8
47f4f1d7-8101-2ec0-c3e8-3841ec247ed6-C,INTUITIVE RESEARCH AND TECHNOLOGY CORPORATION,M227DFMCJY67
cccaa479-84f3-3948-345b-a0a1ee8c263d-C,INTUITIVE RESEARCH AND TECHNOLOGY CORPORATION,JVHVDBKKASP7
da4094a2-52d8-978f-dea9-611775895a79-C,"INTUITIVE MACHINES, LLC",HQHKENU27Y83
8e28d0b8-5297-7835-1f69-8fce707daf27-C,INTUITIVE SURGICAL INC,LLNKWMBRNH69
e6bca4a5-7d65-62f1-396f-87b6552974b2-C,INTUITIVE INFORMATION SYSTEMS TECHNOLOGIES LLC,NNHYHBK3HD45
e48769de-aad8-e2af-da4b-6420e6bc7717-C,JOHNSON & JOHNSON,F78LUT6M7HL6
d257f090-5940-4c5f-123e-37d419c33bdd-C,"ORTHO-CLINICAL DIAGNOSTICS, INC.",S2FCVS5TWDZ2
ba11bfc7-35e3-77cd-7589-f4ada6391a88-C,JOHNSON & JOHNSON,F78LUT6M7HL6
8a5142cc-f31b-6301-6caf-4012ba455cc9-C,JPMORGAN CHASE & CO.,CGALKPX37RN5
63c83d11-c1a6-7fd1-6b5c-c559014208e7-C,"CLARK BLINDERMAN, JOINT VENTURE",J5MQDCKC6HB4
9d219634-62a1-334e-e814-2986531fefae-C,BLINDERMANPOWER LLC,DA6DRK9RNG57
df4ea834-374c-b260-a01e-7f41251851c6-C,BLINDERMAN CONSTRUCTION CO INC,RMQ1GJ3BKL97
f79fd35f-2df2-c088-b484-ee4ba8b764c4-C,LINDE LLC,XJE7NVCLKYM3
67427090-de5a-3f91-7f50-f1c349c27dda-C,LINDE NORTH AMERICA  INC.,PTWKJKNL8715
be0a48f1-0e53-58aa-6072-79a283364628-C,LINDE INC.,M7MKJAE99XA2
d90183b5-c72b-7009-747d-e1e40bd43018-C,"BEYER BLINDER BELLE, ARCHITECTS AND PLANNERS, LLP",F62TLD6ADXM3
a7560eec-f040-283c-d5ac-d6bd6bafe9ee-C,JADE BLINDERMAN VENTURES,PVVDHC9B8XV6
b620c99d-9b16-86c8-fa2d-2c14d6e69ce9-C,ELI LILLY AND COMPANY,UHHVNTY54K68
77658852-757b-e2c0-01d1-fec9d02fa685-C,COVIDIEN LP,MRMPJAMHMAY3
29ab01ce-ef72-15ef-b2db-c229f0c84471-C,3M COMPANY,YLQMY5SGNE55
2fe7d153-2389-6e2c-ad7e-fe25d5db2aa1-C,"CERADYNE, INC.",TZDZVXLT2AR6
b0c565ea-9f7c-3496-3550-1a39cb057302-C,3M COMPANY,YLQMY5SGNE55
1aa2628c-1397-0a64-42fc-579340cc3882-C,"JOHNSON CONTROLS, INC.",UK5JX4P5X428
6f60f66c-0254-6abf-94fc-857d515ef803-C,THALES,QWSHM2ZMJNB4
dd2f2915-15b4-ebd7-9a8e-6931ccfb4311-C,"MERCK & CO., INC.",GYXFTAF6L3W4
475dc0e0-dbf3-1d70-4ba9-850dc0b7c431-C,"MERCK & CO., INC.",DGEELN7LRBZ9
2241fd84-34ed-1ec8-6607-b5f3514073d4-C,MERCK KOMMANDITGESELLSCHAFT AUF AKTIEN,HWVQALBE9QM1
dd77b7c3-663e-cb91-229f-5766a50e9b7f-C,MICROSOFT CORPORATION,FMVPEWNJGLM1
6d549476-a4ca-7949-cd85-88aa4bde8492-C,MICROSOFT CORPORATION,FMVPEWNJGLM1
ea643f79-341b-fa13-14ac-e9972faf1daa-C,MICROSOFT CORPORATION,FMVPEWNJGLM1
a75c7598-0344-3dd0-6883-c9ecb62fd31e-C,FLORIDA POWER & LIGHT COMPANY,RE92DE9FELJ1
fa83b7a5-eb47-6b47-9d3c-5f7d8577b699-C,"CENTERPOINT ENERGY, INC.",PB2KXY872EN3
40a8f4fb-0907-0e81-47e1-bf027280d1ae-C,FLORIDA POWER & LIGHT COMPANY,RE92DE9FELJ1
07ceacb3-cdec-40c1-2c4b-93afbe1894cf-C,FLORIDA POWER & LIGHT COMPANY,RE92DE9FELJ1
f62f3482-f0d3-84bd-da7b-90af430f016b-C,FLORIDA POWER & LIGHT COMPANY,RE92DE9FELJ1
1c1fcbef-30d5-6d21-42b9-fe9865cb62e0-C,NEXTERA ENERGY SOLUTIONS LLC,DWC9CKL3BMZ4
9232b26d-789d-bdd2-5a6d-28714f1dfa2c-C,"ORACLE HEALTH GOVERNMENT SERVICES, INC.",DT2KS3HH5FP5
272478a2-195f-1dd5-da03-0969b678caf4-C,ORACLE CORP,ZFKQZW16QPU3
d43d5cf5-e8bc-8235-09b6-7522ca596474-C,"RIGHTNOW TECHNOLOGIES, INC.",LMRLFA8AFVJ4
906716de-21ef-b758-a3a2-7150f0cb6726-C,ORACLE CORPORATION,J3TKCN6S76D6
40ef9c53-ea62-46f9-1c3b-661dbdd9eaf1-C,ORACLE CORPORATION,J3TKCN6S76D6
515252d5-06e8-c533-c04f-cbeabd17d69f-C,PFIZER INC,MHBQULRMEEJ5
93b95b47-fec6-72cf-161e-d3df62a4045e-C,PFIZER INC,MHBQULRMEEJ5
8ae912b6-454c-ece3-7b6d-27a1d552273e-C,MERIDIAN MEDICAL TECHNOLOGIES  LLC,F7S4SGV8NW24
911e23b4-fc07-4aa8-699c-8ba2d5050443-C,PFIZER INC,MHBQULRMEEJ5
d3715728-d1df-dcd1-2598-30f1e908c638-C,PFIZER INC,MHBQULRMEEJ5
6af9fd2c-7711-1a82-be5e-a8eb0bdd2fa4-C,"NORTHSTAR FEDERAL SERVICES, INC.",GV9MKBNJWJH5
2ddd53ab-e447-6f14-536c-b7219bcfedf7-C,NORTH STAR GROUP LLC,F1JLK1J595N6
37855015-d644-a5e2-c478-0a25446d37d8-C,"NATIVE STAR GROUP, INC",D56MUMNUV8S5
d96f3486-0fa5-045a-5da7-9cffc0b4a114-C,AT&T INC,NT9TC1ZVV5N9
8708390b-21cf-6f1f-9e7b-dc884a7967ef-C,"AT&T TECHNICAL SERVICES COMPANY, INC",ZZRPFWN91KD1
afc6cf90-c9e8-84a9-ca64-a47a39fd3153-C,"AT&T ENTERPRISES, LLC",WLZML2ZZKFU6
0a1870fe-63cf-230c-7cff-41a3c552489b-C,"AT&T ENTERPRISES, LLC",MNALR8D818N7
cfa69943-4319-c761-8159-2e052a8ccff3-C,AT&T CORP.,CB61T5EE6T53
c0aa4884-6621-8b31-0942-50047a976c83-C,AT&T INC,NT9TC1ZVV5N9
45d4f555-bc25-eef5-e6e1-18cadcc7ac0b-C,TYTO GOVERNMENT SOLUTIONS INC,XJ4CPJNZGG97
0b29563c-bcdb-9f5e-b2eb-88e814082bc3-C,AT&T INC,NT9TC1ZVV5N9
eee287d8-87a3-eb52-5f8d-dfbffe684f3e-C,AT&T INC,NT9TC1ZVV5N9
ae89e52f-fc4d-3646-015a-e7e0f26f9be4-C,AT&T INC,NT9TC1ZVV5N9
f70f4382-648b-3d97-d28d-16444e6a724a-C,AT&T CORP.,GZSMAP7GD1Q3
9366384d-294c-2215-9952-febd83b59d90-C,AT&T INC,NT9TC1ZVV5N9
7ea45a0b-6969-ebe3-52a8-358d8d1ca584-C,AT&T INC,NT9TC1ZVV5N9
9591870e-25fb-08ca-a7fa-2b614e25d829-C,"TEMPUS AI, INC",PW4TQZ3KDLU3
a0d3e41a-7fe1-9699-4cda-b5dc7489fac0-C,THERMO ELECTRON CORPORATION,GMXUXVDSNL89
d4fcadd5-c9fc-e78a-9465-e075ee069a08-C,THERMO FISHER SCIENTIFIC INC.,TVNAAF49BUC5
b706783c-a759-4f66-8953-20fda4bd1acc-C,THERMO FISHER SCIENTIFIC INC.,TVNAAF49BUC5
168dba4a-3269-cddb-6256-d010ad1944d7-C,THERMO FISHER SCIENTIFIC INC.,TVNAAF49BUC5
8d0bab2b-09d8-7908-feb2-a83fd69da755-C,TESLA LABORATORIES INC.,LKH1DTGEND43
43dd8a26-ba06-fcf9-28c3-155fd484ff08-C,TEXAS INSTRUMENTS INCORPORATED,F7D2V1W4EKB3
858825ec-8edc-f670-bb42-5a1db47df98f-C,NEUBERGER BERMAN INVESTMENT ADVISERS LLC,LUJHMCMAJ568
59f5b6ea-0b5e-507a-6fd2-b5805cea1ccf-C,"LUBERSKI, INC",L7XAKXF6PGE3
80c2735b-cd48-fd57-5ea2-213054c6759e-C,NEUBER ENVIRONMENTAL SERVICE INC,L63DJMWQMCP6
fe9908ec-38df-ed85-4a10-5f30798ea981-C,NEUBERGER BERMAN INVESTMENT ADVISERS LLC,LUJHMCMAJ568
5d9ea2dc-55bd-cba4-1852-5bb8fe7a0cca-C,EKUBER VENTURES INC,GYW3JMZ11ZB2
9822af1c-f99f-7fe8-1177-57a1d88884e2-C,UNITEDHEALTH GROUP INCORPORATED,GVW2YMAK1AC1
f14c78b7-70f6-df32-45ed-a5f56e1b9f70-C,"OPTUMSERVE HEALTH SERVICES, INC.",G5XXLHZSW8X3
41694631-0b0f-72ed-221b-29193c88f0d2-C,UNITEDHEALTH GROUP INCORPORATED,GVW2YMAK1AC1
3a233de4-91c7-d52c-b518-fc109bde010f-C,OPTUMSERVE TECHNOLOGY SERVICES  INC.,RCBPB9N46WK3
2cd822cf-04c8-0397-8526-d6da8ff340a8-C,UNITEDHEALTH GROUP INCORPORATED,GVW2YMAK1AC1
363acf50-3b89-1daa-f2db-96d3a18ca559-C,UNITEDHEALTH GROUP INCORPORATED,GVW2YMAK1AC1
fc867408-6f47-59c6-774e-3d3daa59c99d-C,UNITEDHEALTH GROUP INCORPORATED,GVW2YMAK1AC1
4ec518ea-9bdb-ff56-3f8e-0772839effbc-C,UNITEDHEALTH GROUP INCORPORATED,GVW2YMAK1AC1
5e62d7b1-b71e-8283-8703-1391e3c4d6a0-C,UNITED PARCEL SERVICE INC,FFB1FPWMTYQ5
a8e90c7c-8175-41a5-b841-5b038f67a07d-C,UNITED PARCEL SERVICE CO.,YF8QFWJLNBV8
74a0a398-61cc-7277-f7fd-447d453bf684-C,UNITED PARCEL SERVICE INC,FFB1FPWMTYQ5
c5eda510-d95f-2ddf-f980-714a584ac566-C,"VISTRA COMMUNICATIONS, LLC",NV46ALUKKSL5
0341544e-23d8-fe98-3d76-1cdbc8b37e2f-C,VERIZON COMMUNICATIONS INC,KLVFB6J1M377
fa9f6e02-3bb4-c48e-cb7c-294ee20c8b3e-C,VERIZON COMMUNICATIONS INC,KLVFB6J1M377
b6ca6470-5da9-b12a-9901-4d41f9bb816c-C,TERREMARK WORLDWIDE INC,M1FBJHT64J61
f02045e8-ef98-57c5-2968-cd9f60dbc24a-C,CELLCO PARTNERSHIP,CK77N4SCAJD3
ca4986bf-5990-4308-f0c2-9dd9d09e5ac1-C,VERIZON COMMUNICATIONS INC,KLVFB6J1M377
108b454d-a668-8157-acbc-d6947e8e52dc-C,VERIZON COMMUNICATIONS INC,KLVFB6J1M377
32c6f226-671d-d15a-7b26-f375a9e98f70-C,VERIZON COMMUNICATIONS INC,KLVFB6J1M377
4de4d0b8-b0d8-6255-c9e6-ba21310cfc2f-C,"ALLSPRING GLOBAL INVESTMENTS, LLC",LSRKKGGDXXH5
