eventId,ticker,kind,tdate,public_date,mid_usd,entry,status,r21,x21_SPY,x21_QQQ,x21_TECH6,r63,x63_SPY,x63_QQQ,x63_TECH6,r126,x126_SPY,x126_QQQ,x126_TECH6,r252,x252_SPY,x252_QQQ,x252_TECH6
house:20001991:9,SUNE,buy_stock,2014-10-24,2014-11-05,175000.5,,no price,,,,,,,,,,,,,,,,
house:20002236:0,HTZ,buy_call,2014-11-05,2014-12-17,32500.5,,no price,,,,,,,,,,,,,,,,
house:20002236:1,HTZ,buy_call,2014-11-06,2014-12-17,75000.5,,no price,,,,,,,,,,,,,,,,
house:20002236:2,HTZ,buy_call,2014-11-25,2014-12-17,175000.5,,no price,,,,,,,,,,,,,,,,
house:20002236:4,DIS,buy_call,2014-11-28,2014-12-17,8000.5,2014-12-18,ok,0.015844872301662538,0.028318116808574878,0.03243427220648498,0.027580343127525553,0.1675562991477052,0.14182059681764392,0.12224527691705112,0.06631343499106557,0.22489337418552113,0.1848921278696497,0.15415800514017486,0.0831018364185635,0.17642166634333056,0.18370405927700773,0.10826441757637684,-0.26075595584390177
house:20002236:3,HTZ,buy_call,2014-11-28,2014-12-17,75000.5,,no price,,,,,,,,,,,,,,,,
house:20002351:2,DIS,buy_call,2014-12-10,2015-01-12,75000.5,2015-01-13,ok,0.08713931541452624,0.05329156787135958,0.043009868118557226,-0.009163373977642553,0.12285733900036899,0.0768886825823979,0.05816071666614231,0.007841115870986237,0.24900541041069457,0.19704997843527028,0.15672485336781838,0.07116369900962038,0.0462493826810092,0.09253493159507964,0.032343539063869886,-0.3076762690450484
house:20003475:0,HTZ,buy_call,2015-07-15,2015-07-28,32500.5,,no price,,,,,,,,,,,,,,,,
house:20003475:1,HTZ,buy_call,2015-07-16,2015-07-28,175000.5,,no price,,,,,,,,,,,,,,,,
house:20004596:0,AAPL,buy_call,2016-01-13,2016-02-17,375000.5,2016-02-18,ok,0.09935269270772473,0.029884262702044917,0.036602554134447796,0.026129523985079728,-0.012679850975257922,-0.08492163790085572,-0.06048381381357659,-0.1558678630203112,0.14672741913445375,-0.0018892225750547498,-0.017005273826803502,-0.18200036047064028,0.434812354963768,0.1866450365583826,0.14506992905742078,-0.18790266063149608
house:20005096:0,AAPL,buy_call,2016-05-17,2016-05-24,175000.5,2016-05-25,ok,-0.06343700440024314,-0.0396264968877611,-0.020666326584781403,-0.02597111736775526,0.08929513801497302,0.04293152948775936,0.017241820198964253,-0.037733478476709936,0.13313729762071713,0.06830970368072997,0.03907508573937146,-0.10739122575489113,0.5731481462900295,0.3940901143666712,0.2694660044424807,-0.04697473596434765
house:20005096:1,XYZ,buy_call,2016-05-17,2016-05-24,8000.5,2016-05-25,ok,-0.12399995422363286,-0.10018944671115082,-0.08122927640817112,-0.08653406719114498,0.21499998474121085,0.16863637621399719,0.14294666692520208,0.08797136824952789,0.24500000381469722,0.18017240987471006,0.15093779193335155,0.0044714804390889595,1.2319999923706058,1.0529419604472474,0.9283178505230569,0.6118771101162286
house:20009030:0,AAPL,buy_call,2018-02-02,2018-02-26,175000.5,2018-02-27,ok,-0.06776385948245922,-0.018354750382927887,-0.0036787415385974853,0.020086441137774136,0.0563718164117194,0.07215889644984763,0.05070227817984352,0.02779640024452601,0.22971773836670295,0.16479354869367946,0.13022151730791676,0.07598024846258611,-0.015593876980266375,-0.05036942758077001,-0.05340591320449439,0.013236764764762543
house:20009030:1,AAPL,buy_call,2018-02-02,2018-02-26,175000.5,2018-02-27,ok,-0.06776385948245922,-0.018354750382927887,-0.0036787415385974853,0.020086441137774136,0.0563718164117194,0.07215889644984763,0.05070227817984352,0.02779640024452601,0.22971773836670295,0.16479354869367946,0.13022151730791676,0.07598024846258611,-0.015593876980266375,-0.05036942758077001,-0.05340591320449439,0.013236764764762543
house:20009293:0,DBX,buy_stock,2018-03-27,2018-04-16,375000.5,2018-04-17,ok,0.029506196773032012,0.02191909901423894,0.012167128809754346,-0.014787613462779237,0.06001239354606425,0.017303832660924612,-0.027620950612509687,-0.0821245653142938,-0.1974465513020196,-0.2222065215476372,-0.238320383851226,-0.27657708999665864,-0.2919822436264152,-0.3840490112685435,-0.4284575601871228,-0.4189309038951696
house:20009481:0,AMZN,buy_call,2018-07-27,2018-09-06,750000.5,2018-09-07,ok,-0.045901050458036496,-0.051196187120260306,-0.03630606431951189,-0.031936131037684334,-0.16643467307262694,-0.0870296699389177,-0.05909878040186378,0.02918493956982482,-0.14390984989860933,-0.12581074899353117,-0.11850952486234156,-0.042788240642443576,-0.06837467410130749,-0.12549168439668235,-0.13017300873637738,-0.08085929343857956
house:20009481:1,META,buy_call,2018-07-27,2018-09-06,75000.5,2018-09-07,ok,-0.03651288292176669,-0.0418080195839905,-0.02691789678324208,-0.022547963501414525,-0.15813955824583337,-0.07873455511212413,-0.05080366557507021,0.03748005439661839,0.05346518130273703,0.07156428220781519,0.0788655063390048,0.1545867905589028,0.14086690683644842,0.08374989654107357,0.07906857220137853,0.12838228749917635
house:20010452:0,AAPL,buy_call,2018-09-11,2018-10-25,750000.5,2018-10-26,ok,-0.19264135894265977,-0.20421177584157724,-0.17332040893305722,-0.10221229386933994,-0.2343491599925943,-0.24871844891587902,-0.23131283742676167,-0.1505474851076436,-0.020137342554601978,-0.13123275240577847,-0.15907492326753758,-0.1363702331601574,0.14123456004873425,-0.02423939785954421,-0.04556594188163754,-0.05228373204470482
house:20010631:2,META,buy_call,2018-10-09,2018-11-08,175000.5,2018-11-09,ok,-0.004173441286872802,0.04010946532900228,0.03354836821357887,0.07620423074315574,0.13082948220685842,0.13502047346115265,0.13095080126775727,0.1808786993200031,0.28397507006926903,0.24715369200759085,0.2115172843320131,0.22458662238885718,0.3405423889587792,0.2059645283996584,0.15501673507523173,0.11254386905409752
house:20010631:0,AMZN,buy_call,2018-10-12,2018-11-08,3000000.5,2018-11-09,ok,-0.029550027841189097,0.014732878774685987,0.008171781659262578,0.05082764418883945,-0.043296598260239794,-0.039105607005945564,-0.043175279199340943,0.006752618852904901,0.0916870565692508,0.054865678507572624,0.019229270831994882,0.03229860888883895,0.037290657024440343,-0.09728720353468046,-0.14823499685910713,-0.19070786288024133
house:20010631:1,T,buy_stock,2018-10-24,2018-11-08,375000.5,2018-11-09,ok,-0.018269422025562032,0.026013484590313052,0.019452387474889643,0.062108250004466514,-0.0072440829359430295,-0.0030530916816488,-0.007122763875044179,0.042805134177201665,0.06187061551027229,0.02504923744859411,-0.010587170226983633,0.0024821678298604377,0.3829717240972089,0.24839386353808812,0.19744607021366145,0.15497320419252725
house:20011965:0,CRM,buy_call,2019-06-14,2019-07-11,75000.5,2019-07-12,ok,-0.11081764261604177,-0.06897516576302898,-0.06338308813362248,-0.058427233902381914,-0.07482325276498936,-0.05468095315817234,-0.05172852518387816,-0.075270511717488,0.13892910783168222,0.04522259313519228,0.0055388998960616,-0.08356605292293129,0.19042193746088631,0.12231936660777054,-0.156287959831387,-0.42458817788755765
house:20011965:1,CRM,buy_call,2019-06-18,2019-07-11,175000.5,2019-07-12,ok,-0.11081764261604177,-0.06897516576302898,-0.06338308813362248,-0.058427233902381914,-0.07482325276498936,-0.05468095315817234,-0.05172852518387816,-0.075270511717488,0.13892910783168222,0.04522259313519228,0.0055388998960616,-0.08356605292293129,0.19042193746088631,0.12231936660777054,-0.156287959831387,-0.42458817788755765
house:20012127:2,NFLX,buy_call,2019-07-05,2019-08-13,375000.5,2019-08-14,ok,-0.017582474481216637,-0.07813203313532868,-0.07109531121683388,-0.09410843527020207,-0.024737056639156152,-0.11817467906739842,-0.12971880525505608,-0.18559767782341863,0.27411618751155,0.07552047395089445,-0.01145047199736926,-0.13137759471605126,0.6082073334116397,0.3980840823918582,0.10524515064217732,-0.24567010377385035
house:20012127:0,AMZN,buy_call,2019-07-22,2019-08-13,750000.5,2019-08-14,ok,0.042324864210577684,-0.01822469444353436,-0.011187972525039558,-0.03420109657840775,0.007531094057462774,-0.0859065283707795,-0.09745065455843716,-0.1533295271267997,0.21846608607519558,0.019870372514540047,-0.06710057343372366,-0.18702769615240566,0.7920184481468547,0.5818951971270733,0.2890562653773924,-0.06185898903863529
house:20012127:1,NFLX,buy_call,2019-07-22,2019-08-13,175000.5,2019-08-14,ok,-0.017582474481216637,-0.07813203313532868,-0.07109531121683388,-0.09410843527020207,-0.024737056639156152,-0.11817467906739842,-0.12971880525505608,-0.18559767782341863,0.27411618751155,0.07552047395089445,-0.01145047199736926,-0.13137759471605126,0.6082073334116397,0.3980840823918582,0.10524515064217732,-0.24567010377385035
house:20016340:2,MSFT,buy_call,2020-02-20,2020-04-01,375000.5,2020-04-02,ok,0.15087438132394826,0.02483691806962962,-0.006159851377796843,-0.04480704074475661,0.33118108570771454,0.08588095217016722,-0.026963587728020877,-0.10896592466140798,0.374542453396144,0.024908666389359957,-0.145487768051891,-0.30113038523677116,0.6195142253030544,-0.019991106095904487,-0.16881102094420497,-0.3128205052567016
house:20016340:4,WORK,buy_stock,2020-02-20,2020-04-01,375000.5,,no price,,,,,,,,,,,,,,,,
house:20016340:3,MSFT,buy_call,2020-02-21,2020-04-01,750000.5,2020-04-02,ok,0.15087438132394826,0.02483691806962962,-0.006159851377796843,-0.04480704074475661,0.33118108570771454,0.08588095217016722,-0.026963587728020877,-0.10896592466140798,0.374542453396144,0.024908666389359957,-0.145487768051891,-0.30113038523677116,0.6195142253030544,-0.019991106095904487,-0.16881102094420497,-0.3128205052567016
house:20016340:0,GOOGL,buy_call,2020-02-27,2020-04-01,750000.5,2020-04-02,ok,0.18330104398154046,0.05726358072722182,0.026266811279795355,-0.012380378087164412,0.314926837861896,0.0696267043243487,-0.0432178355738394,-0.1252201725072265,0.33101412384774875,-0.018619663159035293,-0.18901609760028626,-0.3446587147851664,0.9854818146151899,0.345976483216231,0.1971565683679305,0.05314708405543389
house:20016340:1,MSFT,buy_call,2020-02-28,2020-04-01,175000.5,2020-04-02,ok,0.15087438132394826,0.02483691806962962,-0.006159851377796843,-0.04480704074475661,0.33118108570771454,0.08588095217016722,-0.026963587728020877,-0.10896592466140798,0.374542453396144,0.024908666389359957,-0.145487768051891,-0.30113038523677116,0.6195142253030544,-0.019991106095904487,-0.16881102094420497,-0.3128205052567016
house:20016961:5,PYPL,buy_stock,2020-06-12,2020-07-20,750000.5,2020-07-21,ok,0.09502462375781018,0.05742563183539151,0.049191285934158446,0.013411336082250425,0.1384235838896356,0.081905249826152,0.06342341325753897,0.036523277241287455,0.39016059327038255,0.1992136868145934,0.16153621486514969,0.20555455889815544,0.7177036024205478,0.3607533314812993,0.342349151658924,0.22082113043952434
house:20016961:2,AXP,buy_call,2020-06-24,2020-07-20,175000.5,2020-07-21,ok,0.004813676797267409,-0.03278531512515126,-0.041019661026384324,-0.07679961087829235,0.06718245009056767,0.010664116027084058,-0.00781772054152896,-0.03471785655778048,0.34782785734133526,0.1568809508855461,0.11920347893610239,0.16322182296910814,0.8137556942305367,0.45680542329128826,0.43840124346891296,0.3168732222495133
house:20016961:7,PYPL,buy_call,2020-06-24,2020-07-20,375000.5,2020-07-21,ok,0.09502462375781018,0.05742563183539151,0.049191285934158446,0.013411336082250425,0.1384235838896356,0.081905249826152,0.06342341325753897,0.036523277241287455,0.39016059327038255,0.1992136868145934,0.16153621486514969,0.20555455889815544,0.7177036024205478,0.3607533314812993,0.342349151658924,0.22082113043952434
house:20017460:0,CRWD,buy_stock,2020-09-03,2020-10-04,750000.5,2020-10-05,ok,-0.1253788215429491,-0.11440048780253831,-0.10571157855301727,-0.11701066367771817,0.4570342240050823,0.35945707503537794,0.3418672108035071,0.397879519454576,0.33755595071689337,0.13182124212397517,0.15023178281534222,0.1656371928626642,0.6895024152025054,0.39682248599113323,0.4070436109572487,0.3307626858144427
house:20018011:1,AAPL,buy_call,2020-12-22,2021-01-21,375000.5,2021-01-22,ok,-0.09463588587315852,-0.10670267426385938,-0.08252862450288656,-0.0950191179952008,-0.03371206650052838,-0.12571227096110782,-0.07805079870219189,-0.12883711809838605,0.07065239798599687,-0.08591113942985895,-0.06355192200075377,-0.20577057327948978,0.17402839608727338,0.014870635990784531,0.08809516410271667,-0.08004149412487871
house:20018011:0,AB,buy_stock,2020-12-22,2021-01-21,750000.5,2021-01-22,ok,0.02983040470185816,0.017763616311157304,0.04193766607213012,0.029447172579815883,0.2013029400950389,0.10930273563445947,0.1569642078933754,0.10617788849718124,0.35056180181467134,0.1939982643988155,0.2163574818279207,0.07413883054918469,0.43371610638999825,0.2745583462935094,0.34778287440544153,0.17964621617784615
house:20018011:3,DIS,buy_call,2020-12-22,2021-01-21,750000.5,2021-01-22,ok,0.13969907406774873,0.12763228567704787,0.1518063354380207,0.13931584194570645,0.05826604008775205,-0.03373416437282739,0.013927307886088536,-0.03685901151010562,0.018446717793101475,-0.13811681962275435,-0.11575760219364917,-0.2579762534723852,-0.20588483800170598,-0.36504259809819484,-0.2918180699862627,-0.4599547282138581
house:20018011:2,TSLA,buy_call,2020-12-22,2021-01-21,750000.5,2021-01-22,ok,-0.17557236855622338,-0.18763915694692423,-0.16346510718595142,-0.17595560067826566,-0.13947676242591833,-0.23147696688649777,-0.18381549462758184,-0.234601814023776,-0.2410783622414806,-0.39764189965733643,-0.37528268222823125,-0.5175013335069673,0.11387768781536678,-0.045280072281122075,0.027944455830810067,-0.14019220239678531
house:20018355:0,AB,buy_stock,2021-02-18,2021-03-09,750000.5,2021-03-10,ok,0.03740196519826766,-0.0222976654821595,-0.04834091770264759,-0.0899353573436007,0.21118605935925372,0.12532181696843014,0.12631293867596505,0.03914884637376648,0.352454648159351,0.18743876587003816,0.12463926876580345,-0.03792620842745842,0.25157884112089135,0.1398500501868586,0.16883399376928632,0.030242197644405278
house:20018355:1,AB,buy_stock,2021-02-23,2021-03-09,750000.5,2021-03-10,ok,0.03740196519826766,-0.0222976654821595,-0.04834091770264759,-0.0899353573436007,0.21118605935925372,0.12532181696843014,0.12631293867596505,0.03914884637376648,0.352454648159351,0.18743876587003816,0.12463926876580345,-0.03792620842745842,0.25157884112089135,0.1398500501868586,0.16883399376928632,0.030242197644405278
house:20018539:5,RBLX,buy_stock,2021-03-10,2021-04-09,750000.5,2021-04-12,ok,0.034333353678385525,0.02808993693328954,0.06807558647784084,0.06570405306887661,0.15286667887369798,0.08759134554350256,0.0751333137013287,0.0015794694377216922,-0.061799967447916715,-0.1323951970049132,-0.1369770050003497,-0.21000738236122374,-0.42633335367838543,-0.5279265143292312,-0.4683706163962066,-0.559315492822951
house:20019004:2,AAPL,buy_call,2021-05-21,2021-07-02,175000.5,2021-07-06,ok,0.033713340768105504,0.019738582901798973,0.01386256721175283,0.02627703580856766,-0.019811172633624863,-0.01307386815574596,0.00012009049508954206,0.012739711954611876,0.28437313175973433,0.17351435075154142,0.16652162829142914,0.12270480460782462,0.011086230267083663,0.11325277856895521,0.20483258376609914,0.22656810636647873
house:20019004:1,AMZN,buy_call,2021-05-21,2021-07-02,750000.5,2021-07-06,ok,-0.08833484908048506,-0.10230960694679159,-0.10818562263683773,-0.0957711540400229,-0.13320741299156102,-0.12647010851368212,-0.11327614986284662,-0.10065652840332429,-0.07381530868645991,-0.18467408969465282,-0.1916668121547651,-0.23548363583836962,-0.37892117921087887,-0.2767546309090073,-0.1851748257118634,-0.1634393031114838
house:20019004:3,NVDA,buy_call,2021-06-03,2021-07-02,3000000.5,2021-07-06,ok,-0.021508803392701448,-0.03548356125900798,-0.04135957694905412,-0.02894510835223929,-0.04752624771545577,-0.04078894323757687,-0.027594984586741367,-0.014975363127219032,0.45466088833465423,0.3438021073264613,0.33680938486634904,0.2929925611827445,-0.2695316885016158,-0.16736514019974424,-0.07578533500260032,-0.05404981240222073
house:20019331:1,NVDA,buy_call,2021-07-23,2021-08-20,375000.5,2021-08-23,ok,-0.0015979156722493162,0.016282700233359093,0.0071105554906707455,0.009502164394232793,0.5014512622809627,0.44973164042044267,0.41783563500562015,0.3654549801336374,0.06453372176327521,0.09762359755008698,0.1565490504402942,0.1470508104738899,-0.2180189558116583,-0.15307406876776797,-0.0642667959625397,-0.031128729287280277
house:20019331:0,NVDA,buy_stock,2021-07-23,2021-08-20,750000.5,2021-08-23,ok,-0.0015979156722493162,0.016282700233359093,0.0071105554906707455,0.009502164394232793,0.5014512622809627,0.44973164042044267,0.41783563500562015,0.3654549801336374,0.06453372176327521,0.09762359755008698,0.1565490504402942,0.1470508104738899,-0.2180189558116583,-0.15307406876776797,-0.0642667959625397,-0.031128729287280277
house:20020106:6,DIS,buy_call,2021-12-17,2021-12-29,175000.5,2021-12-30,ok,-0.08411400704461536,-0.028985555742102598,0.009054526474923441,0.008125195263242069,-0.1213745299375969,-0.07282590291999536,-0.028051626998702783,-0.02054099630230366,-0.38444127816804075,-0.1910532781003026,-0.09137728914144738,-0.033304905164177834,-0.4438268671566482,-0.2600111221756941,-0.11384646689588307,-0.018354190026025563
house:20020106:0,GOOG,buy_call,2021-12-17,2021-12-29,750000.5,2021-12-30,ok,-0.07157413920686106,-0.016445687904348305,0.021594394312677734,0.02066506310099636,-0.04451298424394545,0.00403564277365609,0.04880991869494866,0.056320549391347785,-0.25388269142351827,-0.06049469135578012,0.039181297603075094,0.09725368158034464,-0.39327080208325205,-0.20945505710229795,-0.06329040182248691,0.0322018750473706
house:20020106:4,CRM,buy_call,2021-12-20,2021-12-29,750000.5,2021-12-30,ok,-0.08990453255690722,-0.034776081254394464,0.0032640009626315747,0.0023346697509502023,-0.1694486258064858,-0.12089999878888424,-0.07612572286759167,-0.06861509217119255,-0.34224485554038897,-0.14885685547265082,-0.04918086651379561,0.008891517463473941,-0.48171130252172234,-0.29789555754076824,-0.1517309022609572,-0.056238625391099695
house:20020106:5,CRM,buy_call,2021-12-20,2021-12-29,175000.5,2021-12-30,ok,-0.08990453255690722,-0.034776081254394464,0.0032640009626315747,0.0023346697509502023,-0.1694486258064858,-0.12089999878888424,-0.07612572286759167,-0.06861509217119255,-0.34224485554038897,-0.14885685547265082,-0.04918086651379561,0.008891517463473941,-0.48171130252172234,-0.29789555754076824,-0.1517309022609572,-0.056238625391099695
house:20020106:3,RBLX,buy_call,2021-12-20,2021-12-29,375000.5,2021-12-30,ok,-0.3458721634331229,-0.2907437121306101,-0.2527036299135841,-0.25363296112526545,-0.5410377773804425,-0.4924891503628409,-0.44771487444154834,-0.4402042437451492,-0.6521489095725869,-0.4587609095048487,-0.3590849205459935,-0.30101253656872395,-0.7179004334024353,-0.5340846884214812,-0.3879200331416701,-0.2924277562718126
house:20020106:1,MU,buy_call,2021-12-21,2021-12-29,375000.5,2021-12-30,ok,-0.12382758463443178,-0.06869913333191902,-0.030659051114892977,-0.03158838232657435,-0.17052757699535182,-0.12197894997775027,-0.0772046740564577,-0.06969404336005858,-0.42819574035582797,-0.23480774028808982,-0.1351317513292346,-0.07705936735196506,-0.4639869934262305,-0.2801712484452764,-0.13400659316546537,-0.038514316295607864
house:20020515:0,AB,buy_stock,2022-01-27,2022-02-28,375000.5,2022-03-01,ok,0.08429283050356695,0.014185050325162263,0.00799847564891254,-0.01767498124754685,0.0015037422361950945,0.03817344270632872,0.09763805577515117,0.12783876852424914,0.04961480717418654,0.116612106998359,0.16533858090636666,0.21714271168548416,-0.058266495272216834,0.0015416280012299222,0.07560628036969241,0.0976013851671671
house:20021142:0,AAPL,buy_call,2022-05-13,2022-06-03,750000.5,2022-06-06,ok,0.0004366475934473044,0.05172394445815787,0.038432173327825225,0.05389829079049646,0.05787931254115419,0.10484969670805055,0.10216929469248315,0.1458154239677636,0.005413053292408932,0.02684459673727113,0.06566045998759518,0.15257063277866434,0.22304389700866667,0.16965052797170588,0.0789125345464955,-0.10063961067314076
house:20021142:1,AAPL,buy_call,2022-05-24,2022-06-03,375000.5,2022-06-06,ok,0.0004366475934473044,0.05172394445815787,0.038432173327825225,0.05389829079049646,0.05787931254115419,0.10484969670805055,0.10216929469248315,0.1458154239677636,0.005413053292408932,0.02684459673727113,0.06566045998759518,0.15257063277866434,0.22304389700866667,0.16965052797170588,0.0789125345464955,-0.10063961067314076
house:20021142:3,MSFT,buy_call,2022-05-24,2022-06-03,375000.5,2022-06-06,ok,-0.00230225573033671,0.04898504113437385,0.03569327000404121,0.05115938746671245,-0.05667422511962528,-0.009703840952728915,-0.012384242968296322,0.03126188630698412,-0.06541785817676671,-0.04398631473190451,-0.0051704514815804625,0.0817397213094887,0.21390547210797506,0.16051210307101427,0.06977410964580388,-0.10977803557383237
house:20021142:2,MSFT,buy_call,2022-05-24,2022-06-03,75000.5,2022-06-06,ok,-0.00230225573033671,0.04898504113437385,0.03569327000404121,0.05115938746671245,-0.05667422511962528,-0.009703840952728915,-0.012384242968296322,0.03126188630698412,-0.06541785817676671,-0.04398631473190451,-0.0051704514815804625,0.0817397213094887,0.21390547210797506,0.16051210307101427,0.06977410964580388,-0.10977803557383237
house:20024186:0,NVDA,buy_call,2023-11-22,2023-12-21,3000000.5,2023-12-22,ok,0.2608677310771491,0.23050785417454567,0.21631564240501844,0.16795884853692888,0.8946654277428826,0.7959175611538448,0.8071007202872927,0.6605057221475171,1.5879067862827876,1.4288858430905726,1.407576957741474,1.135561210809491,1.8714096538746396,1.5856227454491219,1.5652982481670565,1.2360025520123872
house:20024542:0,PANW,buy_call,2024-02-12,2024-02-23,750000.5,2024-02-26,ok,-0.054140882498050935,-0.08266323121137709,-0.07099160061714183,-0.10359593867043526,0.061157366404962166,0.01156136807822239,0.010749532290833863,-0.06616141142162568,0.14544295038197375,0.03011007099150287,0.05341443468766138,-0.05164054867847068,0.23752302500782385,0.06644324641833055,0.08475050902870074,-0.04984391390584786
house:20024542:1,PANW,buy_call,2024-02-21,2024-02-23,175000.5,2024-02-26,ok,-0.054140882498050935,-0.08266323121137709,-0.07099160061714183,-0.10359593867043526,0.061157366404962166,0.01156136807822239,0.010749532290833863,-0.06616141142162568,0.14544295038197375,0.03011007099150287,0.05341443468766138,-0.05164054867847068,0.23752302500782385,0.06644324641833055,0.08475050902870074,-0.04984391390584786
house:20025368:0,AVGO,buy_call,2024-06-24,2024-07-02,3000000.5,2024-07-03,ok,-0.1692954312004259,-0.13563919548320003,-0.08317204898033548,-0.0720894977039489,-0.01083482150777959,-0.04555144672505951,0.006297630401243093,0.02158202845290924,0.3485483869921836,0.2815497390569447,0.3063300443054259,0.27846734101856396,0.5887195772642503,0.4498038959480951,0.45753391676495536,0.45272961545349844
house:20025368:1,NVDA,buy_stock,2024-06-26,2024-07-02,3000000.5,2024-07-03,ok,-0.1647823940929487,-0.13112615837572283,-0.07865901187285829,-0.06757646059647171,-0.07443181917670905,-0.10914844439398896,-0.05729936726768636,-0.042014969216020215,0.0773549782000712,0.010356330264832292,0.035136635513313474,0.007273932226451563,0.24666575025021642,0.10775006893406125,0.1154800897509215,0.11067578843946457
house:20025535:1,NVDA,buy_stock,2024-07-26,2024-07-30,3000000.5,2024-07-31,ok,0.0038709799950181764,-0.0098181152381277,0.004741364693652606,0.006123407902252188,0.20616201753565877,0.14671399347725667,0.14291705535728816,0.11376443135449021,0.02522248489607193,-0.07442665961649786,-0.08685694357271612,-0.14203815938807451,0.5376845575452954,0.3775180154720891,0.33343950224716445,0.2589904748436661
house:20026590:1,AMZN,buy_call,2025-01-14,2025-01-17,375000.5,2025-01-21,ok,-0.03493871788476721,-0.04709371677279661,-0.05862396210358811,-0.057401651731383896,-0.25036072282914124,-0.12729639004499926,-0.09857502844078403,-0.052277080738947546,-0.011489416831996113,-0.06944232810500361,-0.0886328359599966,-0.09948610542076786,0.014733992971208365,-0.1411749049086174,-0.17411553480293007,-0.20547582915127138
house:20026590:0,GOOGL,buy_call,2025-01-14,2025-01-17,375000.5,2025-01-21,ok,-0.0691141876690895,-0.0812691865571189,-0.0927994318879104,-0.09157712151570618,-0.2353122538006629,-0.11224792101652092,-0.08352655941230569,-0.037228611710469206,-0.03821468388450733,-0.09616759515751483,-0.11535810301250782,-0.12621137247327907,0.6745089056059245,0.5186000077260987,0.48565937783178603,0.4542990834834447
house:20026590:5,NVDA,buy_call,2025-01-14,2025-01-17,375000.5,2025-01-21,ok,-0.006112558744237439,-0.01826755763226684,-0.02979780296305834,-0.028575492590854124,-0.29874134035445177,-0.1756770075703098,-0.14695564596609456,-0.10065769826425808,0.21186344678557767,0.15391053551257017,0.13472002765757718,0.12386675819680593,0.3118633272901222,0.15595442941029647,0.12301379951598379,0.09165350516764248
house:20026590:7,TEM,buy_call,2025-01-14,2025-01-17,75000.5,2025-01-21,ok,0.6094114652313242,0.5972564663432948,0.5857262210125033,0.5869485313847075,-0.09356926750444805,0.02949506527969392,0.058216426883909156,0.10451437458574564,0.3604609874332788,0.3025080761602713,0.2833175683052783,0.27246429884450707,0.43392866259786966,0.2780197647180439,0.24507913482373123,0.21371884047538992
house:20026590:8,VST,buy_call,2025-01-14,2025-01-17,750000.5,2025-01-21,ok,-0.12061166285150882,-0.13276666173953822,-0.14429690707032972,-0.1430745966981255,-0.3922888277495513,-0.26922449496540934,-0.2405031333611941,-0.19420518565935763,0.08192354300613924,0.023970631733131742,0.004780123878138753,-0.0060731455826325,-0.13108714156977874,-0.2869960394496045,-0.3199366693439172,-0.3512969636922585
house:20033725:8,AAPL,buy_call,2025-12-30,2026-01-23,375000.5,2026-01-26,ok,0.07369020755387001,0.07308381737886493,0.08772794761519531,0.11139630334660522,0.047746692647841926,0.012533617849183165,-0.015578727378389945,-0.00020680860577015903,0.3329799074013281,0.2578176276584184,0.250440670926939,0.31637762984205364,,,,
house:20033725:4,AMZN,buy_call,2025-12-30,2026-01-23,175000.5,2026-01-26,ok,-0.11751706649042026,-0.11812345666542534,-0.10347932642909496,-0.07981097069768506,0.09421012130935791,0.05899704651069915,0.030884701283126037,0.04625662005574582,-0.03270873926958384,-0.10787101901249352,-0.11524797574397294,-0.0493110168288583,,,,
house:20033725:2,GOOGL,buy_call,2025-12-30,2026-01-23,375000.5,2026-01-26,ok,-0.06209342253489336,-0.06269981270989844,-0.04805568247356806,-0.024387326742158155,0.050991354852371606,0.015778280053712845,-0.012334065173860265,0.003037853598759521,0.0016537146040641612,-0.07350856513884552,-0.08088552187032494,-0.014948562955210298,,,,
house:20033725:10,NVDA,buy_call,2025-12-30,2026-01-23,175000.5,2026-01-26,ok,0.04774774533957549,0.04714135516457041,0.061785485400900786,0.08545384113231069,0.16069742557580324,0.12548435077714448,0.09737200554957137,0.11274392432219116,0.056812400933762164,-0.018349878809147513,-0.025726835540626936,0.040210123374487705,,,,
house:20033725:0,AB,buy_stock,2026-01-16,2026-01-23,3000000.5,2026-01-26,ok,-0.027299963339669442,-0.02790635351467452,-0.013262223278344143,0.010406132453065764,-0.0700920094410824,-0.10530508423974116,-0.13341742946731427,-0.11804551069469449,-0.06825090679030577,-0.14341318653321544,-0.15079014326469486,-0.08485318434958022,,,,
house:20034836:0,INTC,buy_call,2026-05-29,2026-06-23,3000000.5,2026-06-24,ok,-0.2997466466013291,-0.3075067222911484,-0.2626100357465372,-0.3351313581542016,-0.06974284726119506,-0.11949006108910687,-0.11387664202932501,-0.2479337593283356,,,,,,,,
house:20034836:1,UBER,buy_call,2026-05-29,2026-06-23,750000.5,2026-06-24,ok,-0.10810895323155223,-0.11586902892137152,-0.07097234237676031,-0.1434936647844247,-0.06098646441039757,-0.11073367823830937,-0.10512025917852752,-0.23917737647753812,,,,,,,,
house:20035143:0,BE,buy_stock,2026-07-24,2026-08-21,3000000.5,2026-08-24,ok,0.3478383329014173,0.3396563808809058,0.2973479520713679,0.2729157298976931,,,,,,,,,,,,
house:20035143:1,BE,buy_call,2026-07-24,2026-08-21,3000000.5,2026-08-24,ok,0.3478383329014173,0.3396563808809058,0.2973479520713679,0.2729157298976931,,,,,,,,,,,,
house:20035143:4,INTC,buy_call,2026-07-24,2026-08-21,375000.5,2026-08-24,ok,0.40399651011602955,0.395814558095518,0.35350612928598013,0.32907390711230533,,,,,,,,,,,,
house:20035143:5,INTC,buy_stock,2026-07-24,2026-08-21,750000.5,2026-08-24,ok,0.40399651011602955,0.395814558095518,0.35350612928598013,0.32907390711230533,,,,,,,,,,,,
house:20035143:2,BE,buy_stock,2026-07-28,2026-08-21,750000.5,2026-08-24,ok,0.3478383329014173,0.3396563808809058,0.2973479520713679,0.2729157298976931,,,,,,,,,,,,
house:20035143:3,BE,buy_call,2026-07-28,2026-08-21,750000.5,2026-08-24,ok,0.3478383329014173,0.3396563808809058,0.2973479520713679,0.2729157298976931,,,,,,,,,,,,
