n,signal,pool,bear,turnover_per_yr,train_cagr,train_sharpe,train_maxdd,validate_cagr,validate_sharpe,validate_maxdd,test_cagr,test_sharpe,test_maxdd,all_cagr,all_sharpe,all_maxdd
5,size,20,none,2.92,35.4,1.27,-31.7,-18.7,-0.35,-50.9,59.6,1.56,-35.6,30.7,1.02,-51.5
5,size,20,QQQ 200d,3.74,25.1,1.06,-30.2,7.1,0.42,-24.1,38.6,1.23,-28.2,26.0,1.03,-30.2
5,size,30,none,2.92,35.4,1.27,-31.7,-18.7,-0.35,-50.9,59.6,1.56,-35.6,30.7,1.02,-51.5
5,size,30,QQQ 200d,3.74,25.1,1.06,-30.2,7.1,0.42,-24.1,38.6,1.23,-28.2,26.0,1.03,-30.2
5,profitable,20,none,2.69,34.2,1.26,-31.7,-14.9,-0.25,-50.9,62.4,1.63,-32.2,31.5,1.05,-51.5
5,profitable,20,QQQ 200d,3.52,25.6,1.09,-25.4,12.0,0.68,-20.1,41.1,1.3,-24.9,27.7,1.1,-25.4
5,profitable,30,none,2.69,34.2,1.26,-31.7,-14.9,-0.25,-50.9,62.4,1.63,-32.2,31.5,1.05,-51.5
5,profitable,30,QQQ 200d,3.52,25.6,1.09,-25.4,12.0,0.68,-20.1,41.1,1.3,-24.9,27.7,1.1,-25.4
5,value,20,none,5.47,8.1,0.43,-34.4,-14.8,-0.4,-49.9,17.1,0.73,-31.3,6.4,0.37,-49.9
5,value,20,QQQ 200d,5.59,1.5,0.18,-34.4,-5.1,-0.22,-27.1,11.7,0.58,-26.0,3.4,0.26,-40.0
5,value,30,none,5.55,-3.1,0.02,-43.9,-9.0,-0.18,-43.2,16.8,0.75,-31.0,1.6,0.19,-45.1
5,value,30,QQQ 200d,5.79,-6.5,-0.15,-48.9,3.2,0.28,-21.6,9.6,0.53,-23.5,-0.1,0.11,-48.9
5,growth,20,none,4.99,24.9,0.9,-42.6,-18.2,-0.34,-53.6,58.2,1.41,-37.7,24.8,0.83,-53.6
5,growth,20,QQQ 200d,5.18,20.3,0.84,-30.9,2.9,0.24,-31.1,36.9,1.09,-28.6,22.0,0.84,-31.1
5,growth,30,none,4.87,20.6,0.78,-42.6,-18.2,-0.34,-55.2,53.4,1.36,-38.9,21.2,0.75,-56.7
5,growth,30,QQQ 200d,5.27,17.3,0.76,-33.7,4.8,0.31,-34.0,33.8,1.04,-31.8,19.9,0.79,-34.0
5,surprise,20,none,5.68,38.1,1.27,-32.8,-19.7,-0.45,-51.6,42.9,1.16,-35.6,27.2,0.91,-51.6
5,surprise,20,QQQ 200d,5.63,28.3,1.09,-34.6,-4.9,-0.15,-25.9,15.4,0.6,-31.8,17.9,0.74,-34.6
5,surprise,30,none,6.43,32.9,1.14,-31.6,-43.0,-1.23,-73.5,51.0,1.25,-39.0,19.7,0.7,-73.5
5,surprise,30,QQQ 200d,6.37,24.4,0.96,-31.6,-26.3,-1.08,-58.8,23.0,0.75,-39.0,13.5,0.57,-59.2
5,beat,20,none,4.32,32.6,1.2,-33.9,-17.4,-0.33,-50.8,54.5,1.54,-28.7,28.3,0.98,-50.8
5,beat,20,QQQ 200d,4.64,22.3,0.97,-30.2,4.9,0.33,-25.1,33.8,1.17,-24.9,22.7,0.95,-30.2
5,beat,30,none,4.32,32.6,1.2,-33.9,-17.4,-0.33,-50.8,54.5,1.54,-28.7,28.3,0.98,-50.8
5,beat,30,QQQ 200d,4.64,22.3,0.97,-30.2,4.9,0.33,-25.1,33.8,1.17,-24.9,22.7,0.95,-30.2
5,garp,20,none,6.41,12.9,0.6,-34.0,-4.3,-0.01,-38.5,44.6,1.38,-35.4,18.6,0.75,-38.5
5,garp,20,QQQ 200d,6.08,8.6,0.47,-34.0,8.3,0.57,-16.6,28.8,1.07,-27.4,14.5,0.69,-34.0
5,garp,30,none,6.3,3.4,0.26,-36.9,-0.6,0.12,-33.8,39.8,1.33,-32.3,12.7,0.57,-36.9
5,garp,30,QQQ 200d,6.1,1.1,0.16,-37.2,8.0,0.52,-21.1,22.3,0.94,-24.6,8.5,0.47,-37.2
10,size,20,none,2.29,31.3,1.19,-31.2,-15.3,-0.3,-51.3,58.7,1.67,-29.3,29.4,1.03,-51.3
10,size,20,QQQ 200d,3.15,22.5,1.0,-31.1,9.4,0.56,-24.0,34.5,1.22,-22.3,23.8,1.02,-31.1
10,size,30,none,2.29,31.3,1.19,-31.2,-15.3,-0.3,-51.3,58.7,1.67,-29.3,29.4,1.03,-51.3
10,size,30,QQQ 200d,3.15,22.5,1.0,-31.1,9.4,0.56,-24.0,34.5,1.22,-22.3,23.8,1.02,-31.1
10,profitable,20,none,2.29,27.4,1.09,-33.8,-16.5,-0.35,-51.3,57.9,1.67,-29.1,26.8,0.98,-51.3
10,profitable,20,QQQ 200d,3.07,19.1,0.89,-27.9,7.9,0.5,-24.0,34.7,1.25,-22.3,21.7,0.96,-27.9
10,profitable,30,none,2.29,27.4,1.09,-33.8,-16.5,-0.35,-51.3,57.9,1.67,-29.1,26.8,0.98,-51.3
10,profitable,30,QQQ 200d,3.07,19.1,0.89,-27.9,7.9,0.5,-24.0,34.7,1.25,-22.3,21.7,0.96,-27.9
10,value,20,none,4.0,10.8,0.57,-33.0,-5.9,-0.08,-35.8,25.4,1.1,-26.6,12.0,0.6,-35.8
10,value,20,QQQ 200d,4.39,5.4,0.36,-33.0,6.1,0.45,-15.4,16.3,0.85,-21.3,8.7,0.53,-33.0
10,value,30,none,4.34,3.3,0.26,-36.6,-8.3,-0.22,-36.3,19.5,0.97,-23.9,5.9,0.37,-37.7
10,value,30,QQQ 200d,4.92,-1.0,0.06,-36.6,2.5,0.25,-14.5,11.3,0.69,-17.6,3.2,0.26,-36.6
10,growth,20,none,4.39,21.7,0.92,-31.6,-11.8,-0.21,-47.2,49.1,1.54,-31.1,22.6,0.88,-47.2
10,growth,20,QQQ 200d,4.73,15.4,0.77,-28.8,8.8,0.55,-20.4,28.6,1.11,-23.2,18.1,0.85,-28.8
10,growth,30,none,4.69,17.0,0.76,-33.3,-14.7,-0.29,-51.7,48.4,1.43,-32.9,19.2,0.76,-51.7
10,growth,30,QQQ 200d,4.96,12.1,0.63,-28.7,6.7,0.41,-28.0,28.1,1.02,-27.0,15.8,0.74,-28.7
10,surprise,20,none,4.86,31.0,1.19,-32.4,-13.2,-0.32,-38.9,43.7,1.32,-27.8,25.7,0.95,-38.9
10,surprise,20,QQQ 200d,5.13,22.9,1.01,-32.4,1.1,0.15,-19.2,21.2,0.82,-26.1,18.5,0.82,-32.4
10,surprise,30,none,5.35,27.0,1.07,-34.5,-30.1,-0.93,-61.2,36.6,1.12,-33.5,17.4,0.7,-61.2
10,surprise,30,QQQ 200d,5.6,19.5,0.89,-34.5,-15.3,-0.63,-45.1,16.3,0.66,-30.6,11.8,0.57,-45.1
10,beat,20,none,4.04,29.9,1.21,-30.6,-7.6,-0.06,-45.6,54.0,1.65,-28.0,29.3,1.08,-45.6
10,beat,20,QQQ 200d,4.46,21.7,1.02,-30.6,10.9,0.61,-22.1,32.2,1.2,-23.2,23.0,1.02,-30.6
10,beat,30,none,4.06,29.9,1.21,-30.6,-7.4,-0.06,-45.5,54.0,1.65,-28.0,29.3,1.08,-45.5
10,beat,30,QQQ 200d,4.46,21.7,1.02,-30.6,10.9,0.61,-22.1,32.2,1.2,-23.2,23.0,1.02,-30.6
10,garp,20,none,5.31,18.4,0.83,-29.6,-13.8,-0.34,-44.9,34.9,1.34,-29.9,16.7,0.74,-44.9
10,garp,20,QQQ 200d,5.57,13.4,0.7,-29.6,2.2,0.21,-18.8,20.8,0.98,-20.1,13.5,0.72,-29.6
10,garp,30,none,5.52,8.6,0.47,-34.8,-6.6,-0.12,-39.8,41.5,1.56,-26.8,15.0,0.7,-39.8
10,garp,30,QQQ 200d,5.7,4.4,0.31,-34.8,7.2,0.53,-16.4,26.3,1.24,-18.1,11.3,0.64,-34.8
