ticker,date,kind,x252,hearing,hearing_rnd,tech,laws,laws_rnd
SUNE,2014-10-24,buy_stock,,False,0.0,False,13,3.1789473684210527
HTZ,2014-11-05,buy_call,,False,0.14432989690721648,False,13,3.4278350515463916
HTZ,2014-11-06,buy_call,,False,0.13368983957219252,False,13,2.6524064171122994
HTZ,2014-11-25,buy_call,,False,0.10552763819095477,False,13,3.241206030150754
DIS,2014-11-28,buy_call,0.18470405927700773,False,0.11794871794871795,True,12,3.4307692307692306
HTZ,2014-11-28,buy_call,,False,0.13131313131313133,False,12,3.1818181818181817
DIS,2014-12-10,buy_call,0.09353493159507964,False,0.1414141414141414,True,12,3.227272727272727
HTZ,2015-07-15,buy_call,,False,0.13,False,3,4.125
HTZ,2015-07-16,buy_call,,False,0.12,False,3,3.705
AAPL,2016-01-13,buy_call,0.1876450365583826,True,0.13,True,3,4.605
AAPL,2016-05-17,buy_call,0.3950901143666712,True,0.125,True,4,4.29
XYZ,2016-05-17,buy_call,1.0539419604472473,False,0.0,False,4,4.65
AAPL,2018-02-02,buy_call,-0.04936942758077001,False,0.26,True,7,4.42
AAPL,2018-02-02,buy_call,-0.04936942758077001,False,0.255,True,7,4.875
DBX,2018-03-27,buy_stock,-0.3830490112685435,False,0.0,False,3,5.165
AMZN,2018-07-27,buy_call,-0.12449168439668234,True,0.575,True,11,4.995
META,2018-07-27,buy_call,0.08474989654107357,True,0.71,True,11,4.345
AAPL,2018-09-11,buy_call,-0.02323939785954421,True,0.18,True,10,4.825
META,2018-10-09,buy_call,0.2069645283996584,True,0.77,True,12,4.97
AMZN,2018-10-12,buy_call,-0.09628720353468045,True,0.59,True,11,4.75
T,2018-10-24,buy_stock,0.24939386353808812,True,0.655,False,10,4.705
CRM,2019-06-14,buy_call,0.12331936660777054,False,0.0,True,2,4.98
CRM,2019-06-18,buy_call,0.12331936660777054,False,0.0,True,2,4.88
NFLX,2019-07-05,buy_call,0.3990840823918582,False,0.0,True,0,5.29
AMZN,2019-07-22,buy_call,0.5828951971270733,True,0.605,True,0,5.51
NFLX,2019-07-22,buy_call,0.3990840823918582,False,0.0,True,0,4.955
MSFT,2020-02-20,buy_call,-0.018991106095904486,True,0.665,True,6,4.33
WORK,2020-02-20,buy_stock,,False,0.0,False,6,4.45
MSFT,2020-02-21,buy_call,-0.018991106095904486,True,0.65,True,6,4.295
GOOGL,2020-02-27,buy_call,0.346976483216231,False,0.805,True,6,4.415
MSFT,2020-02-28,buy_call,-0.018991106095904486,True,0.73,True,6,4.25
PYPL,2020-06-12,buy_stock,0.3617533314812993,False,0.18,True,1,4.79
AXP,2020-06-24,buy_call,0.45780542329128826,False,0.0,False,1,4.82
PYPL,2020-06-24,buy_call,0.3617533314812993,False,0.135,True,1,4.74
CRWD,2020-09-03,buy_stock,0.39782248599113323,False,0.325,True,4,4.125
AAPL,2020-12-22,buy_call,0.015870635990784532,False,0.105,True,10,5.12
AB,2020-12-22,buy_stock,0.2755583462935094,False,0.0,False,10,4.6
DIS,2020-12-22,buy_call,-0.36404259809819484,False,0.0,True,10,4.535
TSLA,2020-12-22,buy_call,-0.044280072281122074,False,0.0,True,10,4.205
AB,2021-02-18,buy_stock,0.1408500501868586,False,0.0,False,2,4.795
AB,2021-02-23,buy_stock,0.1408500501868586,False,0.0,False,2,5.625
RBLX,2021-03-10,buy_stock,-0.5269265143292312,False,0.0,False,2,4.555
AAPL,2021-05-21,buy_call,0.11425277856895522,False,0.13,True,0,4.54
AMZN,2021-05-21,buy_call,-0.2757546309090073,True,0.735,True,0,4.995
NVDA,2021-06-03,buy_call,-0.16636514019974424,False,0.0,True,0,4.595
NVDA,2021-07-23,buy_call,-0.15207406876776797,False,0.0,True,1,4.295
NVDA,2021-07-23,buy_stock,-0.15207406876776797,False,0.0,True,1,5.675
DIS,2021-12-17,buy_call,-0.2590111221756941,False,0.0,True,2,4.62
GOOG,2021-12-17,buy_call,-0.20845505710229795,True,0.64,True,2,4.11
CRM,2021-12-20,buy_call,-0.29689555754076824,False,0.12,True,2,4.8
CRM,2021-12-20,buy_call,-0.29689555754076824,False,0.13,True,2,4.595
RBLX,2021-12-20,buy_call,-0.5330846884214812,False,0.0,False,2,4.63
MU,2021-12-21,buy_call,-0.2791712484452764,True,0.08,False,2,4.38
AB,2022-01-27,buy_stock,0.002541628001229923,False,0.0,False,1,4.16
AAPL,2022-05-13,buy_call,0.17065052797170588,False,0.125,True,5,4.32
AAPL,2022-05-24,buy_call,0.17065052797170588,False,0.13,True,7,4.865
MSFT,2022-05-24,buy_call,0.16151210307101427,False,0.34,True,7,4.635
MSFT,2022-05-24,buy_call,0.16151210307101427,False,0.35,True,7,4.895
NVDA,2023-11-22,buy_call,1.5866227454491217,False,0.15,True,5,4.525
PANW,2024-02-12,buy_call,0.06744324641833055,True,0.495,True,6,5.31
PANW,2024-02-21,buy_call,0.06744324641833055,True,0.595,True,7,5.195
AVGO,2024-06-24,buy_call,0.4508038959480951,False,0.0,True,2,4.409090909090909
NVDA,2024-06-26,buy_stock,0.10875006893406125,False,0.116751269035533,True,2,4.289340101522843
NVDA,2024-07-26,buy_stock,0.3785180154720891,False,0.11282051282051282,True,5,5.041025641025641
AMZN,2025-01-14,buy_call,-0.1401749049086174,False,0.09815950920245399,True,1,4.0552147239263805
GOOGL,2025-01-14,buy_call,0.5196000077260987,False,0.5987654320987654,True,1,3.7901234567901234
NVDA,2025-01-14,buy_call,0.15695442941029647,False,0.17159763313609466,True,1,3.923076923076923
TEM,2025-01-14,buy_call,0.2790197647180439,False,0.0,True,1,3.5953757225433525
VST,2025-01-14,buy_call,-0.2859960394496045,False,0.0,True,1,3.602409638554217
AAPL,2025-12-30,buy_call,,False,0.0,True,2,3.884297520661157
AMZN,2025-12-30,buy_call,,False,0.0,True,2,4.418803418803419
GOOGL,2025-12-30,buy_call,,True,0.6186440677966102,True,2,4.432203389830509
NVDA,2025-12-30,buy_call,,False,0.15454545454545454,True,2,4.6
AB,2026-01-16,buy_stock,,False,0.0,False,3,5.016528925619835
INTC,2026-05-29,buy_call,,False,0.24468085106382978,True,2,4.5
UBER,2026-05-29,buy_call,,False,0.0,False,2,4.554347826086956
BE,2026-07-24,buy_stock,,False,0.0,False,5,4.663461538461538
BE,2026-07-24,buy_call,,False,0.0,False,5,4.06
INTC,2026-07-24,buy_call,,False,0.24,True,5,4.98
INTC,2026-07-24,buy_stock,,False,0.24,True,5,3.94
BE,2026-07-28,buy_stock,,False,0.0,False,5,4.326086956521739
BE,2026-07-28,buy_call,,False,0.0,False,5,3.5842696629213484
