n,signal,weight,rebalance,bear,train_cagr,train_sharpe,train_maxdd,validate_cagr,validate_sharpe,validate_maxdd,test_cagr,test_sharpe,test_maxdd,all_cagr,all_sharpe,all_maxdd
5,size,equal,monthly,none,35.4,1.27,-31.7,-18.7,-0.35,-50.9,59.6,1.56,-35.6,30.7,1.02,-51.5
5,size,equal,monthly,SPY 200d,24.9,1.13,-30.0,-14.8,-0.48,-46.0,34.1,1.12,-28.2,19.9,0.84,-46.0
5,size,equal,monthly,QQQ 200d,25.1,1.06,-30.2,7.1,0.42,-24.1,38.6,1.23,-28.2,26.0,1.03,-30.2
5,size,equal,weekly,none,33.2,1.19,-31.9,-19.4,-0.37,-51.8,55.2,1.48,-36.4,28.3,0.95,-52.3
5,size,equal,weekly,SPY 200d,22.5,1.06,-25.1,-3.0,-0.01,-27.7,42.0,1.3,-28.3,23.6,0.97,-28.3
5,size,equal,weekly,QQQ 200d,23.5,1.03,-26.4,1.5,0.18,-23.5,38.2,1.23,-28.3,24.0,0.98,-28.3
5,size,invvol,monthly,none,32.7,1.24,-31.4,-13.7,-0.25,-47.7,47.8,1.56,-31.2,27.4,1.01,-48.4
5,size,invvol,monthly,SPY 200d,22.1,1.07,-28.4,-9.2,-0.31,-42.0,27.5,1.13,-22.2,17.7,0.85,-42.0
5,size,invvol,monthly,QQQ 200d,23.1,1.03,-26.9,11.8,0.71,-18.9,31.5,1.25,-22.2,23.6,1.06,-26.9
5,size,invvol,weekly,none,30.4,1.17,-30.7,-13.4,-0.23,-48.2,44.7,1.5,-31.6,25.5,0.95,-48.9
5,size,invvol,weekly,SPY 200d,20.1,1.01,-23.1,3.3,0.26,-24.0,34.0,1.34,-22.8,21.2,1.01,-24.7
5,size,invvol,weekly,QQQ 200d,21.4,1.0,-24.7,7.0,0.47,-19.4,31.3,1.28,-22.8,21.8,1.01,-24.7
5,mom12_1,equal,monthly,none,37.1,1.11,-38.4,-20.0,-0.24,-54.8,85.6,1.39,-44.0,37.9,0.95,-54.8
5,mom12_1,equal,monthly,SPY 200d,25.0,0.95,-38.6,-26.6,-0.5,-56.6,43.4,0.95,-44.0,19.8,0.65,-59.9
5,mom12_1,equal,monthly,QQQ 200d,26.6,0.94,-38.4,-18.4,-0.28,-49.6,51.6,1.05,-44.0,25.0,0.75,-50.4
5,mom12_1,equal,weekly,none,32.5,1.0,-41.4,-6.9,0.08,-53.7,58.2,1.1,-43.3,32.2,0.85,-54.4
5,mom12_1,equal,weekly,SPY 200d,20.7,0.83,-39.3,-3.8,0.11,-45.7,34.1,0.83,-43.3,20.6,0.67,-51.3
5,mom12_1,equal,weekly,QQQ 200d,23.7,0.88,-35.5,-0.2,0.2,-42.2,40.7,0.92,-43.3,24.7,0.75,-43.9
5,mom12_1,invvol,monthly,none,34.2,1.1,-35.5,-20.3,-0.37,-55.5,91.0,1.49,-43.3,37.5,0.98,-55.5
5,mom12_1,invvol,monthly,SPY 200d,21.4,0.9,-33.4,-25.7,-0.63,-55.8,47.8,1.03,-43.3,19.4,0.67,-58.0
5,mom12_1,invvol,monthly,QQQ 200d,23.2,0.88,-35.5,-18.4,-0.41,-49.6,55.5,1.13,-43.3,24.1,0.76,-49.6
5,mom12_1,invvol,weekly,none,29.7,0.98,-38.6,-16.2,-0.24,-50.8,59.4,1.14,-42.4,28.7,0.82,-50.8
5,mom12_1,invvol,weekly,SPY 200d,17.7,0.77,-37.2,-14.6,-0.27,-41.6,35.0,0.85,-42.4,16.9,0.61,-47.1
5,mom12_1,invvol,weekly,QQQ 200d,21.2,0.84,-33.3,-13.1,-0.23,-40.2,41.2,0.94,-42.4,20.7,0.69,-42.4
5,mom6,equal,monthly,none,38.2,1.15,-40.3,-23.5,-0.37,-55.3,53.9,1.06,-44.7,29.4,0.82,-55.3
5,mom6,equal,monthly,SPY 200d,31.0,1.12,-36.5,-30.4,-0.65,-58.7,16.8,0.56,-46.2,13.7,0.53,-63.4
5,mom6,equal,monthly,QQQ 200d,32.4,1.07,-40.3,-23.9,-0.47,-55.1,23.8,0.67,-46.2,18.2,0.62,-56.3
5,mom6,equal,weekly,none,35.9,1.13,-38.9,-24.5,-0.34,-56.8,73.7,1.28,-42.6,33.2,0.88,-56.8
5,mom6,equal,weekly,SPY 200d,28.5,1.07,-35.0,-24.2,-0.4,-52.7,44.4,0.98,-46.3,22.2,0.71,-55.0
5,mom6,equal,weekly,QQQ 200d,31.2,1.1,-33.2,-23.0,-0.37,-50.5,48.9,1.04,-46.3,25.0,0.76,-53.8
5,mom6,invvol,monthly,none,36.0,1.15,-36.9,-14.3,-0.25,-47.9,52.7,1.08,-44.3,30.4,0.87,-47.9
5,mom6,invvol,monthly,SPY 200d,29.0,1.11,-32.9,-22.4,-0.6,-48.8,16.3,0.56,-44.3,14.7,0.56,-55.4
5,mom6,invvol,monthly,QQQ 200d,29.8,1.04,-36.9,-18.4,-0.47,-47.9,22.9,0.67,-44.3,18.1,0.64,-50.7
5,mom6,invvol,weekly,none,32.2,1.1,-35.8,-23.5,-0.53,-55.5,62.8,1.19,-41.5,28.8,0.84,-55.5
5,mom6,invvol,weekly,SPY 200d,25.9,1.05,-29.1,-24.3,-0.65,-53.6,37.1,0.9,-44.0,18.8,0.67,-55.6
5,mom6,invvol,weekly,QQQ 200d,27.7,1.05,-29.5,-25.7,-0.71,-53.9,41.6,0.97,-44.0,20.6,0.7,-57.0
5,lowvol,equal,monthly,none,8.8,0.62,-27.9,10.5,0.76,-21.8,6.7,0.57,-12.5,8.4,0.63,-27.9
5,lowvol,equal,monthly,SPY 200d,4.0,0.41,-16.2,8.6,0.84,-8.1,8.4,0.79,-11.8,6.2,0.6,-16.2
5,lowvol,equal,monthly,QQQ 200d,5.8,0.46,-27.9,11.6,1.32,-8.1,9.1,0.84,-11.8,7.8,0.66,-27.9
5,lowvol,equal,weekly,none,11.9,0.81,-24.1,7.3,0.57,-25.0,4.9,0.44,-14.5,8.8,0.66,-25.0
5,lowvol,equal,weekly,SPY 200d,6.3,0.62,-15.7,11.2,1.24,-9.0,4.3,0.44,-10.0,6.4,0.64,-15.7
5,lowvol,equal,weekly,QQQ 200d,5.5,0.48,-19.3,9.5,1.12,-9.0,6.3,0.62,-10.0,6.4,0.59,-19.3
5,lowvol,invvol,monthly,none,8.8,0.62,-27.8,9.7,0.71,-21.9,6.4,0.55,-12.4,8.2,0.62,-27.8
5,lowvol,invvol,monthly,SPY 200d,4.0,0.41,-16.4,7.9,0.79,-8.0,8.4,0.8,-11.3,6.1,0.6,-16.4
5,lowvol,invvol,monthly,QQQ 200d,5.9,0.47,-27.8,11.0,1.26,-8.0,9.1,0.85,-11.3,7.8,0.66,-27.8
5,lowvol,invvol,weekly,none,11.9,0.81,-24.0,7.1,0.56,-24.4,5.1,0.46,-14.5,8.8,0.66,-24.4
5,lowvol,invvol,weekly,SPY 200d,6.4,0.63,-15.7,10.9,1.22,-8.7,4.5,0.47,-10.1,6.5,0.65,-15.7
5,lowvol,invvol,weekly,QQQ 200d,5.5,0.48,-19.3,9.2,1.09,-8.7,6.6,0.65,-10.1,6.4,0.6,-19.3
5,size+mom,equal,monthly,none,38.7,1.2,-36.2,-12.6,-0.09,-50.6,54.7,1.18,-38.3,33.1,0.93,-50.6
5,size+mom,equal,monthly,SPY 200d,27.2,1.08,-34.9,-17.8,-0.33,-50.5,29.5,0.82,-38.3,19.3,0.69,-53.7
5,size+mom,equal,monthly,QQQ 200d,28.1,1.02,-36.2,-5.4,0.02,-40.1,33.9,0.89,-38.3,23.9,0.79,-40.1
5,size+mom,equal,weekly,none,34.9,1.11,-37.1,12.8,0.49,-46.0,65.8,1.31,-36.9,40.0,1.05,-46.0
5,size+mom,equal,weekly,SPY 200d,23.8,0.98,-33.7,10.6,0.45,-40.1,45.4,1.07,-36.9,28.3,0.9,-45.4
5,size+mom,equal,weekly,QQQ 200d,24.7,0.96,-30.3,16.9,0.6,-33.9,49.3,1.13,-36.9,31.1,0.95,-38.4
5,size+mom,invvol,monthly,none,33.3,1.14,-33.7,-5.6,0.01,-42.9,49.1,1.15,-37.2,30.4,0.94,-42.9
5,size+mom,invvol,monthly,SPY 200d,23.6,1.05,-30.3,-11.6,-0.27,-42.8,28.7,0.83,-37.2,18.6,0.72,-46.1
5,size+mom,invvol,monthly,QQQ 200d,24.7,0.99,-32.7,-0.9,0.1,-34.6,32.8,0.91,-37.2,22.7,0.81,-37.2
5,size+mom,invvol,weekly,none,30.1,1.05,-34.7,4.2,0.29,-37.0,61.5,1.31,-35.9,34.3,1.01,-37.0
5,size+mom,invvol,weekly,SPY 200d,20.0,0.92,-29.7,2.4,0.22,-29.6,45.0,1.11,-35.5,24.4,0.87,-36.2
5,size+mom,invvol,weekly,QQQ 200d,21.3,0.91,-28.4,5.2,0.32,-26.6,48.7,1.17,-35.5,26.7,0.92,-35.5
10,size,equal,monthly,none,31.3,1.19,-31.2,-15.3,-0.3,-51.3,58.7,1.67,-29.3,29.4,1.03,-51.3
10,size,equal,monthly,SPY 200d,21.2,1.05,-32.6,-11.5,-0.38,-46.9,30.4,1.11,-22.3,17.7,0.81,-46.9
10,size,equal,monthly,QQQ 200d,22.5,1.0,-31.1,9.4,0.56,-24.0,34.5,1.22,-22.3,23.8,1.02,-31.1
10,size,equal,weekly,none,29.0,1.11,-34.2,-15.8,-0.3,-51.9,56.9,1.63,-28.0,27.6,0.98,-51.9
10,size,equal,weekly,SPY 200d,21.1,1.06,-32.2,-3.4,-0.05,-34.6,40.6,1.39,-22.3,22.2,0.99,-35.3
10,size,equal,weekly,QQQ 200d,21.0,0.99,-29.4,5.2,0.35,-23.6,37.8,1.33,-22.3,23.2,1.02,-29.4
10,size,invvol,monthly,none,29.4,1.19,-30.0,-12.3,-0.24,-47.4,49.8,1.72,-27.2,26.7,1.04,-47.4
10,size,invvol,monthly,SPY 200d,19.7,1.04,-29.5,-7.7,-0.26,-41.7,27.1,1.19,-20.7,16.7,0.86,-41.7
10,size,invvol,monthly,QQQ 200d,21.0,0.99,-29.5,12.5,0.77,-18.3,30.7,1.31,-20.7,22.4,1.06,-29.5
10,size,invvol,weekly,none,27.4,1.11,-31.1,-12.4,-0.24,-47.0,48.6,1.69,-26.2,25.4,0.99,-47.0
10,size,invvol,weekly,SPY 200d,20.3,1.08,-27.3,0.2,0.11,-28.7,36.0,1.5,-19.2,21.2,1.06,-29.5
10,size,invvol,weekly,QQQ 200d,19.8,0.98,-27.6,7.7,0.52,-18.9,33.4,1.44,-19.2,21.7,1.07,-27.6
10,mom12_1,equal,monthly,none,29.8,1.06,-34.9,-11.9,-0.18,-42.5,47.0,1.08,-41.2,26.5,0.84,-42.5
10,mom12_1,equal,monthly,SPY 200d,21.6,0.97,-32.8,-18.3,-0.47,-43.0,21.9,0.68,-41.2,14.0,0.57,-47.3
10,mom12_1,equal,monthly,QQQ 200d,22.5,0.92,-34.9,-9.7,-0.18,-35.2,27.4,0.78,-41.2,18.0,0.67,-41.2
10,mom12_1,equal,weekly,none,24.6,0.91,-37.2,-11.3,-0.16,-42.8,51.9,1.15,-41.6,25.3,0.81,-42.8
10,mom12_1,equal,weekly,SPY 200d,16.5,0.79,-29.2,-10.5,-0.21,-35.3,33.9,0.9,-41.6,16.6,0.65,-42.2
10,mom12_1,equal,weekly,QQQ 200d,17.7,0.79,-30.8,-7.7,-0.12,-31.7,40.1,1.01,-41.6,19.5,0.72,-41.6
10,mom12_1,invvol,monthly,none,25.6,0.99,-33.2,-8.3,-0.12,-39.3,46.0,1.13,-40.1,24.9,0.85,-40.1
10,mom12_1,invvol,monthly,SPY 200d,18.5,0.91,-28.8,-13.9,-0.39,-39.0,24.7,0.76,-40.1,14.3,0.6,-42.0
10,mom12_1,invvol,monthly,QQQ 200d,19.3,0.85,-33.2,-6.4,-0.11,-33.4,29.8,0.86,-40.1,17.8,0.69,-40.1
10,mom12_1,invvol,weekly,none,21.8,0.87,-35.1,-9.1,-0.15,-36.7,47.0,1.14,-40.5,23.1,0.8,-40.5
10,mom12_1,invvol,weekly,SPY 200d,14.5,0.75,-25.1,-7.0,-0.13,-32.4,31.9,0.91,-40.5,15.7,0.65,-40.5
10,mom12_1,invvol,weekly,QQQ 200d,15.4,0.74,-29.7,-6.5,-0.12,-32.4,37.6,1.02,-40.5,17.9,0.71,-40.5
10,mom6,equal,monthly,none,32.9,1.21,-33.0,-18.1,-0.43,-45.2,46.0,1.07,-40.0,26.2,0.85,-45.2
10,mom6,equal,monthly,SPY 200d,24.8,1.11,-29.0,-20.4,-0.59,-45.5,20.1,0.65,-40.0,14.4,0.59,-49.9
10,mom6,equal,monthly,QQQ 200d,27.3,1.1,-33.0,-12.6,-0.31,-38.5,25.6,0.75,-40.0,19.1,0.7,-40.0
10,mom6,equal,weekly,none,27.6,1.08,-34.4,-24.7,-0.68,-50.8,55.3,1.22,-40.4,24.4,0.81,-52.1
10,mom6,equal,weekly,SPY 200d,21.7,1.02,-25.6,-18.5,-0.53,-41.6,35.2,0.94,-40.4,17.8,0.69,-46.4
10,mom6,equal,weekly,QQQ 200d,23.4,1.03,-28.0,-16.2,-0.45,-38.8,39.2,1.01,-40.4,20.3,0.75,-42.2
10,mom6,invvol,monthly,none,30.1,1.19,-30.6,-11.0,-0.27,-39.8,41.5,1.06,-38.9,25.3,0.88,-39.8
10,mom6,invvol,monthly,SPY 200d,23.0,1.1,-23.7,-13.5,-0.43,-39.3,21.3,0.69,-38.9,15.5,0.65,-44.0
10,mom6,invvol,monthly,QQQ 200d,24.8,1.06,-30.6,-7.0,-0.17,-34.0,26.4,0.8,-38.9,19.3,0.75,-38.9
10,mom6,invvol,weekly,none,24.5,1.03,-32.3,-18.7,-0.6,-44.6,49.3,1.21,-39.5,22.8,0.83,-45.1
10,mom6,invvol,weekly,SPY 200d,19.8,1.0,-19.9,-13.9,-0.48,-36.2,33.1,0.95,-39.5,17.3,0.72,-40.8
10,mom6,invvol,weekly,QQQ 200d,20.6,0.98,-26.2,-13.6,-0.48,-36.3,37.3,1.04,-39.5,18.9,0.76,-39.5
10,lowvol,equal,monthly,none,9.0,0.62,-28.2,4.2,0.35,-23.8,7.9,0.71,-13.3,7.8,0.59,-28.2
10,lowvol,equal,monthly,SPY 200d,3.6,0.38,-19.6,5.1,0.53,-9.1,6.8,0.73,-9.5,4.8,0.5,-19.6
10,lowvol,equal,monthly,QQQ 200d,5.5,0.44,-28.2,8.4,0.97,-7.9,8.0,0.82,-9.5,6.7,0.59,-28.2
10,lowvol,equal,weekly,none,11.2,0.77,-25.4,0.9,0.14,-25.4,6.8,0.63,-13.1,8.0,0.61,-25.4
10,lowvol,equal,weekly,SPY 200d,6.1,0.6,-15.5,6.1,0.69,-6.9,4.8,0.52,-10.6,5.6,0.58,-15.5
10,lowvol,equal,weekly,QQQ 200d,5.3,0.46,-20.5,5.2,0.61,-7.2,6.8,0.72,-10.6,5.7,0.55,-20.5
10,lowvol,invvol,monthly,none,8.9,0.62,-28.1,4.7,0.39,-23.8,7.6,0.69,-13.3,7.7,0.59,-28.1
10,lowvol,invvol,monthly,SPY 200d,3.6,0.38,-19.4,5.3,0.56,-8.8,7.0,0.75,-8.7,4.9,0.51,-19.4
10,lowvol,invvol,monthly,QQQ 200d,5.5,0.44,-28.1,8.6,1.02,-8.0,8.1,0.84,-8.7,6.8,0.6,-28.1
10,lowvol,invvol,weekly,none,11.3,0.78,-25.0,1.9,0.2,-24.2,6.6,0.61,-13.4,8.1,0.63,-25.0
10,lowvol,invvol,weekly,SPY 200d,6.2,0.61,-15.5,6.7,0.77,-6.8,4.8,0.53,-9.5,5.8,0.6,-15.5
10,lowvol,invvol,weekly,QQQ 200d,5.4,0.47,-20.1,5.7,0.69,-6.8,6.8,0.73,-9.5,5.8,0.56,-20.1
10,size+mom,equal,monthly,none,30.8,1.12,-35.5,-13.4,-0.25,-39.1,56.4,1.33,-37.7,29.2,0.95,-41.1
10,size+mom,equal,monthly,SPY 200d,22.6,1.05,-33.2,-13.3,-0.38,-39.0,28.7,0.87,-37.7,17.7,0.72,-41.7
10,size+mom,equal,monthly,QQQ 200d,23.4,0.98,-35.5,-1.6,0.06,-26.7,32.6,0.95,-37.7,21.7,0.82,-37.7
10,size+mom,equal,weekly,none,25.9,0.98,-35.3,-5.2,0.02,-41.5,59.4,1.36,-36.9,29.4,0.94,-43.3
10,size+mom,equal,weekly,SPY 200d,18.6,0.91,-31.7,0.5,0.15,-31.6,42.3,1.14,-36.9,22.4,0.86,-36.9
10,size+mom,equal,weekly,QQQ 200d,19.1,0.87,-29.9,5.6,0.34,-25.4,46.1,1.21,-36.9,24.7,0.91,-36.9
10,size+mom,invvol,monthly,none,26.5,1.05,-33.0,-4.3,-0.02,-30.4,47.8,1.33,-32.8,26.7,0.97,-33.0
10,size+mom,invvol,monthly,SPY 200d,19.6,1.0,-29.7,-5.0,-0.13,-29.9,25.3,0.88,-32.8,16.8,0.77,-32.8
10,size+mom,invvol,monthly,QQQ 200d,20.2,0.92,-33.0,5.6,0.38,-20.0,29.0,0.97,-32.8,20.4,0.86,-33.0
10,size+mom,invvol,weekly,none,21.7,0.9,-32.4,-4.2,-0.0,-33.4,49.8,1.32,-34.4,24.8,0.9,-35.1
10,size+mom,invvol,weekly,SPY 200d,15.4,0.84,-27.4,0.3,0.12,-22.8,36.8,1.12,-34.4,19.0,0.83,-34.4
10,size+mom,invvol,weekly,QQQ 200d,15.8,0.79,-28.6,3.5,0.27,-20.4,40.6,1.21,-34.4,20.9,0.88,-34.4
20,size,equal,monthly,none,24.2,1.05,-34.4,-17.5,-0.44,-47.4,43.7,1.47,-27.6,21.4,0.87,-47.4
20,size,equal,monthly,SPY 200d,17.5,1.01,-27.0,-17.0,-0.72,-44.6,22.9,0.97,-23.0,12.4,0.67,-45.3
20,size,equal,monthly,QQQ 200d,17.3,0.87,-34.4,0.3,0.11,-23.8,26.2,1.07,-23.0,17.0,0.83,-34.4
20,size,equal,weekly,none,22.6,0.99,-34.8,-15.0,-0.35,-47.6,43.7,1.47,-26.8,21.2,0.86,-47.6
20,size,equal,weekly,SPY 200d,15.6,0.93,-26.6,-7.0,-0.25,-34.0,32.8,1.28,-24.9,16.4,0.85,-35.1
20,size,equal,weekly,QQQ 200d,15.0,0.82,-30.6,-0.3,0.08,-24.9,31.9,1.26,-24.9,17.3,0.87,-30.6
20,size,invvol,monthly,none,20.9,0.98,-33.3,-11.4,-0.3,-40.8,33.4,1.44,-24.1,18.3,0.85,-40.8
20,size,invvol,monthly,SPY 200d,14.6,0.94,-24.3,-11.3,-0.53,-37.8,18.7,0.99,-19.6,11.0,0.68,-39.5
20,size,invvol,monthly,QQQ 200d,14.3,0.78,-33.3,4.7,0.37,-18.0,21.6,1.11,-19.6,14.7,0.82,-33.3
20,size,invvol,weekly,none,19.7,0.94,-33.0,-12.5,-0.35,-41.9,34.0,1.46,-23.5,17.6,0.82,-41.9
20,size,invvol,weekly,SPY 200d,13.2,0.87,-23.8,-5.4,-0.22,-28.4,26.2,1.31,-19.4,13.6,0.83,-29.8
20,size,invvol,weekly,QQQ 200d,12.3,0.74,-29.9,0.1,0.09,-20.8,25.9,1.31,-19.4,14.2,0.83,-29.9
20,mom12_1,equal,monthly,none,22.5,0.97,-33.7,-10.2,-0.24,-36.9,38.1,1.08,-35.4,20.7,0.8,-36.9
20,mom12_1,equal,monthly,SPY 200d,16.7,0.93,-26.9,-13.4,-0.47,-34.6,17.4,0.65,-35.4,11.2,0.55,-38.3
20,mom12_1,equal,monthly,QQQ 200d,16.6,0.82,-33.7,-4.3,-0.08,-25.1,21.6,0.75,-35.4,14.3,0.64,-35.4
20,mom12_1,equal,weekly,none,19.7,0.87,-33.3,-9.4,-0.21,-36.6,40.9,1.14,-35.4,20.2,0.78,-36.6
20,mom12_1,equal,weekly,SPY 200d,14.9,0.85,-23.4,-8.4,-0.26,-28.3,28.9,0.94,-35.4,14.7,0.68,-35.4
20,mom12_1,equal,weekly,QQQ 200d,14.5,0.77,-27.6,-5.8,-0.15,-25.0,33.1,1.03,-35.4,16.2,0.72,-35.4
20,mom12_1,invvol,monthly,none,18.8,0.89,-32.6,-4.3,-0.05,-30.1,36.2,1.16,-31.8,19.5,0.83,-32.6
20,mom12_1,invvol,monthly,SPY 200d,13.8,0.85,-24.1,-6.9,-0.23,-26.2,19.2,0.76,-31.8,11.6,0.61,-31.8
20,mom12_1,invvol,monthly,QQQ 200d,13.8,0.74,-32.6,0.4,0.12,-24.3,23.1,0.87,-31.8,14.2,0.69,-32.6
20,mom12_1,invvol,weekly,none,16.2,0.79,-31.7,-4.4,-0.06,-31.1,35.9,1.16,-32.6,18.1,0.78,-32.6
20,mom12_1,invvol,weekly,SPY 200d,12.2,0.77,-19.6,-3.8,-0.09,-23.9,26.5,0.97,-32.6,13.5,0.69,-32.6
20,mom12_1,invvol,weekly,QQQ 200d,11.6,0.68,-26.2,-2.7,-0.04,-23.9,30.4,1.08,-32.6,14.5,0.72,-32.6
20,mom6,equal,monthly,none,23.5,1.03,-31.7,-12.6,-0.37,-39.9,35.3,1.06,-35.0,19.9,0.79,-39.9
20,mom6,equal,monthly,SPY 200d,16.8,0.94,-25.7,-13.3,-0.51,-36.1,14.9,0.59,-35.0,10.5,0.53,-40.7
20,mom6,equal,monthly,QQQ 200d,18.4,0.89,-31.7,-4.7,-0.12,-27.6,19.1,0.7,-35.0,14.3,0.65,-35.0
20,mom6,equal,weekly,none,21.9,1.0,-30.9,-15.0,-0.5,-39.2,40.8,1.17,-34.4,20.1,0.81,-39.2
20,mom6,equal,weekly,SPY 200d,15.6,0.9,-20.0,-10.5,-0.42,-30.0,27.5,0.92,-34.4,14.2,0.68,-35.3
20,mom6,equal,weekly,QQQ 200d,16.3,0.87,-27.1,-7.9,-0.3,-26.7,30.4,0.99,-34.4,15.9,0.73,-34.4
20,mom6,invvol,monthly,none,19.9,0.95,-30.3,-5.2,-0.14,-31.5,28.7,1.03,-32.7,17.8,0.8,-32.7
20,mom6,invvol,monthly,SPY 200d,13.9,0.86,-22.7,-6.3,-0.27,-27.1,15.7,0.68,-32.7,10.7,0.59,-32.7
20,mom6,invvol,monthly,QQQ 200d,15.2,0.8,-30.3,0.9,0.14,-19.5,19.0,0.78,-32.7,13.7,0.69,-32.7
20,mom6,invvol,weekly,none,18.7,0.93,-29.9,-8.3,-0.3,-30.9,30.2,1.07,-31.1,17.0,0.78,-31.1
20,mom6,invvol,weekly,SPY 200d,13.1,0.83,-18.8,-3.6,-0.14,-20.0,21.5,0.86,-31.1,12.6,0.68,-31.1
20,mom6,invvol,weekly,QQQ 200d,13.3,0.77,-26.4,-2.4,-0.07,-18.8,24.2,0.94,-31.1,13.7,0.72,-31.1
20,lowvol,equal,monthly,none,11.3,0.72,-30.7,3.2,0.27,-24.1,15.7,1.26,-16.7,11.2,0.76,-30.7
20,lowvol,equal,monthly,SPY 200d,7.3,0.65,-19.1,2.0,0.23,-16.0,10.5,1.05,-11.2,7.3,0.68,-20.1
20,lowvol,equal,monthly,QQQ 200d,7.5,0.54,-30.7,8.3,0.85,-8.7,12.8,1.24,-11.2,9.2,0.73,-30.7
20,lowvol,equal,weekly,none,12.5,0.8,-26.9,4.3,0.34,-22.8,14.3,1.16,-16.3,11.5,0.79,-26.9
20,lowvol,equal,weekly,SPY 200d,7.5,0.67,-18.0,6.4,0.65,-9.5,10.8,1.06,-9.9,8.2,0.77,-18.0
20,lowvol,equal,weekly,QQQ 200d,6.5,0.53,-23.4,6.8,0.72,-9.8,12.6,1.23,-9.9,8.4,0.72,-23.4
20,lowvol,invvol,monthly,none,11.1,0.71,-30.2,4.0,0.33,-22.2,14.0,1.18,-15.8,10.7,0.75,-30.2
20,lowvol,invvol,monthly,SPY 200d,6.8,0.63,-19.0,2.8,0.31,-13.9,10.0,1.05,-10.4,7.1,0.68,-19.0
20,lowvol,invvol,monthly,QQQ 200d,7.3,0.53,-30.2,8.6,0.94,-7.0,12.0,1.22,-10.4,8.9,0.73,-30.2
20,lowvol,invvol,weekly,none,12.4,0.8,-26.3,4.5,0.36,-22.1,13.0,1.11,-15.8,11.1,0.79,-26.3
20,lowvol,invvol,weekly,SPY 200d,7.3,0.67,-17.6,6.9,0.73,-8.1,10.0,1.03,-9.2,8.0,0.78,-17.6
20,lowvol,invvol,weekly,QQQ 200d,6.4,0.52,-22.7,7.0,0.77,-8.9,11.8,1.21,-9.2,8.1,0.72,-22.7
20,size+mom,equal,monthly,none,24.2,1.03,-33.3,-12.3,-0.31,-39.5,39.4,1.22,-29.7,21.4,0.85,-39.5
20,size+mom,equal,monthly,SPY 200d,17.3,0.97,-27.6,-12.2,-0.45,-36.8,18.5,0.73,-27.3,12.1,0.61,-39.6
20,size+mom,equal,monthly,QQQ 200d,17.4,0.86,-33.3,0.3,0.12,-22.4,22.3,0.84,-27.3,15.8,0.73,-33.3
20,size+mom,equal,weekly,none,20.6,0.91,-33.2,-12.1,-0.3,-40.3,38.5,1.19,-29.5,19.4,0.78,-40.3
20,size+mom,equal,weekly,SPY 200d,14.6,0.85,-24.9,-6.9,-0.22,-28.5,27.1,0.97,-29.1,14.4,0.71,-32.8
20,size+mom,equal,weekly,QQQ 200d,15.2,0.81,-28.7,-2.9,-0.04,-23.1,29.8,1.04,-29.1,16.2,0.76,-29.1
20,size+mom,invvol,monthly,none,20.3,0.94,-32.2,-6.4,-0.14,-34.3,31.3,1.23,-25.7,18.4,0.84,-34.3
20,size+mom,invvol,monthly,SPY 200d,14.1,0.87,-25.2,-6.5,-0.25,-30.7,16.2,0.78,-19.4,10.9,0.64,-33.6
20,size+mom,invvol,monthly,QQQ 200d,14.2,0.76,-32.2,4.8,0.36,-18.8,19.6,0.91,-19.4,14.2,0.75,-32.2
20,size+mom,invvol,weekly,none,17.2,0.82,-31.6,-7.5,-0.19,-34.3,32.8,1.26,-25.9,17.0,0.79,-34.3
20,size+mom,invvol,weekly,SPY 200d,11.6,0.75,-21.6,-2.4,-0.04,-21.3,24.7,1.09,-21.2,13.0,0.74,-25.9
20,size+mom,invvol,weekly,QQQ 200d,12.0,0.7,-27.8,0.1,0.09,-18.4,27.3,1.18,-21.2,14.4,0.78,-27.8
30,size,equal,monthly,none,18.0,0.87,-35.1,-18.4,-0.53,-46.6,37.0,1.37,-26.3,16.2,0.74,-46.6
30,size,equal,monthly,SPY 200d,11.8,0.79,-25.8,-17.2,-0.77,-43.3,18.6,0.87,-22.8,8.3,0.51,-44.6
30,size,equal,monthly,QQQ 200d,11.9,0.67,-35.1,-2.6,-0.06,-27.2,22.0,0.99,-22.8,12.3,0.67,-35.1
30,size,equal,weekly,none,17.1,0.83,-35.4,-18.5,-0.54,-47.0,34.6,1.29,-25.6,15.1,0.69,-47.0
30,size,equal,weekly,SPY 200d,11.6,0.78,-24.8,-12.0,-0.55,-34.6,24.7,1.08,-25.0,11.0,0.65,-36.0
30,size,equal,weekly,QQQ 200d,10.6,0.65,-30.7,-6.6,-0.29,-27.1,24.9,1.09,-25.0,11.7,0.66,-30.7
30,size,invvol,monthly,none,15.9,0.83,-34.6,-10.9,-0.33,-39.2,30.3,1.5,-20.8,15.0,0.78,-39.2
30,size,invvol,monthly,SPY 200d,10.1,0.74,-24.1,-10.4,-0.52,-35.6,17.0,1.04,-16.8,8.3,0.59,-37.8
30,size,invvol,monthly,QQQ 200d,10.1,0.62,-34.6,2.8,0.26,-20.6,19.9,1.18,-16.8,11.7,0.73,-34.6
30,size,invvol,weekly,none,15.4,0.81,-33.8,-12.6,-0.41,-41.0,27.9,1.38,-21.2,13.7,0.72,-41.0
30,size,invvol,weekly,SPY 200d,10.0,0.74,-21.3,-6.7,-0.34,-28.4,20.6,1.21,-18.3,10.0,0.7,-30.8
30,size,invvol,weekly,QQQ 200d,8.9,0.6,-29.5,-2.3,-0.08,-22.4,21.2,1.24,-18.3,10.6,0.7,-29.5
30,mom12_1,equal,monthly,none,18.3,0.88,-33.9,-10.9,-0.32,-37.1,29.5,1.06,-27.7,16.0,0.73,-37.1
30,mom12_1,equal,monthly,SPY 200d,13.1,0.84,-23.9,-10.3,-0.42,-31.3,12.8,0.6,-26.2,8.6,0.51,-35.2
30,mom12_1,equal,monthly,QQQ 200d,12.9,0.71,-33.9,0.3,0.11,-19.3,16.4,0.72,-26.2,11.7,0.62,-33.9
30,mom12_1,equal,weekly,none,18.2,0.88,-32.3,-9.8,-0.28,-36.0,33.8,1.17,-27.4,17.4,0.77,-36.0
30,mom12_1,equal,weekly,SPY 200d,12.9,0.84,-20.9,-7.2,-0.29,-25.8,23.8,0.96,-27.4,12.5,0.68,-31.8
30,mom12_1,equal,weekly,QQQ 200d,12.7,0.75,-27.6,-3.8,-0.12,-21.2,26.7,1.05,-27.4,13.9,0.73,-27.6
30,mom12_1,invvol,monthly,none,15.3,0.81,-33.5,-3.6,-0.06,-29.5,24.0,1.11,-23.9,14.4,0.75,-33.5
30,mom12_1,invvol,monthly,SPY 200d,10.5,0.76,-21.5,-3.8,-0.14,-23.3,12.5,0.71,-19.0,8.5,0.57,-26.7
30,mom12_1,invvol,monthly,QQQ 200d,10.4,0.63,-33.5,4.6,0.37,-15.8,15.4,0.84,-19.0,10.8,0.66,-33.5
30,mom12_1,invvol,weekly,none,15.5,0.82,-31.1,-5.0,-0.13,-28.3,27.1,1.22,-23.4,15.1,0.78,-31.1
30,mom12_1,invvol,weekly,SPY 200d,10.7,0.78,-17.7,-2.6,-0.09,-16.6,20.0,1.04,-20.1,11.1,0.72,-22.9
30,mom12_1,invvol,weekly,QQQ 200d,10.3,0.67,-26.4,-0.9,0.02,-15.3,22.6,1.15,-20.1,11.9,0.74,-26.4
30,mom6,equal,monthly,none,18.8,0.92,-31.7,-11.6,-0.39,-39.2,33.8,1.19,-27.1,17.3,0.79,-39.2
30,mom6,equal,monthly,SPY 200d,13.2,0.86,-22.8,-8.6,-0.36,-31.2,16.7,0.74,-27.1,10.2,0.59,-34.7
30,mom6,equal,monthly,QQQ 200d,14.1,0.78,-31.7,-0.3,0.08,-22.6,20.5,0.86,-27.1,13.5,0.7,-31.7
30,mom6,equal,weekly,none,19.2,0.95,-30.0,-10.6,-0.34,-38.8,34.0,1.19,-27.5,17.8,0.81,-38.8
30,mom6,equal,weekly,SPY 200d,13.0,0.85,-19.5,-5.0,-0.19,-24.9,23.2,0.95,-27.4,12.8,0.71,-29.6
30,mom6,equal,weekly,QQQ 200d,13.3,0.79,-26.7,-2.4,-0.05,-21.7,25.6,1.02,-27.4,14.1,0.75,-27.4
30,mom6,invvol,monthly,none,15.8,0.85,-30.8,-1.8,0.01,-29.7,25.2,1.2,-21.9,15.4,0.82,-30.8
30,mom6,invvol,monthly,SPY 200d,10.5,0.77,-20.4,-0.7,0.03,-21.8,15.0,0.84,-18.9,9.8,0.67,-25.6
30,mom6,invvol,monthly,QQQ 200d,11.4,0.69,-30.8,6.6,0.53,-13.7,17.9,0.97,-18.9,12.5,0.76,-30.8
30,mom6,invvol,weekly,none,16.5,0.9,-28.9,-2.6,-0.03,-30.1,25.2,1.18,-23.7,15.5,0.83,-30.1
30,mom6,invvol,weekly,SPY 200d,10.7,0.78,-16.2,2.1,0.22,-15.6,18.1,0.98,-19.4,11.4,0.76,-21.2
30,mom6,invvol,weekly,QQQ 200d,10.7,0.7,-25.8,3.5,0.32,-14.2,20.4,1.08,-19.4,12.3,0.78,-25.8
30,lowvol,equal,monthly,none,11.6,0.7,-33.4,-0.5,0.07,-28.1,20.6,1.37,-17.7,12.1,0.75,-33.4
30,lowvol,equal,monthly,SPY 200d,7.2,0.62,-19.7,-0.9,-0.01,-21.0,13.4,1.11,-10.3,7.6,0.65,-24.7
30,lowvol,equal,monthly,QQQ 200d,7.3,0.51,-33.4,9.0,0.85,-8.2,15.7,1.26,-10.3,10.1,0.74,-33.4
30,lowvol,equal,weekly,none,12.3,0.75,-29.3,0.6,0.13,-28.5,19.8,1.33,-17.7,12.4,0.78,-29.3
30,lowvol,equal,weekly,SPY 200d,7.0,0.62,-18.6,4.5,0.42,-14.6,14.7,1.2,-9.8,8.9,0.76,-20.3
30,lowvol,equal,weekly,QQQ 200d,6.8,0.53,-25.0,7.3,0.69,-10.9,16.1,1.31,-9.8,9.7,0.77,-25.0
30,lowvol,invvol,monthly,none,11.4,0.7,-32.5,1.6,0.18,-25.7,17.7,1.33,-16.7,11.5,0.76,-32.5
30,lowvol,invvol,monthly,SPY 200d,6.9,0.62,-19.5,0.8,0.13,-18.3,12.0,1.14,-10.0,7.3,0.67,-21.9
30,lowvol,invvol,monthly,QQQ 200d,7.2,0.51,-32.5,9.3,0.94,-7.4,14.1,1.29,-10.0,9.6,0.74,-32.5
30,lowvol,invvol,weekly,none,12.3,0.77,-28.5,2.1,0.2,-26.4,17.1,1.3,-16.9,11.9,0.79,-28.5
30,lowvol,invvol,weekly,SPY 200d,7.0,0.64,-17.4,5.5,0.55,-12.1,12.9,1.2,-9.2,8.5,0.78,-18.3
30,lowvol,invvol,weekly,QQQ 200d,6.7,0.53,-24.3,7.4,0.76,-10.0,14.4,1.34,-9.2,9.1,0.76,-24.3
30,size+mom,equal,monthly,none,19.9,0.93,-33.5,-11.5,-0.31,-38.0,35.4,1.22,-27.2,18.2,0.8,-38.0
30,size+mom,equal,monthly,SPY 200d,14.1,0.88,-24.7,-13.0,-0.55,-35.5,16.5,0.72,-24.7,9.6,0.55,-38.2
30,size+mom,equal,monthly,QQQ 200d,13.8,0.75,-33.5,-0.3,0.08,-20.7,20.2,0.85,-24.7,13.2,0.68,-33.5
30,size+mom,equal,weekly,none,18.9,0.89,-33.3,-10.8,-0.28,-38.2,38.8,1.32,-26.8,18.8,0.82,-38.2
30,size+mom,equal,weekly,SPY 200d,13.0,0.84,-21.7,-6.9,-0.26,-26.8,28.8,1.13,-26.3,13.9,0.75,-29.2
30,size+mom,equal,weekly,QQQ 200d,12.8,0.75,-28.7,-3.0,-0.07,-21.5,30.2,1.18,-26.3,15.0,0.78,-28.7
30,size+mom,invvol,monthly,none,16.5,0.84,-32.7,-6.7,-0.18,-32.3,30.1,1.33,-22.7,16.0,0.8,-32.7
30,size+mom,invvol,monthly,SPY 200d,11.2,0.78,-22.8,-8.3,-0.38,-28.6,16.4,0.89,-17.3,9.1,0.6,-31.9
30,size+mom,invvol,monthly,QQQ 200d,11.0,0.65,-32.7,2.4,0.23,-16.3,19.5,1.02,-17.3,12.0,0.7,-32.7
30,size+mom,invvol,weekly,none,15.7,0.81,-31.7,-5.9,-0.15,-32.2,30.7,1.36,-22.8,16.0,0.8,-32.2
30,size+mom,invvol,weekly,SPY 200d,10.2,0.73,-18.9,-2.7,-0.08,-20.7,23.6,1.21,-18.8,11.8,0.76,-24.5
30,size+mom,invvol,weekly,QQQ 200d,9.9,0.64,-27.8,-0.5,0.05,-17.9,25.3,1.29,-18.8,12.5,0.76,-27.8
