eventId,econ_key,kind,tdate,public_date,lag_days,owner,action,ticker,px_ticker,assetTypeCode,amountLow,amountHigh,mid_usd,contracts,strike,expiry,shares,assetDescription,comment,source_docs,n_filings,sourceUrl
house:8214491:0,Active Network Inc. Common Stock|2013-11-26|private|-1.0|-1.0,private,2013-11-26,2014-04-16,141,spouse,sale,,,,50001.0,100000.0,75000.5,,,,,Active Network Inc. Common Stock,,8214491,1,https://disclosures-clerk.house.gov/public_disc/ptr-pdfs/2013/8214491.pdf
house:20001991:6,MGRC|2014-09-22|gift|-1.0|-1.0,gift,2014-09-22,2014-11-05,44,spouse,sale,MGRC,MGRC,,50001.0,100000.0,75000.5,,,,,McGrath RentCorp (MGRC),Contribution of shares held personally to The Paul & Nancy Pelosi Charitable Foundation via transfer between brokerage accounts.,20001991,1,https://disclosures-clerk.house.gov/public_disc/ptr-pdfs/2014/20001991.pdf
house:20001991:7,RHI|2014-09-22|gift|-1.0|-1.0,gift,2014-09-22,2014-11-05,44,spouse,sale,RHI,RHI,,100001.0,250000.0,175000.5,,,,,Robert Half International Inc. (RHI),Contribution of shares held personally to The Paul & Nancy Pelosi Charitable Foundation via transfer between brokerage accounts.,20001991,1,https://disclosures-clerk.house.gov/public_disc/ptr-pdfs/2014/20001991.pdf
house:20001991:0,AA|2014-10-23|sell_stock|-1.0|-1.0,sell_stock,2014-10-23,2014-11-05,13,spouse,sale,AA,AA,,15001.0,50000.0,32500.5,,,,,Alcoa Inc. (AA),,20001991,1,https://disclosures-clerk.house.gov/public_disc/ptr-pdfs/2014/20001991.pdf
house:20001991:1,BCOR|2014-10-23|sell_stock|-1.0|-1.0,sell_stock,2014-10-23,2014-11-05,13,spouse,sale,BCOR,BCOR,,1001.0,15000.0,8000.5,,,,,"Blucora, Inc. (BCOR)",,20001991,1,https://disclosures-clerk.house.gov/public_disc/ptr-pdfs/2014/20001991.pdf
house:20001991:2,BRCM|2014-10-23|sell_stock|-1.0|-1.0,sell_stock,2014-10-23,2014-11-05,13,spouse,sale,BRCM,BRCM,,1001.0,15000.0,8000.5,,,,,Broadcom Corporation - Class A (BRCM),,20001991,1,https://disclosures-clerk.house.gov/public_disc/ptr-pdfs/2014/20001991.pdf
house:20001991:3,DOW|2014-10-23|sell_stock|-1.0|-1.0,sell_stock,2014-10-23,2014-11-05,13,spouse,sale,DOW,DOW,,15001.0,50000.0,32500.5,,,,,Dow Chemical Company (DOW),,20001991,1,https://disclosures-clerk.house.gov/public_disc/ptr-pdfs/2014/20001991.pdf
house:20001991:4,ELX|2014-10-23|sell_stock|-1.0|-1.0,sell_stock,2014-10-23,2014-11-05,13,spouse,sale,ELX,ELX,,1001.0,15000.0,8000.5,,,,,Emulex Corporation (ELX),,20001991,1,https://disclosures-clerk.house.gov/public_disc/ptr-pdfs/2014/20001991.pdf
house:20001991:5,ENTR|2014-10-23|sell_stock|-1.0|-1.0,sell_stock,2014-10-23,2014-11-05,13,spouse,sale,ENTR,ENTR,,1001.0,15000.0,8000.5,,,,,"Entropic Communications, Inc. (ENTR)",,20001991,1,https://disclosures-clerk.house.gov/public_disc/ptr-pdfs/2014/20001991.pdf
house:20001991:8,SFLY|2014-10-23|sell_stock|-1.0|-1.0,sell_stock,2014-10-23,2014-11-05,13,spouse,sale,SFLY,SFLY,,15001.0,50000.0,32500.5,,,,,"Shutterfly, Inc. (SFLY)",,20001991,1,https://disclosures-clerk.house.gov/public_disc/ptr-pdfs/2014/20001991.pdf
house:20001991:9,SUNE|2014-10-24|buy_stock|-1.0|-1.0,buy_stock,2014-10-24,2014-11-05,12,spouse,purchase,SUNE,SUNE,,100001.0,250000.0,175000.5,,,,,"SunEdison, Inc. (SUNE)",,20001991,1,https://disclosures-clerk.house.gov/public_disc/ptr-pdfs/2014/20001991.pdf
house:20002236:0,HTZ|2014-11-05|buy_call|50.0|-1.0,buy_call,2014-11-05,2014-12-17,42,not_indicated,purchase,HTZ,HTZ,,15001.0,50000.0,32500.5,50.0,22.0,2016-01-15,,"Hertz Global Holdings, Inc (HTZ)",Purchase of 50 Options,"20002236,20003320(pdf)",1,https://disclosures-clerk.house.gov/public_disc/ptr-pdfs/2014/20002236.pdf
house:20002236:1,HTZ|2014-11-06|buy_call|150.0|-1.0,buy_call,2014-11-06,2014-12-17,41,not_indicated,purchase,HTZ,HTZ,,50001.0,100000.0,75000.5,150.0,22.0,2016-01-15,,"Hertz Global Holdings, Inc (HTZ)",Purchase of 150 Options,"20002236,20003320(pdf)",1,https://disclosures-clerk.house.gov/public_disc/ptr-pdfs/2014/20002236.pdf
house:20002236:2,HTZ|2014-11-25|buy_call|200.0|-1.0,buy_call,2014-11-25,2014-12-17,22,not_indicated,purchase,HTZ,HTZ,,100001.0,250000.0,175000.5,200.0,22.0,2016-01-15,,"Hertz Global Holdings, Inc (HTZ)",Purchase of 200 Options,"20002236,20003320(pdf)",1,https://disclosures-clerk.house.gov/public_disc/ptr-pdfs/2014/20002236.pdf
house:20002236:4,DIS|2014-11-28|buy_call|8.0|-1.0,buy_call,2014-11-28,2014-12-17,19,not_indicated,purchase,DIS,DIS,,1001.0,15000.0,8000.5,8.0,90.0,2016-01-15,,Walt Disney Company (DIS),Purchase of 8 Options,"20002236,20003320(pdf)",1,https://disclosures-clerk.house.gov/public_disc/ptr-pdfs/2014/20002236.pdf
house:20002236:3,HTZ|2014-11-28|buy_call|100.0|-1.0,buy_call,2014-11-28,2014-12-17,19,not_indicated,purchase,HTZ,HTZ,,50001.0,100000.0,75000.5,100.0,22.0,2016-01-15,,"Hertz Global Holdings, Inc (HTZ)",Purchase of 100 Options,"20002236,20003320(pdf)",1,https://disclosures-clerk.house.gov/public_disc/ptr-pdfs/2014/20002236.pdf
house:20002351:2,DIS|2014-12-10|buy_call|92.0|-1.0,buy_call,2014-12-10,2015-01-12,33,not_indicated,purchase,DIS,DIS,,50001.0,100000.0,75000.5,92.0,90.0,2016-01-15,,Walt Disney Company (DIS),Purchase of 92 Options,"20002351,20003320(pdf)",1,https://disclosures-clerk.house.gov/public_disc/ptr-pdfs/2015/20002351.pdf
house:20002351:0,V|2014-12-29|sell_stock|1000.0|-1.0,sell_stock,2014-12-29,2015-01-12,14,not_indicated,sale,V,V,,250001.0,500000.0,375000.5,,,,1000.0,Visa Inc. (V),Sale of 1000 Shares,20002351,1,https://disclosures-clerk.house.gov/public_disc/ptr-pdfs/2015/20002351.pdf
house:20002351:1,V|2014-12-30|sell_stock|500.0|-1.0,sell_stock,2014-12-30,2015-01-12,13,not_indicated,sale,V,V,,100001.0,250000.0,175000.5,,,,500.0,Visa Inc. (V),Sale of 500 Shares,20002351,1,https://disclosures-clerk.house.gov/public_disc/ptr-pdfs/2015/20002351.pdf
house:20003475:0,HTZ|2015-07-15|buy_call|42.0|14.0,buy_call,2015-07-15,2015-07-28,13,not_indicated,purchase,HTZ,HTZ,,15001.0,50000.0,32500.5,42.0,14.0,2016-01-15,,"Hertz Global Holdings, Inc (HTZ)",Purchase of 42 call options with a strike price of $14 and an expiration date of 1/15/16,20003475,1,https://disclosures-clerk.house.gov/public_disc/ptr-pdfs/2015/20003475.pdf
house:20003475:1,HTZ|2015-07-16|buy_call|258.0|14.0,buy_call,2015-07-16,2015-07-28,12,not_indicated,purchase,HTZ,HTZ,,100001.0,250000.0,175000.5,258.0,14.0,2016-01-15,,"Hertz Global Holdings, Inc (HTZ)",Purchase of 258 call options with a strike price of $14 and an expiration date of 1/15/16,20003475,1,https://disclosures-clerk.house.gov/public_disc/ptr-pdfs/2015/20003475.pdf
house:20004503:2,V|2015-12-29|sell_stock|5000.0|-1.0,sell_stock,2015-12-29,2016-02-02,35,not_indicated,sale,V,V,,250001.0,500000.0,375000.5,,,,5000.0,Visa Inc. (V),"Sale of 5,000 Shares",20004503,1,https://disclosures-clerk.house.gov/public_disc/ptr-pdfs/2016/20004503.pdf
house:20004503:0,CRM|2015-12-30|gift|1084.0|-1.0,gift,2015-12-30,2016-02-02,34,not_indicated,sale,CRM,CRM,,50001.0,100000.0,75000.5,,,,1084.0,Salesforce.com Inc (CRM),"Contribution of 1,084 shares held personally to The Paul & Nancy Pelosi Charitable Foundation via transfer between brokerage accounts.",20004503,1,https://disclosures-clerk.house.gov/public_disc/ptr-pdfs/2016/20004503.pdf
house:20004503:1,V|2015-12-30|gift|2000.0|-1.0,gift,2015-12-30,2016-02-02,34,not_indicated,sale,V,V,,100001.0,250000.0,175000.5,,,,2000.0,Visa Inc. (V),"Contribution of 2,000 shares held personally to The Paul & Nancy Pelosi Charitable Foundation via transfer between brokerage accounts.",20004503,1,https://disclosures-clerk.house.gov/public_disc/ptr-pdfs/2016/20004503.pdf
house:20004596:0,AAPL|2016-01-13|buy_call|200.0|90.0,buy_call,2016-01-13,2016-02-17,35,not_indicated,purchase,AAPL,AAPL,,250001.0,500000.0,375000.5,200.0,90.0,2017-01-20,,Apple Inc. (AAPL),Purchase of 200 call options with a strike price of $90 and an expiration date of 1/20/17,20004596,1,https://disclosures-clerk.house.gov/public_disc/ptr-pdfs/2016/20004596.pdf
house:20004596:1,DIS|2016-01-15|exercise|10000.0|90.0,exercise,2016-01-15,2016-02-17,33,not_indicated,purchase,DIS,DIS,,500001.0,1000000.0,750000.5,100.0,90.0,2016-01-15,10000.0,Walt Disney Company (DIS),"Exercised 100 call options (10,000 shares) expiring 1/15/16 at a strike price of $90",20004596,1,https://disclosures-clerk.house.gov/public_disc/ptr-pdfs/2016/20004596.pdf
house:20005096:0,AAPL|2016-05-17|buy_call|100.0|80.0,buy_call,2016-05-17,2016-05-24,7,not_indicated,purchase,AAPL,AAPL,,100001.0,250000.0,175000.5,100.0,80.0,2017-06-16,,Apple Inc. (AAPL),Purchase of 100 call options with a strike price of $80 and an expiration date of 6/16/17,20005096,1,https://disclosures-clerk.house.gov/public_disc/ptr-pdfs/2016/20005096.pdf
house:20005096:1,XYZ|2016-05-17|buy_call|50.0|8.0,buy_call,2016-05-17,2016-05-24,7,not_indicated,purchase,SQ,XYZ,,1001.0,15000.0,8000.5,50.0,8.0,2017-01-20,,"Square, Inc. Class A (SQ)",Purchase of 50 call options with a strike price of $8 and an expiration date of 1/20/17,20005096,1,https://disclosures-clerk.house.gov/public_disc/ptr-pdfs/2016/20005096.pdf
house:20005689:0,MGRC|2016-07-21|sell_stock|8000.0|-1.0,sell_stock,2016-07-21,2016-08-17,27,spouse,sale,MGRC,MGRC,,250001.0,500000.0,375000.5,,,,8000.0,McGrath RentCorp (MGRC),"Sale of 8,000 Shares",20005689,1,https://disclosures-clerk.house.gov/public_disc/ptr-pdfs/2016/20005689.pdf
house:20005689:1,V|2016-07-21|sell_stock|1250.0|-1.0,sell_stock,2016-07-21,2016-08-17,27,spouse,sale,V,V,,50001.0,100000.0,75000.5,,,,1250.0,Visa Inc. (V),"Sale of 1,250 Shares",20005689,1,https://disclosures-clerk.house.gov/public_disc/ptr-pdfs/2016/20005689.pdf
house:20006683:1,723 Mule Ears Court - Townhome|2016-12-27|private|-1.0|-1.0,private,2016-12-27,2017-02-06,41,joint,sale,,,,1000001.0,5000000.0,3000000.5,,,,,723 Mule Ears Court - Townhome,"LOCATION: Sugar Bowl/Placer, CA, US DESCRIPTION: Sale of Townhome",20006683,1,https://disclosures-clerk.house.gov/public_disc/ptr-pdfs/2017/20006683.pdf
house:20006683:0,1600 Atlas Peak Road - Real Estate Investment|2016-12-30|private|-1.0|-1.0,private,2016-12-30,2017-02-06,38,joint,sale,,,,500001.0,1000000.0,750000.5,,,,,1600 Atlas Peak Road - Real Estate Investment,"LOCATION: Napa/Napa, CA, US DESCRIPTION: Sale of Investment Property",20006683,1,https://disclosures-clerk.house.gov/public_disc/ptr-pdfs/2017/20006683.pdf
house:20006735:0,AAPL|2017-01-19|exercise|10000.0|90.0,exercise,2017-01-19,2017-02-14,26,spouse,purchase,AAPL,AAPL,,500001.0,1000000.0,750000.5,100.0,90.0,2017-01-20,10000.0,Apple Inc. (AAPL),"Exercised 100 call options (10,000 shares) expiring 1/20/17 at a strike price of $90",20006735,1,https://disclosures-clerk.house.gov/public_disc/ptr-pdfs/2017/20006735.pdf
house:20006735:1,AAPL|2017-01-20|sell_call|100.0|90.0,sell_call,2017-01-20,2017-02-14,25,spouse,sale,AAPL,AAPL,,250001.0,500000.0,375000.5,100.0,90.0,2017-01-20,,Apple Inc. (AAPL),Sale of 100 call options with a strike price of $90 and an expiration date of 1/20/17,20006735,1,https://disclosures-clerk.house.gov/public_disc/ptr-pdfs/2017/20006735.pdf
house:20006735:2,XYZ|2017-01-20|exercise|5000.0|8.0,exercise,2017-01-20,2017-02-14,25,spouse,purchase,SQ,XYZ,,15001.0,50000.0,32500.5,50.0,8.0,2017-01-20,5000.0,"Square, Inc. Class A (SQ)","Exercised 50 call options (5,000 shares) expiring 1/20/17 at a strike price of $8",20006735,1,https://disclosures-clerk.house.gov/public_disc/ptr-pdfs/2017/20006735.pdf
house:20007655:0,AAPL|2017-06-15|exercise|10000.0|80.0,exercise,2017-06-15,2017-07-20,35,spouse,purchase,AAPL,AAPL,,500001.0,1000000.0,750000.5,100.0,80.0,2017-06-16,10000.0,Apple Inc. (AAPL),"Exercised 100 call options (10,000 shares) expiring 6/16/17 at a strike price of $80",20007655,1,https://disclosures-clerk.house.gov/public_disc/ptr-pdfs/2017/20007655.pdf
house:20007655:1,BFET|2017-06-20|corp|-1.0|-1.0,corp,2017-06-20,2017-07-20,30,spouse,sale,BFET,BFET,,1001.0,15000.0,8000.5,,,,,BF Enterprises Common Stock New (BFET),Partial cash liquidation initiated by corporation.,20007655,1,https://disclosures-clerk.house.gov/public_disc/ptr-pdfs/2017/20007655.pdf
house:20008699:0,AAPL|2017-12-21|gift|1300.0|-1.0,gift,2017-12-21,2018-01-10,20,spouse,sale,AAPL,AAPL,,100001.0,250000.0,175000.5,,,,1300.0,Apple Inc. (AAPL),"Contribution of 1,300 shares held personally to Isolep Enterprises via transfer between brokerage accounts.",20008699,1,https://disclosures-clerk.house.gov/public_disc/ptr-pdfs/2018/20008699.pdf
house:20008699:4,V|2017-12-21|gift|1750.0|-1.0,gift,2017-12-21,2018-01-10,20,spouse,sale,V,V,,100001.0,250000.0,175000.5,,,,1750.0,Visa Inc. (V),"Contribution of 1,750 shares held personally to Isolep Enterprises via transfer between brokerage accounts.",20008699,1,https://disclosures-clerk.house.gov/public_disc/ptr-pdfs/2018/20008699.pdf
house:20008699:1,AAPL|2017-12-28|sell_stock|9000.0|-1.0,sell_stock,2017-12-28,2018-01-10,13,spouse,sale,AAPL,AAPL,,1000001.0,5000000.0,3000000.5,,,,9000.0,Apple Inc. (AAPL),"Sale of 9,000 shares",20008699,1,https://disclosures-clerk.house.gov/public_disc/ptr-pdfs/2018/20008699.pdf
house:20008699:3,V|2017-12-28|sell_stock|5000.0|-1.0,sell_stock,2017-12-28,2018-01-10,13,spouse,sale,V,V,,500001.0,1000000.0,750000.5,,,,5000.0,Visa Inc. (V),"Sale of 5,000 shares",20008699,1,https://disclosures-clerk.house.gov/public_disc/ptr-pdfs/2018/20008699.pdf
house:20008699:2,AAPL|2017-12-29|gift|2800.0|-1.0,gift,2017-12-29,2018-01-10,12,spouse,sale,AAPL,AAPL,,250001.0,500000.0,375000.5,,,,2800.0,Apple Inc. (AAPL),"Contribution of 2,800 shares held personally to the Paul & Nancy Pelosi Charitable Foundation via transfer between brokerage accounts.",20008699,1,https://disclosures-clerk.house.gov/public_disc/ptr-pdfs/2018/20008699.pdf
house:20009030:0,AAPL|2018-02-02|buy_call|50.0|140.0,buy_call,2018-02-02,2018-02-26,24,spouse,purchase,AAPL,AAPL,,100001.0,250000.0,175000.5,50.0,140.0,2018-09-21,,Apple Inc. (AAPL),Purchase of 50 call options with a strike price of $140 and an expiration date of 9/21/18.,20009030,1,https://disclosures-clerk.house.gov/public_disc/ptr-pdfs/2018/20009030.pdf
house:20009030:1,AAPL|2018-02-02|buy_call|50.0|130.0,buy_call,2018-02-02,2018-02-26,24,spouse,purchase,AAPL,AAPL,,100001.0,250000.0,175000.5,50.0,130.0,2018-09-21,,Apple Inc. (AAPL),Purchase of 50 call options with a strike price of $130 and an expiration date of 9/21/18.,20009030,1,https://disclosures-clerk.house.gov/public_disc/ptr-pdfs/2018/20009030.pdf
house:20009293:0,DBX|2018-03-27|buy_stock|10000.0|-1.0,buy_stock,2018-03-27,2018-04-16,20,spouse,purchase,DBX,DBX,,250001.0,500000.0,375000.5,,,,10000.0,"Dropbox, Inc. - Class A (DBX)","Purchase of 10,000 Shares",20009293,1,https://disclosures-clerk.house.gov/public_disc/ptr-pdfs/2018/20009293.pdf
house:20009481:0,AMZN|2018-07-27|buy_call|20.0|1700.0,buy_call,2018-07-27,2018-09-06,41,spouse,purchase,AMZN,AMZN,ST,500001.0,1000000.0,750000.5,20.0,1700.0,2020-01-17,,"Amazon.com, Inc. (AMZN) [ST]",Purchase of 20 call options with a strike price of $1700 and an expiration date of 1/17/20.,20009481,1,https://disclosures-clerk.house.gov/public_disc/ptr-pdfs/2018/20009481.pdf
house:20009481:1,META|2018-07-27|buy_call|20.0|150.0,buy_call,2018-07-27,2018-09-06,41,spouse,purchase,FB,META,ST,50001.0,100000.0,75000.5,20.0,150.0,2020-01-17,,"Facebook, Inc. - Class A (FB) [ST]",Purchase of 20 call options with a strike price of $150 and an expiration date of 1/17/20.,20009481,1,https://disclosures-clerk.house.gov/public_disc/ptr-pdfs/2018/20009481.pdf
house:20009481:2,"Mojo Networks, Inc. [PS]|2018-08-23|private|-1.0|-1.0",private,2018-08-23,2018-09-06,14,spouse,sale,,,PS,1001.0,15000.0,8000.5,,,,,"Mojo Networks, Inc. [PS]","Final cash distribution for preferred shares held resulting from Arista Networks, Inc. acquisition of Mojo Networks, Inc.",20009481,1,https://disclosures-clerk.house.gov/public_disc/ptr-pdfs/2018/20009481.pdf
house:20010452:0,AAPL|2018-09-11|buy_call|100.0|145.0,buy_call,2018-09-11,2018-10-25,44,spouse,purchase,AAPL,AAPL,ST,500001.0,1000000.0,750000.5,100.0,145.0,2020-06-19,,Apple Inc. (AAPL) [ST],Purchased 100 call options with a strike price of $145 and an expiration date of 6/19/20.,20010452,1,https://disclosures-clerk.house.gov/public_disc/ptr-pdfs/2018/20010452.pdf
house:20010452:1,AAPL|2018-09-20|exercise|5000.0|130.0,exercise,2018-09-20,2018-10-25,35,spouse,purchase,AAPL,AAPL,ST,500001.0,1000000.0,750000.5,50.0,130.0,2018-09-21,5000.0,Apple Inc. (AAPL) [ST],"Exercised 50 call options (5,000 shares) expiring 9/21/18 at a strike price of $130.",20010452,1,https://disclosures-clerk.house.gov/public_disc/ptr-pdfs/2018/20010452.pdf
house:20010452:2,AAPL|2018-09-20|exercise|5000.0|140.0,exercise,2018-09-20,2018-10-25,35,spouse,purchase,AAPL,AAPL,ST,500001.0,1000000.0,750000.5,50.0,140.0,2018-09-21,5000.0,Apple Inc. (AAPL) [ST],"Exercised 50 call options (5,000 shares) expiring 9/21/18 at a strike price of $140.",20010452,1,https://disclosures-clerk.house.gov/public_disc/ptr-pdfs/2018/20010452.pdf
house:20010631:2,META|2018-10-09|buy_call|30.0|140.0,buy_call,2018-10-09,2018-11-08,30,spouse,purchase,FB,META,ST,100001.0,250000.0,175000.5,30.0,140.0,2020-01-17,,"Facebook, Inc. - Class A (FB)",Purchased 30 call options with a strike price of $140 and an expiration date of 1/17/20.,20010631,1,https://disclosures-clerk.house.gov/public_disc/ptr-pdfs/2018/20010631.pdf
house:20010631:0,AMZN|2018-10-12|buy_call|30.0|1600.0,buy_call,2018-10-12,2018-11-08,27,spouse,purchase,AMZN,AMZN,ST,1000001.0,5000000.0,3000000.5,30.0,1600.0,2020-01-17,,"Amazon.com, Inc. (AMZN)",Purchased 30 call options with a strike price of $1600 and an expiration date of 1/17/20.,20010631,1,https://disclosures-clerk.house.gov/public_disc/ptr-pdfs/2018/20010631.pdf
house:20010631:1,T|2018-10-24|buy_stock|10000.0|-1.0,buy_stock,2018-10-24,2018-11-08,15,spouse,purchase,T,T,ST,250001.0,500000.0,375000.5,,,,10000.0,AT&T Inc. (T),"Purchased 10,000 shares.",20010631,1,https://disclosures-clerk.house.gov/public_disc/ptr-pdfs/2018/20010631.pdf
house:20011279:0,BFET|2019-02-07|corp|-1.0|-1.0,corp,2019-02-07,2019-03-11,32,spouse,sale,BFET,BFET,ST,1001.0,15000.0,8000.5,,,,,BF Enterprises Common Stock New (BFET),Final cash liquidation initiated by corporation.,20011279,1,https://disclosures-clerk.house.gov/public_disc/ptr-pdfs/2019/20011279.pdf
house:20011965:0,CRM|2019-06-14|buy_call|20.0|140.0,buy_call,2019-06-14,2019-07-11,27,spouse,purchase,CRM,CRM,OP,50001.0,100000.0,75000.5,20.0,140.0,2020-06-19,,Salesforce.com Inc (CRM),Purchased 20 call options with a strike price of $140 and an expiration date of 6/19/20.,20011965,1,https://disclosures-clerk.house.gov/public_disc/ptr-pdfs/2019/20011965.pdf
house:20011965:1,CRM|2019-06-18|buy_call|80.0|140.0,buy_call,2019-06-18,2019-07-11,23,spouse,purchase,CRM,CRM,OP,100001.0,250000.0,175000.5,80.0,140.0,2020-06-19,,Salesforce.com Inc (CRM),Purchased 80 call options with a strike price of $140 and an expiration date of 6/19/20.,20011965,1,https://disclosures-clerk.house.gov/public_disc/ptr-pdfs/2019/20011965.pdf
house:20012127:2,NFLX|2019-07-05|buy_call|20.0|250.0,buy_call,2019-07-05,2019-08-13,39,spouse,purchase,NFLX,NFLX,OP,250001.0,500000.0,375000.5,20.0,250.0,2020-06-19,,"Netflix, Inc. (NFLX)",Purchased 20 call options with a strike price of $250 and an expiration date of 6/19/20.,20012127,1,https://disclosures-clerk.house.gov/public_disc/ptr-pdfs/2019/20012127.pdf
house:20012127:0,AMZN|2019-07-22|buy_call|20.0|1700.0,buy_call,2019-07-22,2019-08-13,22,spouse,purchase,AMZN,AMZN,OP,500001.0,1000000.0,750000.5,20.0,1700.0,2020-01-17,,"Amazon.com, Inc. (AMZN)",Purchased 20 call options with a strike price of $1700 and an expiration date of 1/17/20.,20012127,1,https://disclosures-clerk.house.gov/public_disc/ptr-pdfs/2019/20012127.pdf
house:20012127:1,NFLX|2019-07-22|buy_call|30.0|250.0,buy_call,2019-07-22,2019-08-13,22,spouse,purchase,NFLX,NFLX,OP,100001.0,250000.0,175000.5,30.0,250.0,2020-06-19,,"Netflix, Inc. (NFLX)",Purchased 30 call options with a strike price of $250 and an expiration date of 6/19/20.,20012127,1,https://disclosures-clerk.house.gov/public_disc/ptr-pdfs/2019/20012127.pdf
house:20012127:3,"REOF XX, LLC|2019-07-22|private|-1.0|-1.0",private,2019-07-22,2019-08-13,22,spouse,purchase,,,AB,100001.0,250000.0,175000.5,,,,,"REOF XX, LLC","Investment in LLC which acquired five Courtyard by Marriott hotels located in Fairfax, VA (one), suburban Baltimore, MD (two), and San Antonio, TX (two).",20012127,1,https://disclosures-clerk.house.gov/public_disc/ptr-pdfs/2019/20012127.pdf
house:20012288:1,V|2019-08-07|sell_stock|1000.0|-1.0,sell_stock,2019-08-07,2019-09-18,42,spouse,sale,V,V,ST,100001.0,250000.0,175000.5,,,,1000.0,Visa Inc. (V),Description: Sale of 1.000 Shares,20012288,1,https://disclosures-clerk.house.gov/public_disc/ptr-pdfs/2019/20012288.pdf
house:20012288:0,"REOF XXI, LLC|2019-08-13|private|-1.0|-1.0",private,2019-08-13,2019-09-18,36,spouse,purchase,,,AB,250001.0,500000.0,375000.5,,,,,"REOF XXI, LLC",Description: Investment in LLC which is acquiring three unique office buildings with a common address of 222 Kearny Street in San Francisco.,20012288,1,https://disclosures-clerk.house.gov/public_disc/ptr-pdfs/2019/20012288.pdf
house:20015042:1,AMZN|2020-01-16|sell_call|20.0|1700.0,sell_call,2020-01-16,2020-02-11,26,spouse,sale,AMZN,AMZN,ST,250001.0,500000.0,375000.5,20.0,1700.0,2020-01-17,,"Amazon.com, Inc. (AMZN)","Sold 20 call options with a strike price of $1,700 and an expiration date of 1/17/20.","20015042,20016961",2,https://disclosures-clerk.house.gov/public_disc/ptr-pdfs/2020/20015042.pdf
house:20015042:0,AMZN|2020-01-16|exercise|3000.0|1600.0,exercise,2020-01-16,2020-02-11,26,spouse,purchase,AMZN,AMZN,ST,1000001.0,5000000.0,3000000.5,30.0,1600.0,2020-01-17,3000.0,"Amazon.com, Inc. (AMZN)","Exercised 30 call options (3,000 shares) expiring 1/17/20 at a strike price of $1600.",20015042,1,https://disclosures-clerk.house.gov/public_disc/ptr-pdfs/2020/20015042.pdf
house:20015042:2,AMZN|2020-01-16|sell_call|20.0|1600.0,sell_call,2020-01-16,2020-02-11,26,spouse,sale,AMZN,AMZN,ST,250001.0,500000.0,375000.5,20.0,1600.0,2020-01-17,,"Amazon.com, Inc. (AMZN)","Sold 20 call options with a strike price of $1,600 and an expiration date of 1/17/20.","20015042,20016961",2,https://disclosures-clerk.house.gov/public_disc/ptr-pdfs/2020/20015042.pdf
house:20015042:4,META|2020-01-16|exercise|2000.0|150.0,exercise,2020-01-16,2020-02-11,26,spouse,purchase,FB,META,ST,250001.0,500000.0,375000.5,20.0,150.0,2020-01-17,2000.0,"Facebook, Inc. - Class A (FB)","Exercised 20 call options (2,000 shares) expiring 1/17/20 at a strike price of $150.",20015042,1,https://disclosures-clerk.house.gov/public_disc/ptr-pdfs/2020/20015042.pdf
house:20015042:3,META|2020-01-16|exercise|3000.0|140.0,exercise,2020-01-16,2020-02-11,26,spouse,purchase,FB,META,ST,250001.0,500000.0,375000.5,30.0,140.0,2020-01-17,3000.0,"Facebook, Inc. - Class A (FB)","Exercised 30 call options (3,000 shares) expiring 1/17/20 at a strike price of $140.",20015042,1,https://disclosures-clerk.house.gov/public_disc/ptr-pdfs/2020/20015042.pdf
house:20016155:0,"REOF XX, LLC|2020-01-21|private|-1.0|-1.0",private,2020-01-21,2020-03-03,42,spouse,purchase,,,AB,50001.0,100000.0,75000.5,,,,,"REOF XX, LLC","Additional investment in LLC which acquired five Courtyard by Marriott hotels located in Fairfax, VA (one), suburban Baltimore, MD (two) and San Antonio, TX (two).",20016155,1,https://disclosures-clerk.house.gov/public_disc/ptr-pdfs/2020/20016155.pdf
house:20016340:2,MSFT|2020-02-20|buy_call|100.0|140.0,buy_call,2020-02-20,2020-04-01,41,spouse,purchase,MSFT,MSFT,OP,250001.0,500000.0,375000.5,100.0,140.0,2021-03-19,,Microsoft Corporation (MSFT),Purchased 100 call options with a strike price of $140 and an expiration date of 3/19/2021.,20016340,1,https://disclosures-clerk.house.gov/public_disc/ptr-pdfs/2020/20016340.pdf
house:20016340:4,WORK|2020-02-20|buy_stock|10000.0|-1.0,buy_stock,2020-02-20,2020-04-01,41,spouse,purchase,WORK,WORK,ST,250001.0,500000.0,375000.5,,,,10000.0,"Slack Technologies, Inc. Class A (WORK)","Purchased 10,000 shares.",20016340,1,https://disclosures-clerk.house.gov/public_disc/ptr-pdfs/2020/20016340.pdf
house:20016340:3,MSFT|2020-02-21|buy_call|100.0|130.0,buy_call,2020-02-21,2020-04-01,40,spouse,purchase,MSFT,MSFT,OP,500001.0,1000000.0,750000.5,100.0,130.0,2021-03-19,,Microsoft Corporation (MSFT),Purchased 100 call options with a strike price of $130 and an expiration date of 3/19/2021.,20016340,1,https://disclosures-clerk.house.gov/public_disc/ptr-pdfs/2020/20016340.pdf
house:20016340:0,GOOGL|2020-02-27|buy_call|40.0|1200.0,buy_call,2020-02-27,2020-04-01,34,spouse,purchase,GOOGL,GOOGL,OP,500001.0,1000000.0,750000.5,40.0,1200.0,2021-06-18,,Alphabet Inc. - Class A (GOOGL),Purchased 40 call options with a strike price of $1200 and an expiration date of 6/18/2021.,20016340,1,https://disclosures-clerk.house.gov/public_disc/ptr-pdfs/2020/20016340.pdf
house:20016340:1,MSFT|2020-02-28|buy_call|50.0|130.0,buy_call,2020-02-28,2020-04-01,33,spouse,purchase,MSFT,MSFT,OP,100001.0,250000.0,175000.5,50.0,130.0,2021-03-19,,Microsoft Corporation (MSFT),Purchased 50 call options with a strike price of $130 and an expiration date of 3/19/2021.,20016340,1,https://disclosures-clerk.house.gov/public_disc/ptr-pdfs/2020/20016340.pdf
house:20016726:6,"REOF XX, LLC|2020-04-28|private|-1.0|-1.0",private,2020-04-28,2020-06-09,42,spouse,purchase,,,AB,15001.0,50000.0,32500.5,,,,,"REOF XX, LLC","Additional investment in LLC which acquired five Courtyard by Marriott hotels located in Fairfax, VA (one), suburban Baltimore, MD (two) and San Antonio, TX (two).",20016726,1,https://disclosures-clerk.house.gov/public_disc/ptr-pdfs/2020/20016726.pdf
house:20016726:2,AAPL|2020-05-08|sell_stock|3300.0|-1.0,sell_stock,2020-05-08,2020-06-09,32,spouse,sale,AAPL,AAPL,ST,1000001.0,5000000.0,3000000.5,,,,3300.0,Apple Inc. (AAPL),"Sold 3,300 shares.",20016726,1,https://disclosures-clerk.house.gov/public_disc/ptr-pdfs/2020/20016726.pdf
house:20016726:1,AAPL|2020-05-08|sell_stock|3000.0|-1.0,sell_stock,2020-05-08,2020-06-09,32,spouse,sale,AAPL,AAPL,ST,500001.0,1000000.0,750000.5,,,,3000.0,Apple Inc. (AAPL),"Sold 3,000 shares.",20016726,1,https://disclosures-clerk.house.gov/public_disc/ptr-pdfs/2020/20016726.pdf
house:20016726:0,AAPL|2020-05-08|sell_stock|1700.0|-1.0,sell_stock,2020-05-08,2020-06-09,32,spouse,sale,AAPL,AAPL,ST,500001.0,1000000.0,750000.5,,,,1700.0,Apple Inc. (AAPL),"Sold 1,700 shares.",20016726,1,https://disclosures-clerk.house.gov/public_disc/ptr-pdfs/2020/20016726.pdf
house:20016726:3,META|2020-05-08|sell_stock|5000.0|-1.0,sell_stock,2020-05-08,2020-06-09,32,spouse,sale,FB,META,ST,1000001.0,5000000.0,3000000.5,,,,5000.0,"Facebook, Inc. - Class A (FB)","Sold 5,000 shares.",20016726,1,https://disclosures-clerk.house.gov/public_disc/ptr-pdfs/2020/20016726.pdf
house:20016726:4,IBKR|2020-05-08|sell_stock|3000.0|-1.0,sell_stock,2020-05-08,2020-06-09,32,spouse,sale,IBKR,IBKR,ST,100001.0,250000.0,175000.5,,,,3000.0,"Interactive Brokers Group, Inc. - Class A (IBKR)","Sold 3,000 shares.",20016726,1,https://disclosures-clerk.house.gov/public_disc/ptr-pdfs/2020/20016726.pdf
house:20016726:5,MORN|2020-05-08|sell_stock|1700.0|-1.0,sell_stock,2020-05-08,2020-06-09,32,spouse,sale,MORN,MORN,ST,100001.0,250000.0,175000.5,,,,1700.0,"Morningstar, Inc. (MORN)","Sold 1,700 shares.",20016726,1,https://disclosures-clerk.house.gov/public_disc/ptr-pdfs/2020/20016726.pdf
house:20016726:8,V|2020-05-08|sell_stock|3000.0|-1.0,sell_stock,2020-05-08,2020-06-09,32,spouse,sale,V,V,ST,500001.0,1000000.0,750000.5,,,,3000.0,Visa Inc. (V),"Sold 3,000 shares.",20016726,1,https://disclosures-clerk.house.gov/public_disc/ptr-pdfs/2020/20016726.pdf
house:20016961:5,PYPL|2020-06-12|buy_stock|5000.0|-1.0,buy_stock,2020-06-12,2020-07-20,38,spouse,purchase,PYPL,PYPL,ST,500001.0,1000000.0,750000.5,,,,5000.0,"PayPal Holdings, Inc. (PYPL)","Purchased 5,000 shares.",20016961,1,https://disclosures-clerk.house.gov/public_disc/ptr-pdfs/2020/20016961.pdf
house:20016961:3,AAPL|2020-06-18|sell_call|100.0|145.0,sell_call,2020-06-18,2020-07-20,32,spouse,sale,AAPL,AAPL,OP,1000001.0,5000000.0,3000000.5,100.0,145.0,2020-06-19,,Apple Inc. (AAPL),Sold 100 call options with a strike price of $145 and an expiration date of 6/19/2020.,20016961,1,https://disclosures-clerk.house.gov/public_disc/ptr-pdfs/2020/20016961.pdf
house:20016961:8,CRM|2020-06-18|exercise|10000.0|140.0,exercise,2020-06-18,2020-07-20,32,spouse,purchase,CRM,CRM,ST,1000001.0,5000000.0,3000000.5,100.0,140.0,2020-06-19,10000.0,Salesforce.com Inc (CRM),"Exercised 100 call options (10,000 shares) expiring 6/19/2020 at a strike price of $140.",20016961,1,https://disclosures-clerk.house.gov/public_disc/ptr-pdfs/2020/20016961.pdf
house:20016961:4,NFLX|2020-06-18|exercise|5000.0|250.0,exercise,2020-06-18,2020-07-20,32,spouse,purchase,NFLX,NFLX,ST,1000001.0,5000000.0,3000000.5,50.0,250.0,2020-06-19,5000.0,"Netflix, Inc. (NFLX)","Exercised 50 call options (5,000 shares) expiring 6/19/2020 at a strike price of $250.",20016961,1,https://disclosures-clerk.house.gov/public_disc/ptr-pdfs/2020/20016961.pdf
house:20016961:2,AXP|2020-06-24|buy_call|50.0|80.0,buy_call,2020-06-24,2020-07-20,26,spouse,purchase,AXP,AXP,OP,100001.0,250000.0,175000.5,50.0,80.0,2022-01-21,,American Express Company (AXP),Purchased 50 call options with a strike price of $80 and an expiration date of 1/21/2022.,20016961,1,https://disclosures-clerk.house.gov/public_disc/ptr-pdfs/2020/20016961.pdf
house:20016961:7,PYPL|2020-06-24|buy_call|50.0|100.0,buy_call,2020-06-24,2020-07-20,26,spouse,purchase,PYPL,PYPL,OP,250001.0,500000.0,375000.5,50.0,100.0,2022-01-21,,"PayPal Holdings, Inc. (PYPL)",Purchased 50 call options with a strike price of $100 and an expiration date of 1/21/2022.,20016961,1,https://disclosures-clerk.house.gov/public_disc/ptr-pdfs/2020/20016961.pdf
house:20017123:0,META|2020-08-07|gift|5000.0|-1.0,gift,2020-08-07,2020-09-03,27,spouse,sale,FB,META,ST,1000001.0,5000000.0,3000000.5,,,,5000.0,"Facebook, Inc. - Class A (FB)","Contribution of 5,000 shares held personally to The Paul & Nancy Pelosi Charitable Foundation via transfer between brokerage accounts.",20017123,1,https://disclosures-clerk.house.gov/public_disc/ptr-pdfs/2020/20017123.pdf
house:20017460:0,CRWD|2020-09-03|buy_stock|5000.0|-1.0,buy_stock,2020-09-03,2020-10-04,31,spouse,purchase,CRWD,CRWD,ST,500001.0,1000000.0,750000.5,,,,5000.0,"CrowdStrike Holdings, Inc. - Class A (CRWD)","Purchased 5,000 shares.",20017460,1,https://disclosures-clerk.house.gov/public_disc/ptr-pdfs/2020/20017460.pdf
house:20017834:1,"REOF XX, LLC|2020-11-05|private|-1.0|-1.0",private,2020-11-05,2020-12-10,35,spouse,purchase,,,AB,15001.0,50000.0,32500.5,,,,,"REOF XX, LLC","Additional investment in LLC which acquired five Courtyard by Marriott hotels located in Fairfax, VA (one), suburban Baltimore, MD (two) and San Antonio, TX (two).",20017834,1,https://disclosures-clerk.house.gov/public_disc/ptr-pdfs/2020/20017834.pdf
house:20017834:0,AAPL|2020-11-06|gift|4500.0|-1.0,gift,2020-11-06,2020-12-10,34,spouse,sale,AAPL,AAPL,ST,500001.0,1000000.0,750000.5,,,,4500.0,Apple Inc. (AAPL),"Contribution of 4,500 shares held personally to the Paul F. Pelosi Endowed Fund at Georgetown University.",20017834,1,https://disclosures-clerk.house.gov/public_disc/ptr-pdfs/2020/20017834.pdf
house:20018011:1,AAPL|2020-12-22|buy_call|100.0|100.0,buy_call,2020-12-22,2021-01-21,30,spouse,purchase,AAPL,AAPL,OP,250001.0,500000.0,375000.5,100.0,100.0,2022-01-21,,Apple Inc. (AAPL) [OP],Purchased 100 call options with a strike price of $100 and an expiration date of 1/21/22.,20018011,1,https://disclosures-clerk.house.gov/public_disc/ptr-pdfs/2021/20018011.pdf
house:20018011:0,AB|2020-12-22|buy_stock|20000.0|-1.0,buy_stock,2020-12-22,2021-01-21,30,spouse,purchase,AB,AB,ST,500001.0,1000000.0,750000.5,,,,20000.0,AllianceBernstein Holding L.P. Units (AB) [ST],"Purchased 20,000 shares.","20018011,20018539",2,https://disclosures-clerk.house.gov/public_disc/ptr-pdfs/2021/20018011.pdf
house:20018011:3,DIS|2020-12-22|buy_call|100.0|100.0,buy_call,2020-12-22,2021-01-21,30,spouse,purchase,DIS,DIS,OP,500001.0,1000000.0,750000.5,100.0,100.0,2022-01-21,,Walt Disney Company (DIS) [OP],Purchased 100 call options with a strike price of $100 and an expiration date of 1/21/22.,20018011,1,https://disclosures-clerk.house.gov/public_disc/ptr-pdfs/2021/20018011.pdf
house:20018011:2,TSLA|2020-12-22|buy_call|25.0|500.0,buy_call,2020-12-22,2021-01-21,30,spouse,purchase,TSLA,TSLA,OP,500001.0,1000000.0,750000.5,25.0,500.0,2022-03-18,,"Tesla, Inc. (TSLA) [OP]",Purchased 25 call options with a strike price of $500 and an expiration date of 3/18/22.,20018011,1,https://disclosures-clerk.house.gov/public_disc/ptr-pdfs/2021/20018011.pdf
house:20018355:0,AB|2021-02-18|buy_stock|15000.0|-1.0,buy_stock,2021-02-18,2021-03-09,19,spouse,purchase,AB,AB,ST,500001.0,1000000.0,750000.5,,,,15000.0,AllianceBernstein Holding L.P. Units (AB),"Purchased 15,000 shares.","20018355,20018539",2,https://disclosures-clerk.house.gov/public_disc/ptr-pdfs/2021/20018355.pdf
house:20018355:1,AB|2021-02-23|buy_stock|25000.0|-1.0,buy_stock,2021-02-23,2021-03-09,14,spouse,purchase,AB,AB,ST,500001.0,1000000.0,750000.5,,,,25000.0,AllianceBernstein Holding L.P. Units (AB),"Purchased 25,000 shares.","20018355,20018539",2,https://disclosures-clerk.house.gov/public_disc/ptr-pdfs/2021/20018355.pdf
house:20018539:5,RBLX|2021-03-10|buy_stock|10000.0|-1.0,buy_stock,2021-03-10,2021-04-09,30,spouse,purchase,RBLX,RBLX,OT,500001.0,1000000.0,750000.5,,,,10000.0,Roblox Corporation,"Purchased 10,000 shares.",20018539,1,https://disclosures-clerk.house.gov/public_disc/ptr-pdfs/2021/20018539.pdf
house:20018539:3,MSFT|2021-03-19|exercise|15000.0|130.0,exercise,2021-03-19,2021-04-09,21,spouse,purchase,MSFT,MSFT,ST,1000001.0,5000000.0,3000000.5,150.0,130.0,2021-03-19,15000.0,Microsoft Corporation (MSFT),"Exercised 150 call options (15,000 shares) expiring 3/19/2021 at a strike price of $130.",20018539,1,https://disclosures-clerk.house.gov/public_disc/ptr-pdfs/2021/20018539.pdf
house:20018539:4,MSFT|2021-03-19|exercise|10000.0|140.0,exercise,2021-03-19,2021-04-09,21,spouse,purchase,MSFT,MSFT,ST,1000001.0,5000000.0,3000000.5,100.0,140.0,2021-03-19,10000.0,Microsoft Corporation (MSFT),"Exercised 100 call options (10,000 shares) expiring 3/19/2021 at a strike price of $140.",20018539,1,https://disclosures-clerk.house.gov/public_disc/ptr-pdfs/2021/20018539.pdf
house:20019004:2,AAPL|2021-05-21|buy_call|50.0|100.0,buy_call,2021-05-21,2021-07-02,42,spouse,purchase,AAPL,AAPL,OP,100001.0,250000.0,175000.5,50.0,100.0,2022-06-17,,Apple Inc. (AAPL),Purchased 50 call options with a strike price of $100 and an expiration date of 6/17/22.,20019004,1,https://disclosures-clerk.house.gov/public_disc/ptr-pdfs/2021/20019004.pdf
house:20019004:1,AMZN|2021-05-21|buy_call|20.0|3000.0,buy_call,2021-05-21,2021-07-02,42,spouse,purchase,AMZN,AMZN,OP,500001.0,1000000.0,750000.5,20.0,3000.0,2022-06-17,,"Amazon.com, Inc. (AMZN)","Purchased 20 call options with a strike price of $3,000 and an expiration date of 6/17/22.",20019004,1,https://disclosures-clerk.house.gov/public_disc/ptr-pdfs/2021/20019004.pdf
house:20019004:3,NVDA|2021-06-03|buy_call|50.0|400.0,buy_call,2021-06-03,2021-07-02,29,spouse,purchase,NVDA,NVDA,OP,1000001.0,5000000.0,3000000.5,50.0,400.0,2022-06-17,,NVIDIA Corporation (NVDA),Purchased 50 call options with a strike price of $400 and an expiration date of 6/17/22.,20019004,1,https://disclosures-clerk.house.gov/public_disc/ptr-pdfs/2021/20019004.pdf
house:20019004:0,GOOGL|2021-06-18|exercise|4000.0|1200.0,exercise,2021-06-18,2021-07-02,14,spouse,purchase,GOOGL,GOOGL,ST,1000001.0,5000000.0,3000000.5,40.0,1200.0,2021-06-18,4000.0,Alphabet Inc. - Class A (GOOGL),"Exercised 40 call options (4,000 shares) expiring 6/18/21 at a strike price of $1200.",20019004,1,https://disclosures-clerk.house.gov/public_disc/ptr-pdfs/2021/20019004.pdf
house:20019331:2,"REOF XXII, LLC|2021-07-13|private|-1.0|-1.0",private,2021-07-13,2021-08-20,38,spouse,purchase,,,AB,250001.0,500000.0,375000.5,,,,,"REOF XXII, LLC","Investment in LLC which is acquiring eleven Marriott-branded hotels (Rogers, AR - 1, Phoenix, AZ - 1, Lakeland, FL -1, Albany, GA - 1, Andover, MA - 1, Fayetteville, NC - 1, Greenville, SC - 1, Johnson City, TN - 1, Beaumont, TX - 1, Richmond, VA - 1, Vancouver, WA - 1) and nine Hilton-branded hotels (Montgomery, AL -2, Schaumberg, IL -1, Jackson, TN - 1, Allen, TX -2, Burleson, TX - 1, El Paso, TX - 1, Irving, TX - 1).",20019331,1,https://disclosures-clerk.house.gov/public_disc/ptr-pdfs/2021/20019331.pdf
house:20019331:3,WORK|2021-07-22|corp|10000.0|-1.0,corp,2021-07-22,2021-08-20,29,spouse,sale,WORK,WORK,ST,250001.0,500000.0,375000.5,,,,10000.0,"Slack Technologies, Inc. Class A (WORK)","10,000 shares of Slack Technologies Inc. exchanged for 776 shares of Salesforce.com Inc. as a result of a merger, with a cash payout of $267,900.",20019331,1,https://disclosures-clerk.house.gov/public_disc/ptr-pdfs/2021/20019331.pdf
house:20019331:1,NVDA|2021-07-23|buy_call|50.0|100.0,buy_call,2021-07-23,2021-08-20,28,spouse,purchase,NVDA,NVDA,OP,250001.0,500000.0,375000.5,50.0,100.0,2022-09-16,,NVIDIA Corporation (NVDA),Purchased 50 call options with a strike price of $100 and an expiration date of 9/16/22.,20019331,1,https://disclosures-clerk.house.gov/public_disc/ptr-pdfs/2021/20019331.pdf
house:20019331:0,NVDA|2021-07-23|buy_stock|5000.0|-1.0,buy_stock,2021-07-23,2021-08-20,28,spouse,purchase,NVDA,NVDA,ST,500001.0,1000000.0,750000.5,,,,5000.0,NVIDIA Corporation (NVDA),"Purchased 5,000 shares.",20019331,1,https://disclosures-clerk.house.gov/public_disc/ptr-pdfs/2021/20019331.pdf
house:20020106:6,DIS|2021-12-17|buy_call|50.0|130.0,buy_call,2021-12-17,2021-12-29,12,spouse,purchase,DIS,DIS,OP,100001.0,250000.0,175000.5,50.0,130.0,2022-09-16,,Walt Disney Company (DIS),Purchased 50 call options with a strike price of $130 and an expiration date of 9/16/22.,20020106,1,https://disclosures-clerk.house.gov/public_disc/ptr-pdfs/2021/20020106.pdf
house:20020106:0,GOOG|2021-12-17|buy_call|10.0|2000.0,buy_call,2021-12-17,2021-12-29,12,spouse,purchase,GOOG,GOOG,OP,500001.0,1000000.0,750000.5,10.0,2000.0,2022-09-16,,Alphabet Inc. - Class C Capital Stock (GOOG),Purchased 10 call options with a strike price of $2000 and an expiration date of 9/16/22.,20020106,1,https://disclosures-clerk.house.gov/public_disc/ptr-pdfs/2021/20020106.pdf
house:20020106:4,CRM|2021-12-20|buy_call|100.0|210.0,buy_call,2021-12-20,2021-12-29,9,spouse,purchase,CRM,CRM,OP,500001.0,1000000.0,750000.5,100.0,210.0,2023-01-20,,Salesforce.com Inc (CRM),Purchased 100 call options with a strike price of $210 and an expiration date of 1/20/23.,20020106,1,https://disclosures-clerk.house.gov/public_disc/ptr-pdfs/2021/20020106.pdf
house:20020106:5,CRM|2021-12-20|buy_call|30.0|210.0,buy_call,2021-12-20,2021-12-29,9,spouse,purchase,CRM,CRM,OP,100001.0,250000.0,175000.5,30.0,210.0,2023-01-20,,Salesforce.com Inc (CRM),Purchased 30 call options with a strike price of $210 and an expiration date of 1/20/23.,20020106,1,https://disclosures-clerk.house.gov/public_disc/ptr-pdfs/2021/20020106.pdf
house:20020106:3,RBLX|2021-12-20|buy_call|100.0|100.0,buy_call,2021-12-20,2021-12-29,9,spouse,purchase,RBLX,RBLX,OP,250001.0,500000.0,375000.5,100.0,100.0,2023-01-20,,Roblox Corporation Class A (RBLX),Purchased 100 call options with a strike price of $100 and an expiration date of 1/20/23.,20020106,1,https://disclosures-clerk.house.gov/public_disc/ptr-pdfs/2021/20020106.pdf
house:20020106:1,MU|2021-12-21|buy_call|100.0|50.0,buy_call,2021-12-21,2021-12-29,8,spouse,purchase,MU,MU,OP,250001.0,500000.0,375000.5,100.0,50.0,2022-09-16,,"Micron Technology, Inc. (MU)",Purchased 100 call options with a strike price of $50 and an expiration date of 9/16/22.,20020106,1,https://disclosures-clerk.house.gov/public_disc/ptr-pdfs/2021/20020106.pdf
house:20020106:2,"REOF XX, LLC|2021-12-22|private|-1.0|-1.0",private,2021-12-22,2021-12-29,7,spouse,purchase,,,AB,50001.0,100000.0,75000.5,,,,,"REOF XX, LLC","Additional investment in LLC which acquired five Courtyard by Marriott hotels located in Fairfax, VA (one), suburban Baltimore, MD (two) and San Antonio, TX (two).",20020106,1,https://disclosures-clerk.house.gov/public_disc/ptr-pdfs/2021/20020106.pdf
house:20020208:0,AAPL|2021-12-30|gift|3000.0|-1.0,gift,2021-12-30,2022-01-12,13,spouse,sale,AAPL,AAPL,ST,500001.0,1000000.0,750000.5,,,,3000.0,Apple Inc. (AAPL),"Contribution of 3,000 shares held personally to the Paul F. Pelosi Endowed Fund at Georgetown University.",20020208,1,https://disclosures-clerk.house.gov/public_disc/ptr-pdfs/2022/20020208.pdf
house:20020515:2,AAPL|2022-01-21|exercise|10000.0|100.0,exercise,2022-01-21,2022-02-28,38,spouse,purchase,AAPL,AAPL,ST,1000001.0,5000000.0,3000000.5,100.0,100.0,2022-01-21,10000.0,Apple Inc. (AAPL),"Exercised 100 call options (10,000 shares) expiring 1/21/22 at a strike price of $100.",20020515,1,https://disclosures-clerk.house.gov/public_disc/ptr-pdfs/2022/20020515.pdf
house:20020515:1,AXP|2022-01-21|exercise|5000.0|80.0,exercise,2022-01-21,2022-02-28,38,spouse,purchase,AXP,AXP,ST,250001.0,500000.0,375000.5,50.0,80.0,2022-01-21,5000.0,American Express Company (AXP),"Exercised 50 call options (5,000 shares) expiring 1/21/22 at a strike price of $80.",20020515,1,https://disclosures-clerk.house.gov/public_disc/ptr-pdfs/2022/20020515.pdf
house:20020515:4,DIS|2022-01-21|exercise|10000.0|100.0,exercise,2022-01-21,2022-02-28,38,spouse,purchase,DIS,DIS,ST,1000001.0,5000000.0,3000000.5,100.0,100.0,2022-01-21,10000.0,Walt Disney Company (DIS),"Exercised 100 call options (10,000 shares) expiring 1/21/22 at a strike price of $100.",20020515,1,https://disclosures-clerk.house.gov/public_disc/ptr-pdfs/2022/20020515.pdf
house:20020515:3,PYPL|2022-01-21|exercise|5000.0|100.0,exercise,2022-01-21,2022-02-28,38,spouse,purchase,PYPL,PYPL,ST,500001.0,1000000.0,750000.5,50.0,100.0,2022-01-21,5000.0,"PayPal Holdings, Inc. (PYPL)","Exercised 50 call options (5,000 shares) expiring 1/21/22 at a strike price of $100.",20020515,1,https://disclosures-clerk.house.gov/public_disc/ptr-pdfs/2022/20020515.pdf
house:20020515:0,AB|2022-01-27|buy_stock|10000.0|-1.0,buy_stock,2022-01-27,2022-02-28,32,spouse,purchase,AB,AB,OL,250001.0,500000.0,375000.5,,,,10000.0,AllianceBernstein Holding L.P. Units (AB),"Purchased 10,000 units in a global asset management firm providing investment management and research services worldwide to institutional, high-net-worth and retail investors.",20020515,1,https://disclosures-clerk.house.gov/public_disc/ptr-pdfs/2022/20020515.pdf
house:20020662:0,TSLA|2022-03-17|exercise|2500.0|500.0,exercise,2022-03-17,2022-03-21,4,spouse,purchase,TSLA,TSLA,ST,1000001.0,5000000.0,3000000.5,25.0,500.0,2022-03-18,2500.0,"Tesla, Inc. (TSLA)","Exercised 25 call options (2,500 shares) expiring 3/18/22 at a strike price of $500.",20020662,1,https://disclosures-clerk.house.gov/public_disc/ptr-pdfs/2022/20020662.pdf
house:20020916:0,WBD|2022-04-11|corp|2419.0|-1.0,corp,2022-04-11,2022-05-03,22,spouse,exchange,WBD,WBD,ST,50001.0,100000.0,75000.5,,,,2419.0,"Warner Bros. Discovery, Inc. - Series A (WBD)",2419 shares received as the result of a spinoff of AT&T (T) shares held.,20020916,1,https://disclosures-clerk.house.gov/public_disc/ptr-pdfs/2022/20020916.pdf
house:20021142:0,AAPL|2022-05-13|buy_call|100.0|80.0,buy_call,2022-05-13,2022-06-03,21,spouse,purchase,AAPL,AAPL,OP,500001.0,1000000.0,750000.5,100.0,80.0,2023-03-17,,Apple Inc. (AAPL) [OP],Purchased 100 call options with a strike price of $80 and an expiration date of 3/17/23.,20021142,1,https://disclosures-clerk.house.gov/public_disc/ptr-pdfs/2022/20021142.pdf
house:20021142:1,AAPL|2022-05-24|buy_call|50.0|80.0,buy_call,2022-05-24,2022-06-03,10,spouse,purchase,AAPL,AAPL,OP,250001.0,500000.0,375000.5,50.0,80.0,2023-06-16,,Apple Inc. (AAPL) [OP],Purchased 50 call options with a strike price of $80 and an expiration date of 6/16/23.,20021142,1,https://disclosures-clerk.house.gov/public_disc/ptr-pdfs/2022/20021142.pdf
house:20021142:3,MSFT|2022-05-24|buy_call|40.0|180.0,buy_call,2022-05-24,2022-06-03,10,spouse,purchase,MSFT,MSFT,OP,250001.0,500000.0,375000.5,40.0,180.0,2023-06-16,,Microsoft Corporation (MSFT) [OP],Purchased 40 call options with a strike price of $180 and an expiration date of 6/16/23.,20021142,1,https://disclosures-clerk.house.gov/public_disc/ptr-pdfs/2022/20021142.pdf
house:20021142:2,MSFT|2022-05-24|buy_call|10.0|180.0,buy_call,2022-05-24,2022-06-03,10,spouse,purchase,MSFT,MSFT,OP,50001.0,100000.0,75000.5,10.0,180.0,2023-06-16,,Microsoft Corporation (MSFT) [OP],Purchased 10 call options with a strike price of $180 and an expiration date of 6/16/23.,20021142,1,https://disclosures-clerk.house.gov/public_disc/ptr-pdfs/2022/20021142.pdf
house:20021374:0,AAPL|2022-06-17|sell_call|50.0|100.0,sell_call,2022-06-17,2022-07-14,27,spouse,sale,AAPL,AAPL,OP,100001.0,250000.0,175000.5,50.0,100.0,2022-06-17,,Apple Inc. (AAPL),Sold 50 call options with a strike price of $100 and an expiration date of 6/17/22.,20021374,1,https://disclosures-clerk.house.gov/public_disc/ptr-pdfs/2022/20021374.pdf
house:20021374:1,NVDA|2022-06-17|exercise|20000.0|100.0,exercise,2022-06-17,2022-07-14,27,spouse,purchase,NVDA,NVDA,ST,1000001.0,5000000.0,3000000.5,200.0,100.0,2022-06-17,20000.0,NVIDIA Corporation (NVDA),"Exercised 200 call options (20,000 shares) expiring 6/17/22 at a strike price of $100.",20021374,1,https://disclosures-clerk.house.gov/public_disc/ptr-pdfs/2022/20021374.pdf
house:20021374:2,V|2022-06-21|sell_stock|10000.0|-1.0,sell_stock,2022-06-21,2022-07-14,23,spouse,sale,V,V,ST,1000001.0,5000000.0,3000000.5,,,,10000.0,Visa Inc. (V),"Sold 10,000 shares.",20021374,1,https://disclosures-clerk.house.gov/public_disc/ptr-pdfs/2022/20021374.pdf
house:20021438:0,NVDA|2022-07-26|sell_stock|25000.0|-1.0,sell_stock,2022-07-26,2022-07-26,0,spouse,sale,NVDA,NVDA,ST,1000001.0,5000000.0,3000000.5,,,,25000.0,NVIDIA Corporation (NVDA),"Sold 25,000 shares. Sold 25,000 shares at an average price of $165.05 for a total loss of $341,365.",20021438,1,https://disclosures-clerk.house.gov/public_disc/ptr-pdfs/2022/20021438.pdf
house:20021675:0,"REOF XX, LLC|2022-08-24|private|-1.0|-1.0",private,2022-08-24,2022-09-09,16,spouse,purchase,,,AB,15001.0,50000.0,32500.5,,,,,"REOF XX, LLC","Additional investment in LLC which acquired five Courtyard by Marriott hotels located in Fairfax, VA (one), suburban Baltimore, MD (two) and San Antonio, TX (two).",20021675,1,https://disclosures-clerk.house.gov/public_disc/ptr-pdfs/2022/20021675.pdf
house:20021837:3,DIS|2022-09-16|sell_call|50.0|130.0,sell_call,2022-09-16,2022-10-14,28,spouse,sale,DIS,DIS,OP,1.0,1.0,,50.0,130.0,2022-09-16,,Walt Disney Company (DIS),"50 call options purchased 12/17/21 with a strike price of $130 and an expiration date of 9/16/22 expired with no value. 50 call options purchased 12/17/21 with a strike price of $130 and an expiration date of 9/16/22 expired with no value for a total loss of $132,824.",20021837,1,https://disclosures-clerk.house.gov/public_disc/ptr-pdfs/2022/20021837.pdf
house:20021837:0,GOOG|2022-09-16|exercise|20000.0|100.0,exercise,2022-09-16,2022-10-14,28,spouse,purchase,GOOG,GOOG,ST,1000001.0,5000000.0,3000000.5,200.0,100.0,2022-09-16,20000.0,Alphabet Inc. - Class C Capital Stock (GOOG),"Exercised 200 call options purchased 12/17/21 (20,000 shares) at a strike price of $100 with an expiration date of 9/16/22.",20021837,1,https://disclosures-clerk.house.gov/public_disc/ptr-pdfs/2022/20021837.pdf
house:20021837:1,MU|2022-09-16|sell_call|10000.0|50.0,sell_call,2022-09-16,2022-10-14,28,spouse,sale,MU,MU,OP,15001.0,50000.0,32500.5,100.0,50.0,2022-09-16,10000.0,"Micron Technology, Inc. (MU)","Sold 100 call options purchased 12/21/21 with a strike price of $50 and an expiration date of 9/16/22. Sold 100 call options purchased 12/21/21 (10,000 shares) at a price of $1.84 per share for a total loss of $392,575.",20021837,1,https://disclosures-clerk.house.gov/public_disc/ptr-pdfs/2022/20021837.pdf
house:20021837:2,NVDA|2022-09-16|sell_call|5000.0|100.0,sell_call,2022-09-16,2022-10-14,28,spouse,sale,NVDA,NVDA,OP,100001.0,250000.0,175000.5,50.0,100.0,2022-09-16,5000.0,NVIDIA Corporation (NVDA),"Sold 50 call options purchased 7/23/21 with a strike price of $100 and an expiration date of 9/16/22. Sold 50 call options purchased 7/23/21 (5,000 shares) at a price of $26.86 per share for a total loss of $361,476.",20021837,1,https://disclosures-clerk.house.gov/public_disc/ptr-pdfs/2022/20021837.pdf
house:20022063:0,V|2022-11-08|sell_stock|20000.0|-1.0,sell_stock,2022-11-08,2022-11-30,22,spouse,sale,V,V,ST,1000001.0,5000000.0,3000000.5,,,,20000.0,Visa Inc. (V) [ST],"Sold 20,000 shares.",20022063,1,https://disclosures-clerk.house.gov/public_disc/ptr-pdfs/2022/20022063.pdf
house:20022260:10,CRM|2022-12-20|sell_call|13000.0|210.0,sell_call,2022-12-20,2023-01-12,23,spouse,sale,CRM,CRM,OP,9.0,9.0,,130.0,210.0,2023-01-20,13000.0,"Salesforce, Inc. (CRM)","Sold 130 call options purchased 12/20/21 with a strike price of $210 and an expiration date of 1/20/23. Sold 130 call options purchased 12/20/21 (13,000 shares) at a price of $0.01 per share for a total loss of $733,691.",20022260,1,https://disclosures-clerk.house.gov/public_disc/ptr-pdfs/2023/20022260.pdf
house:20022260:2,GOOGL|2022-12-20|sell_stock|10000.0|-1.0,sell_stock,2022-12-20,2023-01-12,23,spouse,sale,GOOGL,GOOGL,ST,500001.0,1000000.0,750000.5,,,,10000.0,Alphabet Inc. - Class A (GOOGL),"Sold 10,000 shares.",20022260,1,https://disclosures-clerk.house.gov/public_disc/ptr-pdfs/2023/20022260.pdf
house:20022260:11,TSLA|2022-12-20|sell_stock|5000.0|-1.0,sell_stock,2022-12-20,2023-01-12,23,spouse,sale,TSLA,TSLA,ST,500001.0,1000000.0,750000.5,,,,5000.0,"Tesla, Inc. (TSLA)","Sold 5,000 shares. Sold 5,000 shares at an average price of $140.38 for a total loss of $511,197.",20022260,1,https://disclosures-clerk.house.gov/public_disc/ptr-pdfs/2023/20022260.pdf
house:20022260:12,DIS|2022-12-21|sell_stock|10000.0|-1.0,sell_stock,2022-12-21,2023-01-12,22,spouse,sale,DIS,DIS,ST,500001.0,1000000.0,750000.5,,,,10000.0,Walt Disney Company (DIS),"Sold 10,000 shares. Sold 10,000 shares at an average price of $87.58 for a total loss of $114,138.",20022260,1,https://disclosures-clerk.house.gov/public_disc/ptr-pdfs/2023/20022260.pdf
house:20022260:3,GOOGL|2022-12-21|sell_stock|10000.0|-1.0,sell_stock,2022-12-21,2023-01-12,22,spouse,sale,GOOGL,GOOGL,ST,500001.0,1000000.0,750000.5,,,,10000.0,Alphabet Inc. - Class A (GOOGL),"Sold 10,000 shares.",20022260,1,https://disclosures-clerk.house.gov/public_disc/ptr-pdfs/2023/20022260.pdf
house:20022260:6,PYPL|2022-12-21|sell_stock|5000.0|-1.0,sell_stock,2022-12-21,2023-01-12,22,spouse,sale,PYPL,PYPL,ST,250001.0,500000.0,375000.5,,,,5000.0,"PayPal Holdings, Inc. (PYPL)","Sold 5,000 shares. Sold 5,000 shares at an average price of $69.10 for a total loss of $424,313.",20022260,1,https://disclosures-clerk.house.gov/public_disc/ptr-pdfs/2023/20022260.pdf
house:20022260:8,"REOF XX, LLC|2022-12-27|private|-1.0|-1.0",private,2022-12-27,2023-01-12,16,spouse,purchase,,,AB,15001.0,50000.0,32500.5,,,,,"REOF XX, LLC","Additional investment in LLC which acquired five Courtyard by Marriott hotels located in Fairfax, VA (one), suburban Baltimore, MD (two) and San Antonio, TX (two).",20022260,1,https://disclosures-clerk.house.gov/public_disc/ptr-pdfs/2023/20022260.pdf
house:20022260:0,AB|2022-12-28|sell_stock|20000.0|-1.0,sell_stock,2022-12-28,2023-01-12,15,spouse,sale,AB,AB,OL,500001.0,1000000.0,750000.5,,,,20000.0,Alliance Bernstein Holding L.P. Units,"Sold 20,000 shares. Sold 20,000 shares at an average price of $32.95 for a total loss of $11,510.",20022260,1,https://disclosures-clerk.house.gov/public_disc/ptr-pdfs/2023/20022260.pdf
house:20022260:1,GOOGL|2022-12-28|sell_stock|10000.0|-1.0,sell_stock,2022-12-28,2023-01-12,15,spouse,sale,GOOGL,GOOGL,ST,500001.0,1000000.0,750000.5,,,,10000.0,Alphabet Inc. - Class A (GOOGL),"Sold 10,000 shares.",20022260,1,https://disclosures-clerk.house.gov/public_disc/ptr-pdfs/2023/20022260.pdf
house:20022260:7,PYPL|2022-12-28|sell_stock|5000.0|-1.0,sell_stock,2022-12-28,2023-01-12,15,spouse,sale,PYPL,PYPL,ST,250001.0,500000.0,375000.5,,,,5000.0,"PayPal Holdings, Inc. (PYPL)","Sold 5,000 shares. Sold 5,000 shares at an average price of $67.77 for a total loss of $429,938.",20022260,1,https://disclosures-clerk.house.gov/public_disc/ptr-pdfs/2023/20022260.pdf
house:20022260:9,RBLX|2022-12-28|sell_stock|5000.0|-1.0,sell_stock,2022-12-28,2023-01-12,15,spouse,sale,RBLX,RBLX,ST,100001.0,250000.0,175000.5,,,,5000.0,Roblox Corporation Class A (RBLX),"Sold 5,000 shares. Sold 5,000 shares at an average price of $26.05 for a total loss of $235,836.",20022260,1,https://disclosures-clerk.house.gov/public_disc/ptr-pdfs/2023/20022260.pdf
house:20022260:4,NFLX|2022-12-29|sell_stock|1000.0|-1.0,sell_stock,2022-12-29,2023-01-12,14,spouse,sale,NFLX,NFLX,ST,250001.0,500000.0,375000.5,,,,1000.0,"Netflix, Inc. (NFLX)","Sold 1,000 shares. Sold 1,000 shares at an average price of $290.04 for a total loss of $66,385.",20022260,1,https://disclosures-clerk.house.gov/public_disc/ptr-pdfs/2023/20022260.pdf
house:20022260:5,NFLX|2022-12-30|sell_stock|1000.0|-1.0,sell_stock,2022-12-30,2023-01-12,13,spouse,sale,NFLX,NFLX,ST,250001.0,500000.0,375000.5,,,,1000.0,"Netflix, Inc. (NFLX)","Sold 1,000 shares. Sold 1,000 shares at an average price of $292.89 for a total loss of $63,535.",20022260,1,https://disclosures-clerk.house.gov/public_disc/ptr-pdfs/2023/20022260.pdf
house:20022320:0,RBLX|2023-01-20|sell_call|100.0|100.0,sell_call,2023-01-20,2023-01-25,5,spouse,sale,RBLX,RBLX,OP,1.0,1.0,,100.0,100.0,2023-01-20,,Roblox Corporation Class A (RBLX),"100 call options purchased 12/20/21 with a strike price of $100 and an expiration date of 1/20/23 expired with no value. 100 call options purchased 12/20/21 with a strike price of $100 and an expiration date of 1/20/23 expired with no value for a total loss of $303,001.",20022320,1,https://disclosures-clerk.house.gov/public_disc/ptr-pdfs/2023/20022320.pdf
house:20022664:1,"REOF XXV, LLC|2023-03-09|private|-1.0|-1.0",private,2023-03-09,2023-04-06,28,spouse,purchase,,,AB,500001.0,1000000.0,750000.5,,,,,"REOF XXV, LLC","Investment in LLC which is acquiring and restoring a luxury hotel property in San Francisco, CA.",20022664,1,https://disclosures-clerk.house.gov/public_disc/ptr-pdfs/2023/20022664.pdf
house:20022664:0,AAPL|2023-03-17|exercise|10000.0|80.0,exercise,2023-03-17,2023-04-06,20,spouse,purchase,AAPL,AAPL,ST,500001.0,1000000.0,750000.5,100.0,80.0,2023-03-17,10000.0,Apple Inc. (AAPL),"Exercised 100 call options purchased 5/13/22 (10,000 shares) at a strike price of $80 with an expiration date of 3/17/23.",20022664,1,https://disclosures-clerk.house.gov/public_disc/ptr-pdfs/2023/20022664.pdf
house:20023080:0,AAPL|2023-05-08|gift|2900.0|-1.0,gift,2023-05-08,2023-06-06,29,spouse,sale,AAPL,AAPL,ST,500001.0,1000000.0,750000.5,,,,2900.0,Apple Inc. (AAPL),"Contribution of 2,900 shares held personally to Trinity College.",20023080,1,https://disclosures-clerk.house.gov/public_disc/ptr-pdfs/2023/20023080.pdf
house:20023192:0,AAPL|2023-06-15|exercise|5000.0|80.0,exercise,2023-06-15,2023-06-22,7,spouse,purchase,AAPL,AAPL,ST,250001.0,500000.0,375000.5,50.0,80.0,2023-06-16,5000.0,Apple Inc. (AAPL) [ST],"Exercised 50 call options purchased 5/24/22 (5,000 shares) at a strike price of $80 with an expiration date of 6/16/23.",20023192,1,https://disclosures-clerk.house.gov/public_disc/ptr-pdfs/2023/20023192.pdf
house:20023192:1,MSFT|2023-06-15|exercise|5000.0|180.0,exercise,2023-06-15,2023-06-22,7,spouse,purchase,MSFT,MSFT,ST,500001.0,1000000.0,750000.5,50.0,180.0,2023-06-16,5000.0,Microsoft Corporation (MSFT) [ST],"Exercised 50 call options purchased 5/24/22 (5,000 shares) at a strike price of $180 with an expiration date of 6/16/23.",20023192,1,https://disclosures-clerk.house.gov/public_disc/ptr-pdfs/2023/20023192.pdf
house:20024186:0,NVDA|2023-11-22|buy_call|50.0|120.0,buy_call,2023-11-22,2023-12-21,29,spouse,purchase,NVDA,NVDA,OP,1000001.0,5000000.0,3000000.5,50.0,120.0,2024-12-20,,NVIDIA Corporation (NVDA),Purchased 50 call options with a strike price of $120 and an expiration date of 12/20/24.,20024186,1,https://disclosures-clerk.house.gov/public_disc/ptr-pdfs/2023/20024186.pdf
house:20024542:0,PANW|2024-02-12|buy_call|50.0|200.0,buy_call,2024-02-12,2024-02-23,11,spouse,purchase,PANW,PANW,OP,500001.0,1000000.0,750000.5,50.0,200.0,2025-01-17,,"Palo Alto Networks, Inc. (PANW)",Purchased 50 call options with a strike price of $200 and an expiration date of 1/17/25.,20024542,1,https://disclosures-clerk.house.gov/public_disc/ptr-pdfs/2024/20024542.pdf
house:20024542:1,PANW|2024-02-21|buy_call|20.0|200.0,buy_call,2024-02-21,2024-02-23,2,spouse,purchase,PANW,PANW,OP,100001.0,250000.0,175000.5,20.0,200.0,2025-01-17,,"Palo Alto Networks, Inc. (PANW)",Purchased 20 call options with a strike price of $200 and an expiration date of 1/17/25.,20024542,1,https://disclosures-clerk.house.gov/public_disc/ptr-pdfs/2024/20024542.pdf
house:20024625:0,"Forge Investments, LLC|2024-03-04|private|-1.0|-1.0",private,2024-03-04,2024-03-21,17,spouse,purchase,,,AB,1000001.0,5000000.0,3000000.5,,,,,"Forge Investments, LLC",Investment in fund that owns Databricks stock. Databricks is a San Francisco engineering and analytic software company based on AI technology.,20024625,1,https://disclosures-clerk.house.gov/public_disc/ptr-pdfs/2024/20024625.pdf
house:20025368:0,AVGO|2024-06-24|buy_call|20.0|800.0,buy_call,2024-06-24,2024-07-02,8,spouse,purchase,AVGO,AVGO,OP,1000001.0,5000000.0,3000000.5,20.0,800.0,2025-06-20,,Broadcom Inc. - Common Stock (AVGO),Purchased 20 call options with a strike price of $800 and an expiration date of 6/20/25.,20025368,1,https://disclosures-clerk.house.gov/public_disc/ptr-pdfs/2024/20025368.pdf
house:20025368:2,TSLA|2024-06-24|sell_stock|2500.0|-1.0,sell_stock,2024-06-24,2024-07-02,8,spouse,sale,TSLA,TSLA,ST,250001.0,500000.0,375000.5,,,,2500.0,"Tesla, Inc. - Common Stock (TSLA)","Sold 2,500 shares.",20025368,1,https://disclosures-clerk.house.gov/public_disc/ptr-pdfs/2024/20025368.pdf
house:20025368:1,NVDA|2024-06-26|buy_stock|10000.0|-1.0,buy_stock,2024-06-26,2024-07-02,6,spouse,purchase,NVDA,NVDA,ST,1000001.0,5000000.0,3000000.5,,,,10000.0,NVIDIA Corporation - Common Stock (NVDA),"Purchased 10,000 shares.",20025368,1,https://disclosures-clerk.house.gov/public_disc/ptr-pdfs/2024/20025368.pdf
house:20025368:3,V|2024-07-01|sell_stock|2000.0|-1.0,sell_stock,2024-07-01,2024-07-02,1,spouse,sale,V,V,ST,500001.0,1000000.0,750000.5,,,,2000.0,Visa Inc. (V),"Sold 2,000 shares.",20025368,1,https://disclosures-clerk.house.gov/public_disc/ptr-pdfs/2024/20025368.pdf
house:20025535:0,MSFT|2024-07-26|sell_stock|5000.0|-1.0,sell_stock,2024-07-26,2024-07-30,4,spouse,sale,MSFT,MSFT,ST,1000001.0,5000000.0,3000000.5,,,,5000.0,Microsoft Corporation - Common Stock (MSFT),"Sold 5,000 shares.",20025535,1,https://disclosures-clerk.house.gov/public_disc/ptr-pdfs/2024/20025535.pdf
house:20025535:1,NVDA|2024-07-26|buy_stock|10000.0|-1.0,buy_stock,2024-07-26,2024-07-30,4,spouse,purchase,NVDA,NVDA,ST,1000001.0,5000000.0,3000000.5,,,,10000.0,NVIDIA Corporation - Common Stock (NVDA),"Purchased 10,000 shares.",20025535,1,https://disclosures-clerk.house.gov/public_disc/ptr-pdfs/2024/20025535.pdf
house:20025819:0,"REOF XXVI, LLC|2024-08-13|private|-1.0|-1.0",private,2024-08-13,2024-09-11,29,spouse,purchase,,,AB,250001.0,500000.0,375000.5,,,,,"REOF XXVI, LLC","Investment in LLC which is acquiring and managing a commercial office property at 631 Howard Street in San Francisco, CA.",20025819,1,https://disclosures-clerk.house.gov/public_disc/ptr-pdfs/2024/20025819.pdf
house:20026590:4,NVDA|2024-12-20|exercise|50000.0|12.0,exercise,2024-12-20,2025-01-17,28,spouse,purchase,NVDA,NVDA,ST,500001.0,1000000.0,750000.5,500.0,12.0,2024-12-20,50000.0,NVIDIA Corporation - Common Stock (NVDA),"Exercised 500 call options purchased 11/22/23 (50,000 shares) at a strike price of $12 with an expiration date of 12/20/24.",20026590,1,https://disclosures-clerk.house.gov/public_disc/ptr-pdfs/2025/20026590.pdf
house:20026590:6,PANW|2024-12-20|exercise|14000.0|100.0,exercise,2024-12-20,2025-01-17,28,spouse,purchase,PANW,PANW,ST,1000001.0,5000000.0,3000000.5,140.0,100.0,2024-12-20,14000.0,"Palo Alto Networks, Inc. (PANW)","Exercised 140 call options purchased 2/12/24 & 2/21/24 (14,000 shares) at a strike price of $100 with an expiration date of 12/20/24.",20026590,1,https://disclosures-clerk.house.gov/public_disc/ptr-pdfs/2025/20026590.pdf
house:20026590:2,AAPL|2024-12-31|sell_stock|31600.0|-1.0,sell_stock,2024-12-31,2025-01-17,17,spouse,sale,AAPL,AAPL,ST,5000001.0,25000000.0,15000000.5,,,,31600.0,Apple Inc. - Common Stock (AAPL),"Sold 31,600 shares.",20026590,1,https://disclosures-clerk.house.gov/public_disc/ptr-pdfs/2025/20026590.pdf
house:20026590:3,NVDA|2024-12-31|sell_stock|10000.0|-1.0,sell_stock,2024-12-31,2025-01-17,17,spouse,sale,NVDA,NVDA,ST,1000001.0,5000000.0,3000000.5,,,,10000.0,NVIDIA Corporation - Common Stock (NVDA),"Sold 10,000 shares.",20026590,1,https://disclosures-clerk.house.gov/public_disc/ptr-pdfs/2025/20026590.pdf
house:20026590:1,AMZN|2025-01-14|buy_call|50.0|150.0,buy_call,2025-01-14,2025-01-17,3,spouse,purchase,AMZN,AMZN,OP,250001.0,500000.0,375000.5,50.0,150.0,2026-01-16,,"Amazon.com, Inc. - Common Stock (AMZN)",Purchased 50 call options with a strike price of $150 and an expiration date of 1/16/26.,20026590,1,https://disclosures-clerk.house.gov/public_disc/ptr-pdfs/2025/20026590.pdf
house:20026590:0,GOOGL|2025-01-14|buy_call|50.0|150.0,buy_call,2025-01-14,2025-01-17,3,spouse,purchase,GOOGL,GOOGL,OP,250001.0,500000.0,375000.5,50.0,150.0,2026-01-16,,Alphabet Inc. - Class A Common Stock (GOOGL),Purchased 50 call options with a strike price of $150 and an expiration date of 1/16/26.,20026590,1,https://disclosures-clerk.house.gov/public_disc/ptr-pdfs/2025/20026590.pdf
house:20026590:5,NVDA|2025-01-14|buy_call|50.0|80.0,buy_call,2025-01-14,2025-01-17,3,spouse,purchase,NVDA,NVDA,OP,250001.0,500000.0,375000.5,50.0,80.0,2026-01-16,,NVIDIA Corporation - Common Stock (NVDA),Purchased 50 call options with a strike price of $80 and an expiration date of 1/16/26.,20026590,1,https://disclosures-clerk.house.gov/public_disc/ptr-pdfs/2025/20026590.pdf
house:20026590:7,TEM|2025-01-14|buy_call|50.0|20.0,buy_call,2025-01-14,2025-01-17,3,spouse,purchase,TEM,TEM,OP,50001.0,100000.0,75000.5,50.0,20.0,2026-01-16,,"Tempus AI, Inc. - Class A Common Stock (TEM)",Purchased 50 call options with a strike price of $20 and an expiration date of 1/16/26.,20026590,1,https://disclosures-clerk.house.gov/public_disc/ptr-pdfs/2025/20026590.pdf
house:20026590:8,VST|2025-01-14|buy_call|50.0|50.0,buy_call,2025-01-14,2025-01-17,3,spouse,purchase,VST,VST,OP,500001.0,1000000.0,750000.5,50.0,50.0,2026-01-16,,Vistra Corp. Common Stock (VST),Purchased 50 call options with a strike price of $50 and an expiration date of 1/16/26.,20026590,1,https://disclosures-clerk.house.gov/public_disc/ptr-pdfs/2025/20026590.pdf
house:20030630:0,AVGO|2025-06-20|exercise|20000.0|80.0,exercise,2025-06-20,2025-07-09,19,spouse,purchase,AVGO,AVGO,ST,1000001.0,5000000.0,3000000.5,200.0,80.0,2025-06-20,20000.0,Broadcom Inc. - Common Stock (AVGO),"Exercised 200 call options purchased 6/24/24 (20,000 shares) at a strike price of $80 with an expiration date of 6/20/25.",20030630,1,https://disclosures-clerk.house.gov/public_disc/ptr-pdfs/2025/20030630.pdf
house:20030630:1,Matthews International Mutual Fund|2025-06-20|private|2822.0|-1.0,private,2025-06-20,2025-07-09,19,spouse,sale,,,OT,15001.0,50000.0,32500.5,,,,2822.0,Matthews International Mutual Fund,"Sale of 2,822 units. Loss of $28,948 on sale.",20030630,1,https://disclosures-clerk.house.gov/public_disc/ptr-pdfs/2025/20030630.pdf
house:20033337:0,AAPL|2025-10-22|gift|382.0|-1.0,gift,2025-10-22,2025-10-24,2,spouse,sale,AAPL,AAPL,ST,100001.0,250000.0,175000.5,,,,382.0,Apple Inc. - Common Stock (AAPL),"Contribution of 382 shares held personally to Trinity University in Washington, DC.",20033337,1,https://disclosures-clerk.house.gov/public_disc/ptr-pdfs/2025/20033337.pdf
house:20033725:7,AAPL|2025-12-24|sell_stock|45000.0|-1.0,sell_stock,2025-12-24,2026-01-23,30,spouse,sale,AAPL,AAPL,ST,5000001.0,25000000.0,15000000.5,,,,45000.0,Apple Inc. - Common Stock (AAPL) [ST],"Sold 45,000 shares.",20033725,1,https://disclosures-clerk.house.gov/public_disc/ptr-pdfs/2026/20033725.pdf
house:20033725:5,AMZN|2025-12-24|sell_stock|20000.0|-1.0,sell_stock,2025-12-24,2026-01-23,30,spouse,sale,AMZN,AMZN,ST,1000001.0,5000000.0,3000000.5,,,,20000.0,"Amazon.com, Inc. - Common Stock (AMZN) [ST]","Sold 20,000 shares.",20033725,1,https://disclosures-clerk.house.gov/public_disc/ptr-pdfs/2026/20033725.pdf
house:20033725:11,NVDA|2025-12-24|sell_stock|20000.0|-1.0,sell_stock,2025-12-24,2026-01-23,30,spouse,sale,NVDA,NVDA,ST,1000001.0,5000000.0,3000000.5,,,,20000.0,NVIDIA Corporation - Common Stock (NVDA) [ST],"Sold 20,000 shares.",20033725,1,https://disclosures-clerk.house.gov/public_disc/ptr-pdfs/2026/20033725.pdf
house:20033725:8,AAPL|2025-12-30|buy_call|20.0|100.0,buy_call,2025-12-30,2026-01-23,24,spouse,purchase,AAPL,AAPL,OP,250001.0,500000.0,375000.5,20.0,100.0,2027-01-15,,Apple Inc. - Common Stock (AAPL) [OP],Purchased 20 call options with a strike price of $100 and an expiration date of 1/15/27.,20033725,1,https://disclosures-clerk.house.gov/public_disc/ptr-pdfs/2026/20033725.pdf
house:20033725:9,AAPL|2025-12-30|gift|28200.0|-1.0,gift,2025-12-30,2026-01-23,24,spouse,sale,AAPL,AAPL,ST,5000001.0,25000000.0,15000000.5,,,,28200.0,Apple Inc. - Common Stock (AAPL) [ST],"Contribution of 28,200 shares to Donor-Advised Fund.",20033725,1,https://disclosures-clerk.house.gov/public_disc/ptr-pdfs/2026/20033725.pdf
house:20033725:4,AMZN|2025-12-30|buy_call|20.0|120.0,buy_call,2025-12-30,2026-01-23,24,spouse,purchase,AMZN,AMZN,OP,100001.0,250000.0,175000.5,20.0,120.0,2027-01-15,,"Amazon.com, Inc. - Common Stock (AMZN) [OP]",Purchased 20 call options with a strike price of $120 and an expiration date of 1/15/27.,20033725,1,https://disclosures-clerk.house.gov/public_disc/ptr-pdfs/2026/20033725.pdf
house:20033725:17,DIS|2025-12-30|sell_stock|10000.0|-1.0,sell_stock,2025-12-30,2026-01-23,24,spouse,sale,DIS,DIS,ST,1000001.0,5000000.0,3000000.5,,,,10000.0,Walt Disney Company (DIS) [ST],"Sold 10,000 shares.",20033725,1,https://disclosures-clerk.house.gov/public_disc/ptr-pdfs/2026/20033725.pdf
house:20033725:3,GOOGL|2025-12-30|gift|7704.0|-1.0,gift,2025-12-30,2026-01-23,24,spouse,sale,GOOGL,GOOGL,ST,1000001.0,5000000.0,3000000.5,,,,7704.0,Alphabet Inc. - Class A Common Stock (GOOGL) [ST],"Contribution of 7,704 shares held personally to Donor-Advised Fund.",20033725,1,https://disclosures-clerk.house.gov/public_disc/ptr-pdfs/2026/20033725.pdf
house:20033725:2,GOOGL|2025-12-30|buy_call|20.0|150.0,buy_call,2025-12-30,2026-01-23,24,spouse,purchase,GOOGL,GOOGL,OP,250001.0,500000.0,375000.5,20.0,150.0,2027-01-15,,Alphabet Inc. - Class A Common Stock (GOOGL) [OP],Purchased 20 call options with a strike price of $150 and an expiration date of 1/15/27.,20033725,1,https://disclosures-clerk.house.gov/public_disc/ptr-pdfs/2026/20033725.pdf
house:20033725:10,NVDA|2025-12-30|buy_call|20.0|100.0,buy_call,2025-12-30,2026-01-23,24,spouse,purchase,NVDA,NVDA,OP,100001.0,250000.0,175000.5,20.0,100.0,2027-01-15,,NVIDIA Corporation - Common Stock (NVDA) [OP],Purchased 20 call options with a strike price of $100 and an expiration date of 1/15/27.,20033725,1,https://disclosures-clerk.house.gov/public_disc/ptr-pdfs/2026/20033725.pdf
house:20033725:13,PYPL|2025-12-30|sell_stock|5000.0|-1.0,sell_stock,2025-12-30,2026-01-23,24,spouse,sale,PYPL,PYPL,ST,250001.0,500000.0,375000.5,,,,5000.0,"PayPal Holdings, Inc. - Common Stock (PYPL) [ST]","Sold 5,000 shares.",20033725,1,https://disclosures-clerk.house.gov/public_disc/ptr-pdfs/2026/20033725.pdf
house:20033725:15,VSNT|2026-01-02|corp|776.0|-1.0,corp,2026-01-02,2026-01-23,21,spouse,exchange,VSNT,VSNT,ST,15.0,15.0,,,,,776.0,"Versant Media Group, Inc. - Class A Common Stock (VSNT) [ST]",776 shares and cash in lieu received as a result of spinoff from Comcast Corporation. No shares of Comcast were surrendered as a result of the spinoff.,20033725,1,https://disclosures-clerk.house.gov/public_disc/ptr-pdfs/2026/20033725.pdf
house:20033725:0,AB|2026-01-16|buy_stock|25000.0|-1.0,buy_stock,2026-01-16,2026-01-23,7,spouse,purchase,AB,AB,AB,1000001.0,5000000.0,3000000.5,,,,25000.0,AllianceBernstein Holding L.P. Units (AB) [AB],"Purchased 25,000 shares.",20033725,1,https://disclosures-clerk.house.gov/public_disc/ptr-pdfs/2026/20033725.pdf
house:20033725:6,AMZN|2026-01-16|exercise|5000.0|150.0,exercise,2026-01-16,2026-01-23,7,spouse,purchase,AMZN,AMZN,ST,500001.0,1000000.0,750000.5,50.0,150.0,2026-01-16,5000.0,"Amazon.com, Inc. - Common Stock (AMZN) [ST]","Exercised 50 call options purchased 1/14/25 (5,000 shares) at a strike price of $150 with an expiration date of 1/16/26.",20033725,1,https://disclosures-clerk.house.gov/public_disc/ptr-pdfs/2026/20033725.pdf
house:20033725:1,GOOGL|2026-01-16|exercise|5000.0|150.0,exercise,2026-01-16,2026-01-23,7,spouse,purchase,GOOGL,GOOGL,ST,500001.0,1000000.0,750000.5,50.0,150.0,2026-01-16,5000.0,Alphabet Inc. - Class A Common Stock (GOOGL) [ST],"Exercised 50 call options purchased 1/14/25 (5,000 shares) at a strike price of $150 with an expiration date of 1/16/26.",20033725,1,https://disclosures-clerk.house.gov/public_disc/ptr-pdfs/2026/20033725.pdf
house:20033725:12,NVDA|2026-01-16|exercise|5000.0|80.0,exercise,2026-01-16,2026-01-23,7,spouse,purchase,NVDA,NVDA,ST,250001.0,500000.0,375000.5,50.0,80.0,2026-01-16,5000.0,NVIDIA Corporation - Common Stock (NVDA) [ST],"Exercised 50 call options purchased 1/14/25 (5,000 shares) at a strike price of $80 with an expiration date of 1/16/26.",20033725,1,https://disclosures-clerk.house.gov/public_disc/ptr-pdfs/2026/20033725.pdf
house:20033725:14,TEM|2026-01-16|exercise|5000.0|20.0,exercise,2026-01-16,2026-01-23,7,spouse,purchase,TEM,TEM,ST,50001.0,100000.0,75000.5,50.0,20.0,2026-01-16,5000.0,"Tempus AI, Inc. - Class A Common Stock (TEM) [ST]","Exercised 50 call options purchased 1/14/25 (5,000 shares) at a strike price of $20 with an expiration date of 1/16/26.",20033725,1,https://disclosures-clerk.house.gov/public_disc/ptr-pdfs/2026/20033725.pdf
house:20033725:16,VST|2026-01-16|exercise|5000.0|50.0,exercise,2026-01-16,2026-01-23,7,spouse,purchase,VST,VST,ST,100001.0,250000.0,175000.5,50.0,50.0,2026-01-16,5000.0,Vistra Corp. Common Stock (VST) [ST],"Exercised 50 call options purchased 1/14/25 (5,000 shares) at a strike price of $50 with an expiration date of 1/16/26.",20033725,1,https://disclosures-clerk.house.gov/public_disc/ptr-pdfs/2026/20033725.pdf
house:20034836:0,INTC|2026-05-29|buy_call|200.0|50.0,buy_call,2026-05-29,2026-06-23,25,spouse,purchase,INTC,INTC,OP,1000001.0,5000000.0,3000000.5,200.0,50.0,2027-03-19,,Intel Corporation - Common Stock (INTC),Purchased 200 call options with a strike price of $50 and an expiration date of 3/19/27.,20034836,1,https://disclosures-clerk.house.gov/public_disc/ptr-pdfs/2026/20034836.pdf
house:20034836:1,UBER|2026-05-29|buy_call|200.0|50.0,buy_call,2026-05-29,2026-06-23,25,spouse,purchase,UBER,UBER,OP,500001.0,1000000.0,750000.5,200.0,50.0,2027-03-19,,"Uber Technologies, Inc. Common Stock (UBER)",Purchased 200 call options with a strike price of $50 and an expiration date of 3/19/27.,20034836,1,https://disclosures-clerk.house.gov/public_disc/ptr-pdfs/2026/20034836.pdf
house:20035143:0,BE|2026-07-24|buy_stock|10000.0|-1.0,buy_stock,2026-07-24,2026-08-21,28,spouse,purchase,BE,BE,ST,1000001.0,5000000.0,3000000.5,,,,10000.0,Bloom Energy Corporation Class A Common Stock (BE) [ST],"Purchased 10,000 shares.",20035143,1,https://disclosures-clerk.house.gov/public_disc/ptr-pdfs/2026/20035143.pdf
house:20035143:1,BE|2026-07-24|buy_call|100.0|100.0,buy_call,2026-07-24,2026-08-21,28,spouse,purchase,BE,BE,OP,1000001.0,5000000.0,3000000.5,100.0,100.0,2027-06-17,,Bloom Energy Corporation Class A Common Stock (BE) [OP],Purchased 100 call options with a strike price of $100 and an expiration date of 6/17/27.,20035143,1,https://disclosures-clerk.house.gov/public_disc/ptr-pdfs/2026/20035143.pdf
house:20035143:4,INTC|2026-07-24|buy_call|50.0|50.0,buy_call,2026-07-24,2026-08-21,28,spouse,purchase,INTC,INTC,OP,250001.0,500000.0,375000.5,50.0,50.0,2027-06-17,,Intel Corporation - Common Stock (INTC) [OP],Purchased 50 call options with a strike price of $50 and an expiration date of 6/17/27.,20035143,1,https://disclosures-clerk.house.gov/public_disc/ptr-pdfs/2026/20035143.pdf
house:20035143:5,INTC|2026-07-24|buy_stock|10000.0|-1.0,buy_stock,2026-07-24,2026-08-21,28,spouse,purchase,INTC,INTC,ST,500001.0,1000000.0,750000.5,,,,10000.0,Intel Corporation - Common Stock (INTC) [ST],"Purchased 10,000 shares.",20035143,1,https://disclosures-clerk.house.gov/public_disc/ptr-pdfs/2026/20035143.pdf
house:20035143:6,"REOF XXV, LLC [AB]|2026-07-27|private|-1.0|-1.0",private,2026-07-27,2026-08-21,25,spouse,purchase,,,AB,500001.0,1000000.0,750000.5,,,,,"REOF XXV, LLC [AB]","Additional investment in LLC which is acquiring and restoring a luxury hotel property in San Francisco, CA.",20035143,1,https://disclosures-clerk.house.gov/public_disc/ptr-pdfs/2026/20035143.pdf
house:20035143:2,BE|2026-07-28|buy_stock|5000.0|-1.0,buy_stock,2026-07-28,2026-08-21,24,spouse,purchase,BE,BE,ST,500001.0,1000000.0,750000.5,,,,5000.0,Bloom Energy Corporation Class A Common Stock (BE) [ST],"Purchased 5,000 shares.",20035143,1,https://disclosures-clerk.house.gov/public_disc/ptr-pdfs/2026/20035143.pdf
house:20035143:3,BE|2026-07-28|buy_call|100.0|100.0,buy_call,2026-07-28,2026-08-21,24,spouse,purchase,BE,BE,OP,500001.0,1000000.0,750000.5,100.0,100.0,2027-06-17,,Bloom Energy Corporation Class A Common Stock (BE) [OP],Purchased 100 call options with a strike price of $100 and an expiration date of 6/17/27.,20035143,1,https://disclosures-clerk.house.gov/public_disc/ptr-pdfs/2026/20035143.pdf
