ticker,entry,exit,days,usd,ret,spy
DIS,2014-12-18,2022-10-17,1970,8000.5,0.12763014523871696,1.055415309999911
DIS,2015-01-13,2022-10-17,1954,75000.5,0.0970670252320267,1.0916765042633862
AAPL,2016-02-18,2017-02-15,251,375000.5,0.43750925203746416,0.24923090612100407
AAPL,2016-05-25,2017-02-15,183,175000.5,0.3806190980688393,0.14073706377728268
XYZ,2016-05-25,2026-10-05,2604,8000.5,6.6230003356933596,3.3798992642990315
AAPL,2018-02-27,2020-06-10,575,175000.5,1.0398215768962924,0.21401589622268036
AAPL,2018-02-27,2020-06-10,575,175000.5,1.0398215768962924,0.21401589622268036
DBX,2018-04-17,2026-10-05,2128,375000.5,0.1521957432045029,2.2616041866813235
AMZN,2018-09-07,2020-02-12,359,750000.5,0.10651769244731102,0.20786677869885084
META,2018-09-07,2020-06-10,441,75000.5,0.45197486229669526,0.14864354812422875
AAPL,2018-10-26,2020-06-10,406,750000.5,0.6699916088844295,0.23944227655419947
META,2018-11-09,2020-06-10,396,175000.5,0.6330710371782111,0.18397611339943176
AMZN,2018-11-09,2020-02-12,314,3000000.5,0.2613654559499281,0.2450210654850511
T,2018-11-09,2026-10-05,1983,375000.5,0.7952476175650527,2.144296714973213
CRM,2019-07-12,2023-01-13,884,75000.5,-0.0542130121380755,0.4036976799986567
CRM,2019-07-12,2023-01-13,884,175000.5,-0.0542130121380755,0.4036976799986567
NFLX,2019-08-14,2023-01-13,861,375000.5,0.11270108911005994,0.4865153710942687
AMZN,2019-08-14,2020-02-12,125,750000.5,0.2252121067343158,0.1998761134349789
NFLX,2019-08-14,2023-01-13,861,175000.5,0.11270108911005994,0.4865153710942687
MSFT,2020-04-02,2024-07-31,1088,375000.5,1.79876668367198,1.3303475255539534
MSFT,2020-04-02,2024-07-31,1088,750000.5,1.79876668367198,1.3303475255539534
GOOGL,2020-04-02,2023-01-13,701,750000.5,0.6493736179707414,0.6502511389645762
MSFT,2020-04-02,2024-07-31,1088,175000.5,1.79876668367198,1.3303475255539534
PYPL,2020-07-21,2023-01-13,626,750000.5,-0.5473288702611199,0.2730747081732743
AXP,2020-07-21,2026-10-05,1559,175000.5,2.3986114041711777,1.5951813760774147
PYPL,2020-07-21,2023-01-13,626,375000.5,-0.5473288702611199,0.2730747081732743
CRWD,2020-10-05,2026-10-05,1506,750000.5,6.528161353895204,1.4726186845048401
AAPL,2021-01-22,2022-07-15,372,375000.5,0.08945530371098709,0.02686840913663424
AB,2021-01-22,2023-01-13,498,750000.5,0.2730787420630345,0.07178012020147961
DIS,2021-01-22,2022-10-17,437,750000.5,-0.43668251103390077,-0.01793392928658577
TSLA,2021-01-22,2023-01-13,498,750000.5,-0.5662855231311676,0.07178012020147961
AB,2021-03-10,2023-01-13,466,750000.5,0.1519268251987087,0.05334739153515722
AB,2021-03-10,2023-01-13,466,750000.5,0.1519268251987087,0.05334739153515722
RBLX,2021-04-12,2023-01-13,444,750000.5,-0.5572000122070313,-0.006356543221853195
AAPL,2021-07-06,2022-07-15,259,175000.5,0.06342708728988211,-0.09776198673210412
AMZN,2021-07-06,2026-01-26,1144,750000.5,0.2972625639650417,0.7029599364466865
NVDA,2021-07-06,2022-07-27,267,3000000.5,-0.1399322729783513,-0.06049004310504846
NVDA,2021-08-23,2022-07-27,233,375000.5,-0.18926517978919366,-0.09059169061246075
NVDA,2021-08-23,2022-07-27,233,750000.5,-0.18926517978919366,-0.09059169061246075
DIS,2021-12-30,2022-10-17,200,175000.5,-0.3758096114924586,-0.2207091671096053
GOOG,2021-12-30,2026-10-05,1194,750000.5,1.3772648022786385,0.7337177021234289
CRM,2021-12-30,2023-01-13,261,750000.5,-0.4144440670556715,-0.14951911337245027
CRM,2021-12-30,2023-01-13,261,175000.5,-0.4144440670556715,-0.14951911337245027
RBLX,2021-12-30,2023-01-13,261,375000.5,-0.6696508555880742,-0.14951911337245027
MU,2021-12-30,2022-10-17,200,375000.5,-0.4264713175848458,-0.2207091671096053
AB,2022-03-01,2023-01-13,220,375000.5,-0.04855620033248498,-0.0581774917190474
AAPL,2022-06-06,2022-07-15,27,750000.5,0.027576129157358187,-0.060701335572169834
AAPL,2022-06-06,2022-07-15,27,375000.5,0.027576129157358187,-0.060701335572169834
MSFT,2022-06-06,2024-07-31,540,375000.5,0.5839930841107868,0.38441169696552757
MSFT,2022-06-06,2024-07-31,540,75000.5,0.5839930841107868,0.38441169696552757
NVDA,2023-12-22,2025-01-21,268,3000000.5,1.8849056022812558,0.28952906928387256
PANW,2024-02-26,2026-10-05,654,750000.5,1.6868354013180475,0.5814271844007095
PANW,2024-02-26,2026-10-05,654,175000.5,1.6868354013180475,0.5814271844007095
AVGO,2024-07-03,2026-10-05,565,3000000.5,1.1396943097760728,0.4418860894525318
NVDA,2024-07-03,2025-01-21,137,3000000.5,0.0980025270335696,0.100597638975084
NVDA,2024-07-31,2025-01-21,118,3000000.5,0.2036555395670283,0.10189648910260196
AMZN,2025-01-21,2026-01-26,254,375000.5,0.0334185394248645,0.1622002259028763
GOOGL,2025-01-21,2026-10-05,428,375000.5,0.7596744182081532,0.3100937512416144
NVDA,2025-01-21,2026-01-26,254,375000.5,0.3244408074373102,0.1622002259028763
TEM,2025-01-21,2026-10-05,428,75000.5,0.7537784240591774,0.3100937512416144
VST,2025-01-21,2026-10-05,428,750000.5,-0.21054283877841007,0.3100937512416144
AAPL,2026-01-26,2026-10-05,174,375000.5,0.30690311069619614,0.12725305161926337
AMZN,2026-01-26,2026-10-05,174,175000.5,0.05444172396285896,0.12725305161926337
GOOGL,2026-01-26,2026-10-05,174,375000.5,0.041661108084346976,0.12725305161926337
NVDA,2026-01-26,2026-10-05,174,175000.5,0.2841691116504643,0.12725305161926337
AB,2026-01-26,2026-10-05,174,3000000.5,-0.10511714110603132,0.12725305161926337
INTC,2026-06-24,2026-10-05,71,3000000.5,-0.11743252694135498,0.05934496062383676
UBER,2026-06-24,2026-10-05,71,750000.5,-0.059173936458764564,0.05934496062383676
BE,2026-08-24,2026-10-05,29,3000000.5,0.40500925347337136,0.0173996712697293
BE,2026-08-24,2026-10-05,29,3000000.5,0.40500925347337136,0.0173996712697293
INTC,2026-08-24,2026-10-05,29,375000.5,0.3315379279960389,0.0173996712697293
INTC,2026-08-24,2026-10-05,29,750000.5,0.3315379279960389,0.0173996712697293
BE,2026-08-24,2026-10-05,29,750000.5,0.40500925347337136,0.0173996712697293
BE,2026-08-24,2026-10-05,29,750000.5,0.40500925347337136,0.0173996712697293
