date,"A. Copy, sell when she sells (baseline)","B. Copy, never sell (keep her picks)","C. Copy, hold each buy 1 year","D. Copy, hold each buy 2 years","E. Copy, never sell, equal weight","F. Her own timing (trade date, not copyable)",G. Her own timing with her options (not copyable),"H. Copy with her options (deep calls), sell when she sells",SPY,QQQ,XLK,TECH6,QQQ x1.2 (same risk as copy)
2014,0.0,0.0,0.0,0.0,0.0,4.0,12.8,0.0,-0.1,-0.6,-0.4,0.2,-0.7
2015,11.7,11.7,11.7,11.7,11.7,12.9,54.1,45.1,1.2,9.4,5.5,45.7,11.0
2016,9.7,9.7,14.8,9.7,12.8,12.8,-23.8,-60.5,12.0,7.1,15.0,35.2,8.2
2017,30.9,45.3,36.6,49.9,69.0,18.2,27.9,50.1,21.7,32.7,34.3,53.3,40.0
2018,-14.3,-6.8,-19.3,-14.0,13.2,-3.4,62.9,-3.8,-4.6,-0.1,-1.7,-2.3,-1.1
2019,33.9,37.6,32.6,33.9,47.3,33.2,5.5,7.8,31.2,39.0,49.9,55.3,47.3
2020,52.8,68.1,82.0,77.1,62.5,50.2,119.3,86.0,18.3,48.4,43.6,64.1,58.0
2021,37.8,27.9,55.8,38.4,24.8,46.8,82.0,58.2,28.7,27.4,34.7,48.4,33.2
2022,-42.6,-43.0,-48.6,-43.8,-40.6,-44.2,-85.4,-72.5,-18.2,-32.6,-27.7,-41.9,-38.6
2023,77.7,80.7,43.2,132.1,63.4,63.9,55.0,44.3,26.2,54.9,56.0,106.1,66.7
2024,87.3,67.8,169.1,113.7,45.5,85.1,49.1,76.3,24.9,25.6,21.6,57.6,29.6
2025,31.0,24.8,37.5,36.1,16.7,30.9,15.0,27.4,17.7,20.8,24.6,26.4,23.6
2026,25.0,20.4,8.2,21.2,19.6,38.0,38.9,25.3,14.5,23.5,40.1,17.9,27.7
