date,tickers,side,explanation,catalyst,public_before,leg_link,leg_direction,confidence,counter_evidence
2014-10-24,SUNE,buy,Solar growth story after TerraForm yieldco IPO; First Wind deal announced 24 days later (+29%),later news,after,solar tax-credit debate (ITC),favorable,low,no price history to check
2014-11-05,HTZ,buy,"Activist turnaround: Icahn stake, accounting restatement, CEO search; new CEO named 11-20",activist,before,none,n/a,medium,no price history to check
2014-11-28,DIS,buy,Star Wars: The Force Awakens teaser released the same day,company news,same day,none,n/a,medium,DIS: +22% vs SPY next year; same stock on random days +2% (her timing helped)
2015-07-15,HTZ,buy,"Hertz completed its restatement 07-16, stock +14%",company news,same/next day,none,n/a,medium,no price history to check
2016-01-13,AAPL,buy,Dip buy: AAPL fell below $100 on iPhone slowdown fears,dip,before,none,n/a,medium,AAPL: +3% vs SPY next year; same stock on random days +8% (random days did better)
2016-05-17,"AAPL,SQ",buy,Day after Buffett's Berkshire disclosed a $1B Apple stake,famous investor,before,none,n/a,high,AAPL: +46% vs SPY next year; same stock on random days +11% (her timing helped); XYZ: +96% vs SPY next year; same stock on random days +131% (random days did better)
2018-02-02,AAPL,buy,Day after record Q1 earnings,post-earnings,before,none,n/a,high,AAPL: +9% vs SPY next year; same stock on random days +11% (random days did better)
2018-03-27,DBX,buy,4 days after Dropbox IPO (+36% day one); Bay Area tech,IPO,before,none,n/a,medium,DBX: -38% vs SPY next year; same stock on random days -32% (random days did better)
2018-07-27,"AMZN,FB",buy,Day after FB's record one-day crash and Amazon's earnings beat,dip + post-earnings,before,none,n/a,high,AMZN: -5% vs SPY next year; same stock on random days +16% (random days did better); META: +4% vs SPY next year; same stock on random days -2% (her timing helped)
2018-09-11,AAPL,buy,Day before iPhone XS launch event; strong momentum,event,before,none,n/a,low,AAPL: -5% vs SPY next year; same stock on random days +33% (random days did better)
2018-10-09,"AMZN,FB",buy,Into the Oct-2018 tech selloff,dip,before,none,n/a,medium,AMZN: -12% vs SPY next year; same stock on random days +23% (random days did better); META: +10% vs SPY next year; same stock on random days +5% (her timing helped)
2018-10-24,T,buy,Same day AT&T missed and fell ~8%; 6%+ yield,dip + post-earnings,before,none,n/a,high,T: +16% vs SPY next year; same stock on random days -3% (her timing helped)
2019-06-14,CRM,buy,Days after the $15.7B Tableau deal pulled the stock back,dip after deal,before,none,n/a,medium,CRM: +11% vs SPY next year; same stock on random days +6% (her timing helped)
2019-07-05,NFLX,buy,12 days before earnings; momentum,pre-earnings,n/a,none,n/a,low,NFLX: +21% vs SPY next year; same stock on random days +3% (her timing helped)
2019-07-22,"AMZN,NFLX",buy,NFLX after first US subscriber loss (-10%); AMZN 3 days before earnings,dip + pre-earnings,before,House antitrust probe of Big Tech (hearing 07-16),unfavorable,medium,AMZN: +47% vs SPY next year; same stock on random days +23% (her timing helped); NFLX: +47% vs SPY next year; same stock on random days +9% (her timing helped)
2020-02-20,"MSFT,WORK",buy,Bought at the market top as the COVID crash began 02-24,momentum,n/a,Army IVAS HoloLens contract (awarded 2021-03-31),favorable,low,MSFT: +14% vs SPY next year; same stock on random days +19% (random days did better)
2020-02-27,"GOOGL,MSFT",buy,Bought during the first COVID crash week,dip,before,none,n/a,medium,GOOGL: +24% vs SPY next year; same stock on random days +23% (her timing helped); MSFT: +18% vs SPY next year; same stock on random days +21% (random days did better)
2020-06-12,PYPL,buy,Pandemic e-commerce momentum (+52% in 3 months),momentum,before,none,n/a,medium,PYPL: +35% vs SPY next year; same stock on random days +33% (her timing helped)
2020-06-24,"AXP,PYPL",buy,Same theme; AXP recovery,momentum,before,none,n/a,low,AXP: +37% vs SPY next year; same stock on random days +4% (her timing helped); PYPL: +33% vs SPY next year; same stock on random days +19% (her timing helped)
2020-09-03,CRWD,buy,2 days after CrowdStrike's earnings beat,post-earnings,before,none,n/a,high,CRWD: +82% vs SPY next year; same stock on random days +84% (random days did better)
2020-12-22,"AAPL,DIS,TSLA",buy,TSLA joined S&P 500 on 12-21; DIS after record Investor Day 12-10,index add + company news,before,EV credits in BBB/IRA (TSLA),favorable,medium,AAPL: +5% vs SPY next year; same stock on random days +14% (random days did better); DIS: -40% vs SPY next year; same stock on random days -13% (random days did better); TSLA: +29% vs SPY next year; same stock on random days +140% (random days did better)
2020-12-22,AB,buy,AllianceBernstein units for income; repeated adds,income,n/a,none,n/a,low,AB: +26% vs SPY next year; same stock on random days +31% (random days did better)
2021-03-10,RBLX,buy,Bought on Roblox's direct-listing day,IPO,same day,none,n/a,high,RBLX: -47% vs SPY next year; same stock on random days -44% (random days did better)
2021-05-21,"AAPL,AMZN",buy,AMZN: DoD cancelled JEDI and opened JWCC to Amazon 07-06 (cancellation reported as under review in May),later news,partly public,Pentagon cloud contract (JEDI/JWCC),favorable,medium,AAPL: +15% vs SPY next year; same stock on random days +8% (her timing helped); AMZN: -28% vs SPY next year; same stock on random days -22% (random days did better)
2021-06-03,NVDA,buy,After 4:1 split announcement (05-21) and record Q1 (05-26); USICA chip subsidies passed Senate 06-08,split + post-earnings,before,USICA / CHIPS chip subsidies,favorable,medium,NVDA: +15% vs SPY next year; same stock on random days +30% (random days did better)
2021-06-18,GOOGL,buy (exercise),Exercised GOOGL calls days before House Judiciary passed six Big Tech antitrust bills (06-24),option lifecycle,n/a,Big Tech antitrust bills,unfavorable,medium,GOOGL: -0% vs SPY in the year after the sale (sale avoided a lag)
2021-07-23,NVDA,buy,Right after the split took effect (07-20); momentum,momentum,before,USICA / CHIPS chip subsidies,favorable,medium,NVDA: -4% vs SPY next year; same stock on random days +37% (random days did better)
2021-12-17,"DIS,GOOG",buy,Days after Pelosi defended member trading (12-15); dip buys off highs,dip,before,AICOA Big Tech bill pending (GOOG),unfavorable,low,DIS: -26% vs SPY next year; same stock on random days -30% (her timing helped); GOOG: -22% vs SPY next year; same stock on random days +0% (random days did better)
2021-12-20,"CRM,MU,RBLX",buy,"Dip buys: CRM -20% after Dec guidance, RBLX -27% from Nov peak",dip,before,none,n/a,medium,CRM: -33% vs SPY next year; same stock on random days -9% (random days did better); MU: -23% vs SPY next year; same stock on random days -6% (random days did better); RBLX: -57% vs SPY next year; same stock on random days -34% (random days did better)
2022-05-13,AAPL,buy,Bear-market dip buy (AAPL -19% off high),dip,before,AICOA Big Tech bill pending,unfavorable,medium,AAPL: +14% vs SPY next year; same stock on random days +3% (her timing helped)
2022-05-24,"AAPL,MSFT",buy,Bear-market dip buy (MSFT -24% off high),dip,before,AICOA Big Tech bill pending,unfavorable,medium,AAPL: +17% vs SPY next year; same stock on random days +2% (her timing helped); MSFT: +20% vs SPY next year; same stock on random days +14% (her timing helped)
2022-06-17,NVDA,buy (exercise),Exercised 200 calls ~1 month before CHIPS Act votes (07-27/28),option lifecycle,n/a,CHIPS and Science Act,favorable,medium,NVDA: +150% vs SPY in the year after the sale (stock kept beating SPY after she sold)
2022-07-26,NVDA,sell,"Sold 25,000 NVDA at a $341k loss the day before the CHIPS vote, after public pressure; filed next day",public pressure,before,CHIPS and Science Act,against-trade,high,NVDA: +160% vs SPY in the year after the sale (stock kept beating SPY after she sold)
2022-12-20,"DIS,GOOGL,PYPL,TSLA",sell,Year-end tax-loss selling; Pelosi had left leadership 11-17,tax,n/a,DOJ Google ad-tech suit (filed 2023-01-24; reported as coming since Aug 2022),favorable,medium,DIS: -20% vs SPY in the year after the sale (sale avoided a lag); GOOGL: +32% vs SPY in the year after the sale (stock kept beating SPY after she sold); PYPL: -36% vs SPY in the year after the sale (sale avoided a lag); TSLA: +59% vs SPY in the year after the sale (stock kept beating SPY after she sold)
2022-12-28,"AB,GOOGL,NFLX,PYPL,RBLX",sell,Year-end tax-loss selling,tax,n/a,DOJ Google ad-tech suit (see above),favorable,medium,AB: -27% vs SPY in the year after the sale (sale avoided a lag); GOOGL: +34% vs SPY in the year after the sale (stock kept beating SPY after she sold); NFLX: +48% vs SPY in the year after the sale (stock kept beating SPY after she sold); PYPL: -37% vs SPY in the year after the sale (sale avoided a lag); RBLX: +47% vs SPY in the year after the sale (stock kept beating SPY after she sold)
2023-11-22,NVDA,buy,Day after NVDA Q3 FY24 earnings,post-earnings,before,none,n/a,high,NVDA: +159% vs SPY next year; same stock on random days +100% (her timing helped)
2024-02-12,PANW,buy,8 days before earnings; strong momentum,momentum,before,none,n/a,medium,PANW: -15% vs SPY next year; same stock on random days +8% (random days did better)
2024-02-21,PANW,buy,Day after PANW fell 28% on cut guidance,dip + post-earnings,before,none,n/a,high,PANW: +24% vs SPY next year; same stock on random days +3% (her timing helped)
2024-06-24,AVGO,buy,After earnings and the 10-for-1 split announcement (06-12),split + post-earnings,before,none,n/a,high,AVGO: +57% vs SPY next year; same stock on random days +66% (random days did better)
2024-06-26,NVDA,buy,After NVDA's 10-for-1 split (06-10); AI momentum,momentum,before,none,n/a,medium,NVDA: +10% vs SPY next year; same stock on random days +81% (random days did better)
2024-07-01,V,sell,Long-run trimming of the Visa IPO stake; DOJ debit suit came 09-24 (probe public since 2021),rebalancing,n/a,DOJ Visa debit probe,favorable,medium,V: +21% vs SPY in the year after the sale (stock kept beating SPY after she sold)
2024-07-26,NVDA,buy,Dip buy: NVDA -17% off high,dip,before,none,n/a,medium,NVDA: +41% vs SPY next year; same stock on random days +66% (random days did better)
2024-07-26,MSFT,sell,"Sold 4 days before earnings, a week after the CrowdStrike/Microsoft outage",rebalancing,n/a,none,n/a,low,MSFT: +4% vs SPY in the year after the sale (stock kept beating SPY after she sold)
2024-12-31,"AAPL,NVDA",sell,Year-end gains realization; AAPL near all-time high,tax,n/a,none,n/a,medium,AAPL: -12% vs SPY in the year after the sale (sale avoided a lag); NVDA: +21% vs SPY in the year after the sale (stock kept beating SPY after she sold)
2025-01-14,"AMZN,GOOGL,NVDA,TEM,VST",buy,AI and data-center-power theme a week before inauguration; VST +33% in a month,theme momentum,before,none found,n/a,medium,AMZN: -11% vs SPY next year; same stock on random days -1% (random days did better); GOOGL: +56% vs SPY next year; same stock on random days +30% (her timing helped); NVDA: +22% vs SPY next year; same stock on random days +33% (random days did better); TEM: +96% vs SPY next year; same stock on random days -6% (her timing helped); VST: -14% vs SPY next year; same stock on random days +59% (random days did better)
2025-12-24,"AAPL,AMZN,NVDA",sell,Year-end; Pelosi announced retirement Nov 2025; paired with charity gifts,tax / estate,n/a,none,n/a,medium,no price history to check
2025-12-30,"AAPL,AMZN,GOOGL,NVDA",buy,"Rolled into 1-year deep-ITM calls after selling stock (keeps exposure, frees cash)",roll,n/a,none,n/a,medium,no price history to check
2025-12-30,"DIS,PYPL",sell,Year-end; PYPL later fell on Feb-2026 guidance and CEO change (not public in Dec),tax,n/a,none,n/a,medium,no price history to check
2026-05-29,INTC,buy,Momentum: Intel +170% to records on reported Apple foundry deal (05-07); US government stake (Aug 2025),momentum,before,US government 10% Intel stake / CHIPS grants,favorable,medium,no price history to check
2026-05-29,UBER,buy,"Contrarian: near lows on robotaxi fears (Waymo, Tesla)",dip,before,none,n/a,medium,no price history to check
2026-07-24,INTC,buy,"Day after Intel's Q2 blowout (rev +25%, AI +59%)",post-earnings,before,US government Intel stake,favorable,high,no price history to check
2026-07-24,BE,buy,Dip buy after Bloom Energy's July crash; AI data-center power theme; earnings 07-28,dip + theme,before,none,n/a,medium,no price history to check
