tdate,ticker,kind,usd,mom1m,mom3m,mom12m,off_52w_high,smh3m,days_to_earn,days_since_earn,spy_above_200d,vix,moneyness,fwd252_vs_spy_public,note
2016-01-13,AAPL,buy_call,375000.5,-0.08043713260570406,-0.07366727827499675,-0.05506329459331405,-0.2587175685659603,-0.0011959206381269016,13.0,78.0,False,25.219999313354492,1.0821111043294271,0.1876450365583826,
2018-03-27,DBX,buy_stock,375000.5,,,,-0.0180624345034035,0.07588245437673591,44.0,,True,22.5,,-0.3830490112685435,
2018-07-27,AMZN,buy_call,750000.5,0.04959311722897297,0.09508045702072954,0.5776337726518517,-0.024865651155284607,0.028511923852850618,90.0,1.0,True,13.029999732971191,1.0689823823816635,-0.12449168439668234,
2018-09-11,AAPL,buy_call,750000.5,0.057837903536283486,0.12729838830031914,0.22547187052647133,-0.019749568306559606,-0.08326673684736052,51.0,42.0,True,13.220000267028809,1.543793145541487,-0.02323939785954421,
2018-10-12,AMZN,buy_call,3000000.5,-0.05427383572887445,-0.010926076591982525,0.6834760579025903,-0.12301979936904717,-0.06227696839490626,13.0,78.0,True,21.309999465942383,1.1178812026977538,-0.09628720353468045,
2018-10-24,T,buy_stock,375000.5,0.004550706621321843,0.07948726101751291,-0.11308256802288141,-0.17775060292173406,-0.11325358978536715,98.0,0.0,False,25.229999542236328,,0.24939386353808812,
2019-07-05,NFLX,buy_call,375000.5,0.009863892057020207,-0.009892619723766982,-0.14905648064155386,-0.09170105527182026,-0.0530171858077092,12.0,80.0,True,13.279999732971191,1.5222000122070312,0.3990840823918582,
2019-07-22,AMZN,buy_call,750000.5,0.02336555211415381,0.020817674597697122,0.010263397978509392,-0.026418112104675262,-0.021502025207964737,3.0,88.0,True,13.529999732971191,1.1680176678825827,0.5828951971270733,
2020-02-20,MSFT,buy_call,375000.5,0.09359877821428575,0.14901394856622452,0.510727361395821,-0.020012297011041236,0.04673483107372034,69.0,22.0,True,15.5600004196167,1.3172857012067523,-0.018991106095904486,
2020-02-20,WORK,buy_stock,,,,,,,,,,,,,no price history
2020-02-21,MSFT,buy_call,750000.5,0.0742762514540527,0.1204657613054394,0.42905812941476107,-0.050992314282393814,0.02813806133170571,68.0,23.0,True,17.079999923706055,1.3737692025991586,-0.018991106095904486,
2020-02-27,GOOGL,buy_call,750000.5,-0.003573263855416342,0.05307428352980825,0.08528320386681765,-0.13766410561511655,0.026699967550465553,61.0,24.0,False,39.15999984741211,1.0957916259765625,0.346976483216231,
2020-06-12,PYPL,buy_stock,750000.5,-7.100178152419367e-05,0.27334221998201946,0.26970063102930397,-0.029078910538994474,0.08858727832032698,47.0,36.0,True,36.09000015258789,,0.3617533314812993,
2020-06-24,PYPL,buy_call,375000.5,0.12163152688863232,0.5176993169166515,0.4012949828401573,-0.027721485926292977,0.06485384711233033,35.0,48.0,True,33.84000015258789,1.68,0.3617533314812993,
2020-09-03,CRWD,buy_stock,750000.5,0.08637464754493163,0.28969044676220523,0.3053192141402732,-0.10049413456788392,0.05184531654102442,90.0,2.0,True,33.599998474121094,,0.39782248599113323,
2020-12-22,AAPL,buy_call,375000.5,0.08598970044365561,0.0901804961737882,0.7088893185693952,-0.015445023935644953,0.15737668156103335,36.0,54.0,True,24.229999542236328,1.318800048828125,0.015870635990784532,
2020-12-22,AB,buy_stock,750000.5,0.015422149519656037,0.12157632228883242,0.05724915579763201,-0.012429802196184725,0.15737668156103335,51.0,61.0,True,24.229999542236328,,0.2755583462935094,
2020-12-22,DIS,buy_call,750000.5,0.17034157900525182,0.23953857846013382,0.013500526752263875,-0.02999092918206081,0.15737668156103335,51.0,40.0,True,24.229999542236328,1.7044999694824219,-0.36404259809819484,
2020-12-22,TSLA,buy_call,750000.5,0.2699334505846931,0.5404240781603007,6.4726623451554595,-0.07864748555689782,0.15737668156103335,36.0,62.0,True,24.229999542236328,1.2806800231933593,-0.044280072281122074,
2021-02-18,AB,buy_stock,750000.5,0.019163169814465864,0.10145873919837278,-0.006311526805844236,-0.040759650283664906,0.1582018592978196,70.0,7.0,True,22.489999771118164,,0.1408500501868586,
2021-02-23,AB,buy_stock,750000.5,0.018763616311157305,0.084319929136911,-0.014034011052548978,-0.05972592763706552,0.1258333637110305,65.0,12.0,True,23.110000610351562,,0.1408500501868586,
2021-03-10,RBLX,buy_stock,750000.5,,,,0.0,-0.035980704172570155,61.0,16.0,True,22.559999465942383,,-0.5269265143292312,
2021-05-21,AMZN,buy_call,750000.5,-0.03849773841854942,-0.06860116760770496,-0.1205932621827972,-0.09298440051314161,-0.10183292231633423,69.0,22.0,True,20.149999618530273,1.067693379720052,-0.2757546309090073,
2021-06-03,NVDA,buy_call,3000000.5,0.17487881201575295,0.25697166099359525,0.5748408040433104,0.0,-0.005613630365063127,76.0,8.0,True,18.040000915527344,1.6969749450683593,-0.16636514019974424,
2021-07-23,NVDA,buy_call,375000.5,-0.014755414216613527,0.2223802994717894,0.5505051629124391,-0.055100757853541626,-0.026579734192849536,26.0,58.0,True,17.200000762939453,1.9558000564575195,-0.15207406876776797,
2021-07-23,NVDA,buy_stock,750000.5,-0.014755414216613527,0.2223802994717894,0.5505051629124391,-0.055100757853541626,-0.026579734192849536,26.0,58.0,True,17.200000762939453,,-0.15207406876776797,
2021-12-17,GOOG,buy_call,750000.5,-0.02777495275084141,-0.03599928782985473,0.3767779237974196,-0.052458706090263374,0.053597279641006024,46.0,52.0,True,21.56999969482422,1.4280299377441406,-0.20845505710229795,
2021-12-20,CRM,buy_call,750000.5,-0.1561001870390376,-0.09463179480888073,-0.1618626177650031,-0.20244537052403322,0.05317449245682293,71.0,20.0,True,22.8700008392334,1.1771905081612724,-0.29689555754076824,
2021-12-20,RBLX,buy_call,375000.5,-0.18949320771919276,0.19869554297795466,,-0.2674435752139821,0.05317449245682293,57.0,42.0,True,22.8700008392334,0.9869000244140625,-0.5330846884214812,
2021-12-21,MU,buy_call,375000.5,0.10109965272297816,0.16634820293141095,-0.005015451592804698,-0.05003903775035168,0.06447384589399618,98.0,1.0,True,21.010000228881836,1.8136000061035156,-0.2791712484452764,
2022-01-27,AB,buy_stock,375000.5,0.03817050718947246,-0.11112035984701207,0.1970730778801415,-0.18356875985523724,0.010460276759321596,15.0,91.0,False,30.489999771118164,,0.002541628001229923,
2022-05-13,AAPL,buy_call,750000.5,-0.0415929094638553,-0.04126650440916624,0.183832613036349,-0.18952890680183776,-0.03925339757581303,76.0,15.0,False,28.8700008392334,1.8388750076293945,0.17065052797170588,
2022-05-24,AAPL,buy_call,375000.5,-0.05620350415295361,-0.0582444921232349,0.15821405392036725,-0.22671659481556306,-0.06815055941744119,65.0,26.0,False,29.450000762939453,1.7545000076293946,0.17065052797170588,
2022-05-24,MSFT,buy_call,375000.5,0.007781776526935236,-0.007920777410094226,0.0856326806673916,-0.24000238668341667,-0.06815055941744119,63.0,28.0,False,29.450000762939453,1.4423333062065973,0.16151210307101427,
2023-11-22,NVDA,buy_call,3000000.5,0.04162992726081849,-0.012158086606621987,2.0111645364117328,-0.03358532695350591,0.04419820068146252,91.0,1.0,True,12.850000381469727,4.059666633605957,1.5866227454491217,
2024-02-12,PANW,buy_call,750000.5,0.09815990821537968,0.3738884631694066,0.9896886367752136,-0.013080373456135663,0.1920026274073574,8.0,89.0,True,13.930000305175781,1.8598500061035157,0.06744324641833055,
2024-06-24,AVGO,buy_call,3000000.5,0.11959216123392391,0.13545913077817096,0.6625167915167933,-0.12663799104706275,0.07894922553361194,73.0,12.0,True,13.329999923706055,1.9902624130249023,0.4508038959480951,
2024-06-26,NVDA,buy_stock,3000000.5,0.15362063567693474,0.3108420108821033,1.8297005543218463,-0.06770908159332611,0.10489852410959255,63.0,35.0,True,12.550000190734863,,0.10875006893406125,
2024-07-26,NVDA,buy_stock,3000000.5,-0.10357620730687478,0.28352662692293307,1.2762549963239562,-0.16610110672414058,0.047648734971166284,33.0,65.0,True,16.389999389648438,,0.3785180154720891,
2025-01-14,AMZN,buy_call,375000.5,-0.015912771587517582,0.14538353176290397,0.16540668193129715,-0.06512685633430071,-0.04747324118125651,23.0,75.0,True,18.709999084472656,1.4517332967122396,-0.1401749049086174,
2025-01-14,GOOGL,buy_call,375000.5,0.008998019064958007,0.15529507345225246,0.10185383176033636,-0.036623198262885404,-0.04747324118125651,21.0,77.0,True,18.709999084472656,1.2644000244140625,0.5196000077260987,
2025-01-14,NVDA,buy_call,375000.5,-0.01582202124410692,-0.030368535960593968,1.1662289665308838,-0.11824927745146918,-0.04747324118125651,43.0,55.0,True,18.709999084472656,1.6469999313354493,0.15695442941029647,
2025-01-14,VST,buy_call,750000.5,0.2081432801385985,0.35524424906234064,3.1930654998032555,0.0,-0.04747324118125651,45.0,67.0,True,18.709999084472656,3.4101998901367185,-0.2859960394496045,
2025-12-30,AAPL,buy_call,375000.5,-0.028959852953302945,0.03918252431188329,-0.09683156553458105,-0.04580869308971147,0.08236731274718445,30.0,61.0,True,14.329999923706055,2.7307998657226564,,
2025-12-30,GOOGL,buy_call,375000.5,-0.027396703985457793,0.2575617100080998,0.45495283911634377,-0.02901525779515446,0.08236731274718445,36.0,62.0,True,14.329999923706055,2.0923333740234376,,
2026-01-16,AB,buy_stock,3000000.5,-0.013820505838282093,-0.014797251936308431,0.039673844317563045,-0.06144859855403062,0.11987876500289518,20.0,85.0,True,15.859999656677246,,,
2026-05-29,INTC,buy_call,3000000.5,0.14724396877659274,1.408592591984664,4.3279708631829426,-0.11402968060752239,0.36808560986458616,55.0,36.0,True,15.319999694824219,2.2936000061035156,,
2026-05-29,UBER,buy_call,750000.5,-0.11775191772049975,-0.17232881794288724,-0.5042334107490588,-0.2967032707390155,0.36808560986458616,68.0,23.0,True,15.319999694824219,1.4080000305175782,,
2026-07-24,BE,buy_stock,3000000.5,-0.4409431959393114,-0.26745572017771935,5.697761934033327,-0.4654040881112218,0.11894651749316609,4.0,87.0,True,18.579999923706055,,,
2026-07-24,BE,buy_call,3000000.5,-0.4409431959393114,-0.26745572017771935,5.697761934033327,-0.4654040881112218,0.11894651749316609,4.0,87.0,True,18.579999923706055,1.8488999938964843,,
2026-07-24,INTC,buy_call,375000.5,-0.3065067222911484,0.336739332210096,2.7521546259861775,-0.3449695040752897,0.11894651749316609,90.0,1.0,True,18.579999923706055,1.8463999938964843,,
2026-07-24,INTC,buy_stock,750000.5,-0.3065067222911484,0.336739332210096,2.7521546259861775,-0.3449695040752897,0.11894651749316609,90.0,1.0,True,18.579999923706055,,,
2026-07-28,BE,buy_stock,750000.5,-0.3542718470407369,-0.32766479890294287,3.682726210891188,-0.5175943519053918,0.0075124035463367544,91.0,0.0,True,18.209999084472656,,,
2026-07-28,BE,buy_call,750000.5,-0.3542718470407369,-0.32766479890294287,3.682726210891188,-0.5175943519053918,0.0075124035463367544,91.0,0.0,True,18.209999084472656,1.6683999633789062,,
